ISO-10303-21;
HEADER;
FILE_DESCRIPTION(('SIGHTLINE deterministic faceted BREP'),'2;1');
FILE_NAME('sightline_g0.step','2000-01-01T00:00:00',('SIGHTLINE'),('SIGHTLINE'),'','SIGHTLINE','');
FILE_SCHEMA(('AUTOMOTIVE_DESIGN_CC2'));
ENDSEC;
DATA;
#1=APPLICATION_CONTEXT('configuration controlled 3d designs of mechanical parts and assemblies');
#2=PRODUCT_CONTEXT('',#1,'mechanical');
#3=PRODUCT('iphone15_g0','iphone15_g0','',(#2));
#4=PRODUCT_DEFINITION_FORMATION_WITH_SPECIFIED_SOURCE('1','G0 faceted BREP',#3,.MADE.);
#5=PRODUCT_DEFINITION_CONTEXT('part definition',#1,'design');
#6=PRODUCT_DEFINITION('design','',#4,#5);
#7=PRODUCT_DEFINITION_SHAPE('','',#6);
#8=(LENGTH_UNIT() NAMED_UNIT(*) SI_UNIT(.MILLI.,.METRE.));
#9=(NAMED_UNIT(*) PLANE_ANGLE_UNIT() SI_UNIT($,.RADIAN.));
#10=(NAMED_UNIT(*) SOLID_ANGLE_UNIT() SI_UNIT($,.STERADIAN.));
#11=UNCERTAINTY_MEASURE_WITH_UNIT(LENGTH_MEASURE(0.01),#8,'distance_accuracy_value','G0 export');
#12=(GEOMETRIC_REPRESENTATION_CONTEXT(3) GLOBAL_UNCERTAINTY_ASSIGNED_CONTEXT((#11)) GLOBAL_UNIT_ASSIGNED_CONTEXT((#8,#9,#10)) REPRESENTATION_CONTEXT('3D','MODEL SPACE'));
#13=CARTESIAN_POINT('',(-70.000000,-43.800000,5.000000));
#14=VERTEX_POINT('',#13);
#15=CARTESIAN_POINT('',(-70.000000,43.800000,5.000000));
#16=VERTEX_POINT('',#15);
#17=CARTESIAN_POINT('',(-70.000000,43.800000,19.000000));
#18=VERTEX_POINT('',#17);
#19=CARTESIAN_POINT('',(-70.000000,-43.800000,19.000000));
#20=VERTEX_POINT('',#19);
#21=CARTESIAN_POINT('',(-26.000000,-43.800000,5.000000));
#22=VERTEX_POINT('',#21);
#23=CARTESIAN_POINT('',(-26.000000,43.800000,5.000000));
#24=VERTEX_POINT('',#23);
#25=CARTESIAN_POINT('',(-26.000000,43.800000,19.000000));
#26=VERTEX_POINT('',#25);
#27=CARTESIAN_POINT('',(-26.000000,-43.800000,19.000000));
#28=VERTEX_POINT('',#27);
#29=CARTESIAN_POINT('',(-70.000000,-43.800000,19.000000));
#30=DIRECTION('',(-1.000000,0.000000,0.000000));
#31=DIRECTION('',(0.000000,1.000000,0.000000));
#32=AXIS2_PLACEMENT_3D('',#29,#30,#31);
#33=PLANE('',#32);
#34=DIRECTION('',(0.000000,1.000000,0.000000));
#35=VECTOR('',#34,87.600000);
#36=LINE('',#19,#35);
#37=EDGE_CURVE('',#20,#18,#36,.T.);
#38=ORIENTED_EDGE('',*,*,#37,.T.);
#39=DIRECTION('',(0.000000,0.000000,-1.000000));
#40=VECTOR('',#39,14.000000);
#41=LINE('',#17,#40);
#42=EDGE_CURVE('',#18,#16,#41,.T.);
#43=ORIENTED_EDGE('',*,*,#42,.T.);
#44=DIRECTION('',(0.000000,-0.987469,0.157815));
#45=VECTOR('',#44,88.711668);
#46=LINE('',#15,#45);
#47=EDGE_CURVE('',#16,#20,#46,.T.);
#48=ORIENTED_EDGE('',*,*,#47,.T.);
#49=EDGE_LOOP('',(#38,#43,#48));
#50=FACE_OUTER_BOUND('',#49,.T.);
#51=ADVANCED_FACE('',(#50),#33,.T.);
#52=CARTESIAN_POINT('',(-70.000000,-43.800000,19.000000));
#53=DIRECTION('',(-1.000000,0.000000,0.000000));
#54=DIRECTION('',(0.000000,1.000000,0.000000));
#55=AXIS2_PLACEMENT_3D('',#52,#53,#54);
#56=PLANE('',#55);
#57=DIRECTION('',(0.000000,0.987469,-0.157815));
#58=VECTOR('',#57,88.711668);
#59=LINE('',#19,#58);
#60=EDGE_CURVE('',#20,#16,#59,.T.);
#61=ORIENTED_EDGE('',*,*,#60,.T.);
#62=DIRECTION('',(0.000000,-1.000000,0.000000));
#63=VECTOR('',#62,87.600000);
#64=LINE('',#15,#63);
#65=EDGE_CURVE('',#16,#14,#64,.T.);
#66=ORIENTED_EDGE('',*,*,#65,.T.);
#67=DIRECTION('',(0.000000,0.000000,1.000000));
#68=VECTOR('',#67,14.000000);
#69=LINE('',#13,#68);
#70=EDGE_CURVE('',#14,#20,#69,.T.);
#71=ORIENTED_EDGE('',*,*,#70,.T.);
#72=EDGE_LOOP('',(#61,#66,#71));
#73=FACE_OUTER_BOUND('',#72,.T.);
#74=ADVANCED_FACE('',(#73),#56,.T.);
#75=CARTESIAN_POINT('',(-26.000000,-43.800000,5.000000));
#76=DIRECTION('',(1.000000,0.000000,0.000000));
#77=DIRECTION('',(0.000000,1.000000,0.000000));
#78=AXIS2_PLACEMENT_3D('',#75,#76,#77);
#79=PLANE('',#78);
#80=DIRECTION('',(0.000000,1.000000,0.000000));
#81=VECTOR('',#80,87.600000);
#82=LINE('',#21,#81);
#83=EDGE_CURVE('',#22,#24,#82,.T.);
#84=ORIENTED_EDGE('',*,*,#83,.T.);
#85=DIRECTION('',(0.000000,0.000000,1.000000));
#86=VECTOR('',#85,14.000000);
#87=LINE('',#23,#86);
#88=EDGE_CURVE('',#24,#26,#87,.T.);
#89=ORIENTED_EDGE('',*,*,#88,.T.);
#90=DIRECTION('',(0.000000,-0.987469,-0.157815));
#91=VECTOR('',#90,88.711668);
#92=LINE('',#25,#91);
#93=EDGE_CURVE('',#26,#22,#92,.T.);
#94=ORIENTED_EDGE('',*,*,#93,.T.);
#95=EDGE_LOOP('',(#84,#89,#94));
#96=FACE_OUTER_BOUND('',#95,.T.);
#97=ADVANCED_FACE('',(#96),#79,.T.);
#98=CARTESIAN_POINT('',(-26.000000,-43.800000,5.000000));
#99=DIRECTION('',(1.000000,0.000000,0.000000));
#100=DIRECTION('',(0.000000,1.000000,0.000000));
#101=AXIS2_PLACEMENT_3D('',#98,#99,#100);
#102=PLANE('',#101);
#103=DIRECTION('',(0.000000,0.987469,0.157815));
#104=VECTOR('',#103,88.711668);
#105=LINE('',#21,#104);
#106=EDGE_CURVE('',#22,#26,#105,.T.);
#107=ORIENTED_EDGE('',*,*,#106,.T.);
#108=DIRECTION('',(0.000000,-1.000000,0.000000));
#109=VECTOR('',#108,87.600000);
#110=LINE('',#25,#109);
#111=EDGE_CURVE('',#26,#28,#110,.T.);
#112=ORIENTED_EDGE('',*,*,#111,.T.);
#113=DIRECTION('',(0.000000,0.000000,-1.000000));
#114=VECTOR('',#113,14.000000);
#115=LINE('',#27,#114);
#116=EDGE_CURVE('',#28,#22,#115,.T.);
#117=ORIENTED_EDGE('',*,*,#116,.T.);
#118=EDGE_LOOP('',(#107,#112,#117));
#119=FACE_OUTER_BOUND('',#118,.T.);
#120=ADVANCED_FACE('',(#119),#102,.T.);
#121=CARTESIAN_POINT('',(-26.000000,-43.800000,5.000000));
#122=DIRECTION('',(0.000000,-1.000000,0.000000));
#123=DIRECTION('',(1.000000,0.000000,0.000000));
#124=AXIS2_PLACEMENT_3D('',#121,#122,#123);
#125=PLANE('',#124);
#126=DIRECTION('',(0.000000,0.000000,1.000000));
#127=VECTOR('',#126,14.000000);
#128=LINE('',#21,#127);
#129=EDGE_CURVE('',#22,#28,#128,.T.);
#130=ORIENTED_EDGE('',*,*,#129,.T.);
#131=DIRECTION('',(-1.000000,0.000000,0.000000));
#132=VECTOR('',#131,44.000000);
#133=LINE('',#27,#132);
#134=EDGE_CURVE('',#28,#20,#133,.T.);
#135=ORIENTED_EDGE('',*,*,#134,.T.);
#136=DIRECTION('',(0.952926,0.000000,-0.303204));
#137=VECTOR('',#136,46.173586);
#138=LINE('',#19,#137);
#139=EDGE_CURVE('',#20,#22,#138,.T.);
#140=ORIENTED_EDGE('',*,*,#139,.T.);
#141=EDGE_LOOP('',(#130,#135,#140));
#142=FACE_OUTER_BOUND('',#141,.T.);
#143=ADVANCED_FACE('',(#142),#125,.T.);
#144=CARTESIAN_POINT('',(-26.000000,-43.800000,5.000000));
#145=DIRECTION('',(0.000000,-1.000000,0.000000));
#146=DIRECTION('',(1.000000,0.000000,0.000000));
#147=AXIS2_PLACEMENT_3D('',#144,#145,#146);
#148=PLANE('',#147);
#149=DIRECTION('',(-0.952926,0.000000,0.303204));
#150=VECTOR('',#149,46.173586);
#151=LINE('',#21,#150);
#152=EDGE_CURVE('',#22,#20,#151,.T.);
#153=ORIENTED_EDGE('',*,*,#152,.T.);
#154=DIRECTION('',(0.000000,0.000000,-1.000000));
#155=VECTOR('',#154,14.000000);
#156=LINE('',#19,#155);
#157=EDGE_CURVE('',#20,#14,#156,.T.);
#158=ORIENTED_EDGE('',*,*,#157,.T.);
#159=DIRECTION('',(1.000000,0.000000,0.000000));
#160=VECTOR('',#159,44.000000);
#161=LINE('',#13,#160);
#162=EDGE_CURVE('',#14,#22,#161,.T.);
#163=ORIENTED_EDGE('',*,*,#162,.T.);
#164=EDGE_LOOP('',(#153,#158,#163));
#165=FACE_OUTER_BOUND('',#164,.T.);
#166=ADVANCED_FACE('',(#165),#148,.T.);
#167=CARTESIAN_POINT('',(-70.000000,43.800000,5.000000));
#168=DIRECTION('',(0.000000,1.000000,0.000000));
#169=DIRECTION('',(1.000000,0.000000,0.000000));
#170=AXIS2_PLACEMENT_3D('',#167,#168,#169);
#171=PLANE('',#170);
#172=DIRECTION('',(0.000000,0.000000,1.000000));
#173=VECTOR('',#172,14.000000);
#174=LINE('',#15,#173);
#175=EDGE_CURVE('',#16,#18,#174,.T.);
#176=ORIENTED_EDGE('',*,*,#175,.T.);
#177=DIRECTION('',(1.000000,0.000000,0.000000));
#178=VECTOR('',#177,44.000000);
#179=LINE('',#17,#178);
#180=EDGE_CURVE('',#18,#26,#179,.T.);
#181=ORIENTED_EDGE('',*,*,#180,.T.);
#182=DIRECTION('',(-0.952926,0.000000,-0.303204));
#183=VECTOR('',#182,46.173586);
#184=LINE('',#25,#183);
#185=EDGE_CURVE('',#26,#16,#184,.T.);
#186=ORIENTED_EDGE('',*,*,#185,.T.);
#187=EDGE_LOOP('',(#176,#181,#186));
#188=FACE_OUTER_BOUND('',#187,.T.);
#189=ADVANCED_FACE('',(#188),#171,.T.);
#190=CARTESIAN_POINT('',(-70.000000,43.800000,5.000000));
#191=DIRECTION('',(0.000000,1.000000,0.000000));
#192=DIRECTION('',(1.000000,0.000000,0.000000));
#193=AXIS2_PLACEMENT_3D('',#190,#191,#192);
#194=PLANE('',#193);
#195=DIRECTION('',(0.952926,0.000000,0.303204));
#196=VECTOR('',#195,46.173586);
#197=LINE('',#15,#196);
#198=EDGE_CURVE('',#16,#26,#197,.T.);
#199=ORIENTED_EDGE('',*,*,#198,.T.);
#200=DIRECTION('',(0.000000,0.000000,-1.000000));
#201=VECTOR('',#200,14.000000);
#202=LINE('',#25,#201);
#203=EDGE_CURVE('',#26,#24,#202,.T.);
#204=ORIENTED_EDGE('',*,*,#203,.T.);
#205=DIRECTION('',(-1.000000,0.000000,0.000000));
#206=VECTOR('',#205,44.000000);
#207=LINE('',#23,#206);
#208=EDGE_CURVE('',#24,#16,#207,.T.);
#209=ORIENTED_EDGE('',*,*,#208,.T.);
#210=EDGE_LOOP('',(#199,#204,#209));
#211=FACE_OUTER_BOUND('',#210,.T.);
#212=ADVANCED_FACE('',(#211),#194,.T.);
#213=CARTESIAN_POINT('',(-70.000000,43.800000,5.000000));
#214=DIRECTION('',(0.000000,0.000000,-1.000000));
#215=DIRECTION('',(1.000000,0.000000,0.000000));
#216=AXIS2_PLACEMENT_3D('',#213,#214,#215);
#217=PLANE('',#216);
#218=DIRECTION('',(1.000000,0.000000,0.000000));
#219=VECTOR('',#218,44.000000);
#220=LINE('',#15,#219);
#221=EDGE_CURVE('',#16,#24,#220,.T.);
#222=ORIENTED_EDGE('',*,*,#221,.T.);
#223=DIRECTION('',(0.000000,-1.000000,0.000000));
#224=VECTOR('',#223,87.600000);
#225=LINE('',#23,#224);
#226=EDGE_CURVE('',#24,#22,#225,.T.);
#227=ORIENTED_EDGE('',*,*,#226,.T.);
#228=DIRECTION('',(-0.448845,0.893610,0.000000));
#229=VECTOR('',#228,98.029383);
#230=LINE('',#21,#229);
#231=EDGE_CURVE('',#22,#16,#230,.T.);
#232=ORIENTED_EDGE('',*,*,#231,.T.);
#233=EDGE_LOOP('',(#222,#227,#232));
#234=FACE_OUTER_BOUND('',#233,.T.);
#235=ADVANCED_FACE('',(#234),#217,.T.);
#236=CARTESIAN_POINT('',(-70.000000,43.800000,5.000000));
#237=DIRECTION('',(0.000000,0.000000,-1.000000));
#238=DIRECTION('',(1.000000,0.000000,0.000000));
#239=AXIS2_PLACEMENT_3D('',#236,#237,#238);
#240=PLANE('',#239);
#241=DIRECTION('',(0.448845,-0.893610,0.000000));
#242=VECTOR('',#241,98.029383);
#243=LINE('',#15,#242);
#244=EDGE_CURVE('',#16,#22,#243,.T.);
#245=ORIENTED_EDGE('',*,*,#244,.T.);
#246=DIRECTION('',(-1.000000,0.000000,0.000000));
#247=VECTOR('',#246,44.000000);
#248=LINE('',#21,#247);
#249=EDGE_CURVE('',#22,#14,#248,.T.);
#250=ORIENTED_EDGE('',*,*,#249,.T.);
#251=DIRECTION('',(0.000000,1.000000,0.000000));
#252=VECTOR('',#251,87.600000);
#253=LINE('',#13,#252);
#254=EDGE_CURVE('',#14,#16,#253,.T.);
#255=ORIENTED_EDGE('',*,*,#254,.T.);
#256=EDGE_LOOP('',(#245,#250,#255));
#257=FACE_OUTER_BOUND('',#256,.T.);
#258=ADVANCED_FACE('',(#257),#240,.T.);
#259=CARTESIAN_POINT('',(-70.000000,-43.800000,19.000000));
#260=DIRECTION('',(0.000000,0.000000,1.000000));
#261=DIRECTION('',(1.000000,0.000000,0.000000));
#262=AXIS2_PLACEMENT_3D('',#259,#260,#261);
#263=PLANE('',#262);
#264=DIRECTION('',(1.000000,0.000000,0.000000));
#265=VECTOR('',#264,44.000000);
#266=LINE('',#19,#265);
#267=EDGE_CURVE('',#20,#28,#266,.T.);
#268=ORIENTED_EDGE('',*,*,#267,.T.);
#269=DIRECTION('',(0.000000,1.000000,0.000000));
#270=VECTOR('',#269,87.600000);
#271=LINE('',#27,#270);
#272=EDGE_CURVE('',#28,#26,#271,.T.);
#273=ORIENTED_EDGE('',*,*,#272,.T.);
#274=DIRECTION('',(-0.448845,-0.893610,0.000000));
#275=VECTOR('',#274,98.029383);
#276=LINE('',#25,#275);
#277=EDGE_CURVE('',#26,#20,#276,.T.);
#278=ORIENTED_EDGE('',*,*,#277,.T.);
#279=EDGE_LOOP('',(#268,#273,#278));
#280=FACE_OUTER_BOUND('',#279,.T.);
#281=ADVANCED_FACE('',(#280),#263,.T.);
#282=CARTESIAN_POINT('',(-70.000000,-43.800000,19.000000));
#283=DIRECTION('',(0.000000,0.000000,1.000000));
#284=DIRECTION('',(1.000000,0.000000,0.000000));
#285=AXIS2_PLACEMENT_3D('',#282,#283,#284);
#286=PLANE('',#285);
#287=DIRECTION('',(0.448845,0.893610,0.000000));
#288=VECTOR('',#287,98.029383);
#289=LINE('',#19,#288);
#290=EDGE_CURVE('',#20,#26,#289,.T.);
#291=ORIENTED_EDGE('',*,*,#290,.T.);
#292=DIRECTION('',(-1.000000,0.000000,0.000000));
#293=VECTOR('',#292,44.000000);
#294=LINE('',#25,#293);
#295=EDGE_CURVE('',#26,#18,#294,.T.);
#296=ORIENTED_EDGE('',*,*,#295,.T.);
#297=DIRECTION('',(0.000000,-1.000000,0.000000));
#298=VECTOR('',#297,87.600000);
#299=LINE('',#17,#298);
#300=EDGE_CURVE('',#18,#20,#299,.T.);
#301=ORIENTED_EDGE('',*,*,#300,.T.);
#302=EDGE_LOOP('',(#291,#296,#301));
#303=FACE_OUTER_BOUND('',#302,.T.);
#304=ADVANCED_FACE('',(#303),#286,.T.);
#305=CLOSED_SHELL('',(#51,#74,#97,#120,#143,#166,#189,#212,#235,#258,#281,#304));
#306=FACETED_BREP('adapter_interface',#305);
#307=CARTESIAN_POINT('',(26.000000,33.000000,8.000000));
#308=VERTEX_POINT('',#307);
#309=CARTESIAN_POINT('',(26.000000,51.000000,8.000000));
#310=VERTEX_POINT('',#309);
#311=CARTESIAN_POINT('',(26.000000,51.000000,15.000000));
#312=VERTEX_POINT('',#311);
#313=CARTESIAN_POINT('',(26.000000,33.000000,15.000000));
#314=VERTEX_POINT('',#313);
#315=CARTESIAN_POINT('',(42.000000,33.000000,8.000000));
#316=VERTEX_POINT('',#315);
#317=CARTESIAN_POINT('',(42.000000,51.000000,8.000000));
#318=VERTEX_POINT('',#317);
#319=CARTESIAN_POINT('',(42.000000,51.000000,15.000000));
#320=VERTEX_POINT('',#319);
#321=CARTESIAN_POINT('',(42.000000,33.000000,15.000000));
#322=VERTEX_POINT('',#321);
#323=CARTESIAN_POINT('',(26.000000,33.000000,15.000000));
#324=DIRECTION('',(-1.000000,0.000000,0.000000));
#325=DIRECTION('',(0.000000,1.000000,0.000000));
#326=AXIS2_PLACEMENT_3D('',#323,#324,#325);
#327=PLANE('',#326);
#328=DIRECTION('',(0.000000,1.000000,0.000000));
#329=VECTOR('',#328,18.000000);
#330=LINE('',#313,#329);
#331=EDGE_CURVE('',#314,#312,#330,.T.);
#332=ORIENTED_EDGE('',*,*,#331,.T.);
#333=DIRECTION('',(0.000000,0.000000,-1.000000));
#334=VECTOR('',#333,7.000000);
#335=LINE('',#311,#334);
#336=EDGE_CURVE('',#312,#310,#335,.T.);
#337=ORIENTED_EDGE('',*,*,#336,.T.);
#338=DIRECTION('',(0.000000,-0.932005,0.362446));
#339=VECTOR('',#338,19.313208);
#340=LINE('',#309,#339);
#341=EDGE_CURVE('',#310,#314,#340,.T.);
#342=ORIENTED_EDGE('',*,*,#341,.T.);
#343=EDGE_LOOP('',(#332,#337,#342));
#344=FACE_OUTER_BOUND('',#343,.T.);
#345=ADVANCED_FACE('',(#344),#327,.T.);
#346=CARTESIAN_POINT('',(26.000000,33.000000,15.000000));
#347=DIRECTION('',(-1.000000,0.000000,0.000000));
#348=DIRECTION('',(0.000000,1.000000,0.000000));
#349=AXIS2_PLACEMENT_3D('',#346,#347,#348);
#350=PLANE('',#349);
#351=DIRECTION('',(0.000000,0.932005,-0.362446));
#352=VECTOR('',#351,19.313208);
#353=LINE('',#313,#352);
#354=EDGE_CURVE('',#314,#310,#353,.T.);
#355=ORIENTED_EDGE('',*,*,#354,.T.);
#356=DIRECTION('',(0.000000,-1.000000,0.000000));
#357=VECTOR('',#356,18.000000);
#358=LINE('',#309,#357);
#359=EDGE_CURVE('',#310,#308,#358,.T.);
#360=ORIENTED_EDGE('',*,*,#359,.T.);
#361=DIRECTION('',(0.000000,0.000000,1.000000));
#362=VECTOR('',#361,7.000000);
#363=LINE('',#307,#362);
#364=EDGE_CURVE('',#308,#314,#363,.T.);
#365=ORIENTED_EDGE('',*,*,#364,.T.);
#366=EDGE_LOOP('',(#355,#360,#365));
#367=FACE_OUTER_BOUND('',#366,.T.);
#368=ADVANCED_FACE('',(#367),#350,.T.);
#369=CARTESIAN_POINT('',(42.000000,33.000000,8.000000));
#370=DIRECTION('',(1.000000,0.000000,0.000000));
#371=DIRECTION('',(0.000000,1.000000,0.000000));
#372=AXIS2_PLACEMENT_3D('',#369,#370,#371);
#373=PLANE('',#372);
#374=DIRECTION('',(0.000000,1.000000,0.000000));
#375=VECTOR('',#374,18.000000);
#376=LINE('',#315,#375);
#377=EDGE_CURVE('',#316,#318,#376,.T.);
#378=ORIENTED_EDGE('',*,*,#377,.T.);
#379=DIRECTION('',(0.000000,0.000000,1.000000));
#380=VECTOR('',#379,7.000000);
#381=LINE('',#317,#380);
#382=EDGE_CURVE('',#318,#320,#381,.T.);
#383=ORIENTED_EDGE('',*,*,#382,.T.);
#384=DIRECTION('',(0.000000,-0.932005,-0.362446));
#385=VECTOR('',#384,19.313208);
#386=LINE('',#319,#385);
#387=EDGE_CURVE('',#320,#316,#386,.T.);
#388=ORIENTED_EDGE('',*,*,#387,.T.);
#389=EDGE_LOOP('',(#378,#383,#388));
#390=FACE_OUTER_BOUND('',#389,.T.);
#391=ADVANCED_FACE('',(#390),#373,.T.);
#392=CARTESIAN_POINT('',(42.000000,33.000000,8.000000));
#393=DIRECTION('',(1.000000,0.000000,0.000000));
#394=DIRECTION('',(0.000000,1.000000,0.000000));
#395=AXIS2_PLACEMENT_3D('',#392,#393,#394);
#396=PLANE('',#395);
#397=DIRECTION('',(0.000000,0.932005,0.362446));
#398=VECTOR('',#397,19.313208);
#399=LINE('',#315,#398);
#400=EDGE_CURVE('',#316,#320,#399,.T.);
#401=ORIENTED_EDGE('',*,*,#400,.T.);
#402=DIRECTION('',(0.000000,-1.000000,0.000000));
#403=VECTOR('',#402,18.000000);
#404=LINE('',#319,#403);
#405=EDGE_CURVE('',#320,#322,#404,.T.);
#406=ORIENTED_EDGE('',*,*,#405,.T.);
#407=DIRECTION('',(0.000000,0.000000,-1.000000));
#408=VECTOR('',#407,7.000000);
#409=LINE('',#321,#408);
#410=EDGE_CURVE('',#322,#316,#409,.T.);
#411=ORIENTED_EDGE('',*,*,#410,.T.);
#412=EDGE_LOOP('',(#401,#406,#411));
#413=FACE_OUTER_BOUND('',#412,.T.);
#414=ADVANCED_FACE('',(#413),#396,.T.);
#415=CARTESIAN_POINT('',(42.000000,33.000000,8.000000));
#416=DIRECTION('',(0.000000,-1.000000,0.000000));
#417=DIRECTION('',(1.000000,0.000000,0.000000));
#418=AXIS2_PLACEMENT_3D('',#415,#416,#417);
#419=PLANE('',#418);
#420=DIRECTION('',(0.000000,0.000000,1.000000));
#421=VECTOR('',#420,7.000000);
#422=LINE('',#315,#421);
#423=EDGE_CURVE('',#316,#322,#422,.T.);
#424=ORIENTED_EDGE('',*,*,#423,.T.);
#425=DIRECTION('',(-1.000000,0.000000,0.000000));
#426=VECTOR('',#425,16.000000);
#427=LINE('',#321,#426);
#428=EDGE_CURVE('',#322,#314,#427,.T.);
#429=ORIENTED_EDGE('',*,*,#428,.T.);
#430=DIRECTION('',(0.916157,0.000000,-0.400819));
#431=VECTOR('',#430,17.464249);
#432=LINE('',#313,#431);
#433=EDGE_CURVE('',#314,#316,#432,.T.);
#434=ORIENTED_EDGE('',*,*,#433,.T.);
#435=EDGE_LOOP('',(#424,#429,#434));
#436=FACE_OUTER_BOUND('',#435,.T.);
#437=ADVANCED_FACE('',(#436),#419,.T.);
#438=CARTESIAN_POINT('',(42.000000,33.000000,8.000000));
#439=DIRECTION('',(0.000000,-1.000000,0.000000));
#440=DIRECTION('',(1.000000,0.000000,0.000000));
#441=AXIS2_PLACEMENT_3D('',#438,#439,#440);
#442=PLANE('',#441);
#443=DIRECTION('',(-0.916157,0.000000,0.400819));
#444=VECTOR('',#443,17.464249);
#445=LINE('',#315,#444);
#446=EDGE_CURVE('',#316,#314,#445,.T.);
#447=ORIENTED_EDGE('',*,*,#446,.T.);
#448=DIRECTION('',(0.000000,0.000000,-1.000000));
#449=VECTOR('',#448,7.000000);
#450=LINE('',#313,#449);
#451=EDGE_CURVE('',#314,#308,#450,.T.);
#452=ORIENTED_EDGE('',*,*,#451,.T.);
#453=DIRECTION('',(1.000000,0.000000,0.000000));
#454=VECTOR('',#453,16.000000);
#455=LINE('',#307,#454);
#456=EDGE_CURVE('',#308,#316,#455,.T.);
#457=ORIENTED_EDGE('',*,*,#456,.T.);
#458=EDGE_LOOP('',(#447,#452,#457));
#459=FACE_OUTER_BOUND('',#458,.T.);
#460=ADVANCED_FACE('',(#459),#442,.T.);
#461=CARTESIAN_POINT('',(26.000000,51.000000,8.000000));
#462=DIRECTION('',(0.000000,1.000000,0.000000));
#463=DIRECTION('',(1.000000,0.000000,0.000000));
#464=AXIS2_PLACEMENT_3D('',#461,#462,#463);
#465=PLANE('',#464);
#466=DIRECTION('',(0.000000,0.000000,1.000000));
#467=VECTOR('',#466,7.000000);
#468=LINE('',#309,#467);
#469=EDGE_CURVE('',#310,#312,#468,.T.);
#470=ORIENTED_EDGE('',*,*,#469,.T.);
#471=DIRECTION('',(1.000000,0.000000,0.000000));
#472=VECTOR('',#471,16.000000);
#473=LINE('',#311,#472);
#474=EDGE_CURVE('',#312,#320,#473,.T.);
#475=ORIENTED_EDGE('',*,*,#474,.T.);
#476=DIRECTION('',(-0.916157,0.000000,-0.400819));
#477=VECTOR('',#476,17.464249);
#478=LINE('',#319,#477);
#479=EDGE_CURVE('',#320,#310,#478,.T.);
#480=ORIENTED_EDGE('',*,*,#479,.T.);
#481=EDGE_LOOP('',(#470,#475,#480));
#482=FACE_OUTER_BOUND('',#481,.T.);
#483=ADVANCED_FACE('',(#482),#465,.T.);
#484=CARTESIAN_POINT('',(26.000000,51.000000,8.000000));
#485=DIRECTION('',(0.000000,1.000000,0.000000));
#486=DIRECTION('',(1.000000,0.000000,0.000000));
#487=AXIS2_PLACEMENT_3D('',#484,#485,#486);
#488=PLANE('',#487);
#489=DIRECTION('',(0.916157,0.000000,0.400819));
#490=VECTOR('',#489,17.464249);
#491=LINE('',#309,#490);
#492=EDGE_CURVE('',#310,#320,#491,.T.);
#493=ORIENTED_EDGE('',*,*,#492,.T.);
#494=DIRECTION('',(0.000000,0.000000,-1.000000));
#495=VECTOR('',#494,7.000000);
#496=LINE('',#319,#495);
#497=EDGE_CURVE('',#320,#318,#496,.T.);
#498=ORIENTED_EDGE('',*,*,#497,.T.);
#499=DIRECTION('',(-1.000000,0.000000,0.000000));
#500=VECTOR('',#499,16.000000);
#501=LINE('',#317,#500);
#502=EDGE_CURVE('',#318,#310,#501,.T.);
#503=ORIENTED_EDGE('',*,*,#502,.T.);
#504=EDGE_LOOP('',(#493,#498,#503));
#505=FACE_OUTER_BOUND('',#504,.T.);
#506=ADVANCED_FACE('',(#505),#488,.T.);
#507=CARTESIAN_POINT('',(26.000000,51.000000,8.000000));
#508=DIRECTION('',(0.000000,0.000000,-1.000000));
#509=DIRECTION('',(1.000000,0.000000,0.000000));
#510=AXIS2_PLACEMENT_3D('',#507,#508,#509);
#511=PLANE('',#510);
#512=DIRECTION('',(1.000000,0.000000,0.000000));
#513=VECTOR('',#512,16.000000);
#514=LINE('',#309,#513);
#515=EDGE_CURVE('',#310,#318,#514,.T.);
#516=ORIENTED_EDGE('',*,*,#515,.T.);
#517=DIRECTION('',(0.000000,-1.000000,0.000000));
#518=VECTOR('',#517,18.000000);
#519=LINE('',#317,#518);
#520=EDGE_CURVE('',#318,#316,#519,.T.);
#521=ORIENTED_EDGE('',*,*,#520,.T.);
#522=DIRECTION('',(-0.664364,0.747409,0.000000));
#523=VECTOR('',#522,24.083189);
#524=LINE('',#315,#523);
#525=EDGE_CURVE('',#316,#310,#524,.T.);
#526=ORIENTED_EDGE('',*,*,#525,.T.);
#527=EDGE_LOOP('',(#516,#521,#526));
#528=FACE_OUTER_BOUND('',#527,.T.);
#529=ADVANCED_FACE('',(#528),#511,.T.);
#530=CARTESIAN_POINT('',(26.000000,51.000000,8.000000));
#531=DIRECTION('',(0.000000,0.000000,-1.000000));
#532=DIRECTION('',(1.000000,0.000000,0.000000));
#533=AXIS2_PLACEMENT_3D('',#530,#531,#532);
#534=PLANE('',#533);
#535=DIRECTION('',(0.664364,-0.747409,0.000000));
#536=VECTOR('',#535,24.083189);
#537=LINE('',#309,#536);
#538=EDGE_CURVE('',#310,#316,#537,.T.);
#539=ORIENTED_EDGE('',*,*,#538,.T.);
#540=DIRECTION('',(-1.000000,0.000000,0.000000));
#541=VECTOR('',#540,16.000000);
#542=LINE('',#315,#541);
#543=EDGE_CURVE('',#316,#308,#542,.T.);
#544=ORIENTED_EDGE('',*,*,#543,.T.);
#545=DIRECTION('',(0.000000,1.000000,0.000000));
#546=VECTOR('',#545,18.000000);
#547=LINE('',#307,#546);
#548=EDGE_CURVE('',#308,#310,#547,.T.);
#549=ORIENTED_EDGE('',*,*,#548,.T.);
#550=EDGE_LOOP('',(#539,#544,#549));
#551=FACE_OUTER_BOUND('',#550,.T.);
#552=ADVANCED_FACE('',(#551),#534,.T.);
#553=CARTESIAN_POINT('',(26.000000,33.000000,15.000000));
#554=DIRECTION('',(0.000000,0.000000,1.000000));
#555=DIRECTION('',(1.000000,0.000000,0.000000));
#556=AXIS2_PLACEMENT_3D('',#553,#554,#555);
#557=PLANE('',#556);
#558=DIRECTION('',(1.000000,0.000000,0.000000));
#559=VECTOR('',#558,16.000000);
#560=LINE('',#313,#559);
#561=EDGE_CURVE('',#314,#322,#560,.T.);
#562=ORIENTED_EDGE('',*,*,#561,.T.);
#563=DIRECTION('',(0.000000,1.000000,0.000000));
#564=VECTOR('',#563,18.000000);
#565=LINE('',#321,#564);
#566=EDGE_CURVE('',#322,#320,#565,.T.);
#567=ORIENTED_EDGE('',*,*,#566,.T.);
#568=DIRECTION('',(-0.664364,-0.747409,0.000000));
#569=VECTOR('',#568,24.083189);
#570=LINE('',#319,#569);
#571=EDGE_CURVE('',#320,#314,#570,.T.);
#572=ORIENTED_EDGE('',*,*,#571,.T.);
#573=EDGE_LOOP('',(#562,#567,#572));
#574=FACE_OUTER_BOUND('',#573,.T.);
#575=ADVANCED_FACE('',(#574),#557,.T.);
#576=CARTESIAN_POINT('',(26.000000,33.000000,15.000000));
#577=DIRECTION('',(0.000000,0.000000,1.000000));
#578=DIRECTION('',(1.000000,0.000000,0.000000));
#579=AXIS2_PLACEMENT_3D('',#576,#577,#578);
#580=PLANE('',#579);
#581=DIRECTION('',(0.664364,0.747409,0.000000));
#582=VECTOR('',#581,24.083189);
#583=LINE('',#313,#582);
#584=EDGE_CURVE('',#314,#320,#583,.T.);
#585=ORIENTED_EDGE('',*,*,#584,.T.);
#586=DIRECTION('',(-1.000000,0.000000,0.000000));
#587=VECTOR('',#586,16.000000);
#588=LINE('',#319,#587);
#589=EDGE_CURVE('',#320,#312,#588,.T.);
#590=ORIENTED_EDGE('',*,*,#589,.T.);
#591=DIRECTION('',(0.000000,-1.000000,0.000000));
#592=VECTOR('',#591,18.000000);
#593=LINE('',#311,#592);
#594=EDGE_CURVE('',#312,#314,#593,.T.);
#595=ORIENTED_EDGE('',*,*,#594,.T.);
#596=EDGE_LOOP('',(#585,#590,#595));
#597=FACE_OUTER_BOUND('',#596,.T.);
#598=ADVANCED_FACE('',(#597),#580,.T.);
#599=CLOSED_SHELL('',(#345,#368,#391,#414,#437,#460,#483,#506,#529,#552,#575,#598));
#600=FACETED_BREP('ble_mount',#599);
#601=CARTESIAN_POINT('',(-70.000000,-56.000000,0.000000));
#602=VERTEX_POINT('',#601);
#603=CARTESIAN_POINT('',(-70.000000,56.000000,0.000000));
#604=VERTEX_POINT('',#603);
#605=CARTESIAN_POINT('',(-70.000000,56.000000,6.000000));
#606=VERTEX_POINT('',#605);
#607=CARTESIAN_POINT('',(-70.000000,-56.000000,6.000000));
#608=VERTEX_POINT('',#607);
#609=CARTESIAN_POINT('',(85.000000,-56.000000,0.000000));
#610=VERTEX_POINT('',#609);
#611=CARTESIAN_POINT('',(85.000000,56.000000,0.000000));
#612=VERTEX_POINT('',#611);
#613=CARTESIAN_POINT('',(85.000000,56.000000,6.000000));
#614=VERTEX_POINT('',#613);
#615=CARTESIAN_POINT('',(85.000000,-56.000000,6.000000));
#616=VERTEX_POINT('',#615);
#617=CARTESIAN_POINT('',(-70.000000,-56.000000,6.000000));
#618=DIRECTION('',(-1.000000,0.000000,0.000000));
#619=DIRECTION('',(0.000000,1.000000,0.000000));
#620=AXIS2_PLACEMENT_3D('',#617,#618,#619);
#621=PLANE('',#620);
#622=DIRECTION('',(0.000000,1.000000,0.000000));
#623=VECTOR('',#622,112.000000);
#624=LINE('',#607,#623);
#625=EDGE_CURVE('',#608,#606,#624,.T.);
#626=ORIENTED_EDGE('',*,*,#625,.T.);
#627=DIRECTION('',(0.000000,0.000000,-1.000000));
#628=VECTOR('',#627,6.000000);
#629=LINE('',#605,#628);
#630=EDGE_CURVE('',#606,#604,#629,.T.);
#631=ORIENTED_EDGE('',*,*,#630,.T.);
#632=DIRECTION('',(0.000000,-0.998568,0.053495));
#633=VECTOR('',#632,112.160599);
#634=LINE('',#603,#633);
#635=EDGE_CURVE('',#604,#608,#634,.T.);
#636=ORIENTED_EDGE('',*,*,#635,.T.);
#637=EDGE_LOOP('',(#626,#631,#636));
#638=FACE_OUTER_BOUND('',#637,.T.);
#639=ADVANCED_FACE('',(#638),#621,.T.);
#640=CARTESIAN_POINT('',(-70.000000,-56.000000,6.000000));
#641=DIRECTION('',(-1.000000,0.000000,0.000000));
#642=DIRECTION('',(0.000000,1.000000,0.000000));
#643=AXIS2_PLACEMENT_3D('',#640,#641,#642);
#644=PLANE('',#643);
#645=DIRECTION('',(0.000000,0.998568,-0.053495));
#646=VECTOR('',#645,112.160599);
#647=LINE('',#607,#646);
#648=EDGE_CURVE('',#608,#604,#647,.T.);
#649=ORIENTED_EDGE('',*,*,#648,.T.);
#650=DIRECTION('',(0.000000,-1.000000,0.000000));
#651=VECTOR('',#650,112.000000);
#652=LINE('',#603,#651);
#653=EDGE_CURVE('',#604,#602,#652,.T.);
#654=ORIENTED_EDGE('',*,*,#653,.T.);
#655=DIRECTION('',(0.000000,0.000000,1.000000));
#656=VECTOR('',#655,6.000000);
#657=LINE('',#601,#656);
#658=EDGE_CURVE('',#602,#608,#657,.T.);
#659=ORIENTED_EDGE('',*,*,#658,.T.);
#660=EDGE_LOOP('',(#649,#654,#659));
#661=FACE_OUTER_BOUND('',#660,.T.);
#662=ADVANCED_FACE('',(#661),#644,.T.);
#663=CARTESIAN_POINT('',(85.000000,-56.000000,0.000000));
#664=DIRECTION('',(1.000000,0.000000,0.000000));
#665=DIRECTION('',(0.000000,1.000000,0.000000));
#666=AXIS2_PLACEMENT_3D('',#663,#664,#665);
#667=PLANE('',#666);
#668=DIRECTION('',(0.000000,1.000000,0.000000));
#669=VECTOR('',#668,112.000000);
#670=LINE('',#609,#669);
#671=EDGE_CURVE('',#610,#612,#670,.T.);
#672=ORIENTED_EDGE('',*,*,#671,.T.);
#673=DIRECTION('',(0.000000,0.000000,1.000000));
#674=VECTOR('',#673,6.000000);
#675=LINE('',#611,#674);
#676=EDGE_CURVE('',#612,#614,#675,.T.);
#677=ORIENTED_EDGE('',*,*,#676,.T.);
#678=DIRECTION('',(0.000000,-0.998568,-0.053495));
#679=VECTOR('',#678,112.160599);
#680=LINE('',#613,#679);
#681=EDGE_CURVE('',#614,#610,#680,.T.);
#682=ORIENTED_EDGE('',*,*,#681,.T.);
#683=EDGE_LOOP('',(#672,#677,#682));
#684=FACE_OUTER_BOUND('',#683,.T.);
#685=ADVANCED_FACE('',(#684),#667,.T.);
#686=CARTESIAN_POINT('',(85.000000,-56.000000,0.000000));
#687=DIRECTION('',(1.000000,0.000000,0.000000));
#688=DIRECTION('',(0.000000,1.000000,0.000000));
#689=AXIS2_PLACEMENT_3D('',#686,#687,#688);
#690=PLANE('',#689);
#691=DIRECTION('',(0.000000,0.998568,0.053495));
#692=VECTOR('',#691,112.160599);
#693=LINE('',#609,#692);
#694=EDGE_CURVE('',#610,#614,#693,.T.);
#695=ORIENTED_EDGE('',*,*,#694,.T.);
#696=DIRECTION('',(0.000000,-1.000000,0.000000));
#697=VECTOR('',#696,112.000000);
#698=LINE('',#613,#697);
#699=EDGE_CURVE('',#614,#616,#698,.T.);
#700=ORIENTED_EDGE('',*,*,#699,.T.);
#701=DIRECTION('',(0.000000,0.000000,-1.000000));
#702=VECTOR('',#701,6.000000);
#703=LINE('',#615,#702);
#704=EDGE_CURVE('',#616,#610,#703,.T.);
#705=ORIENTED_EDGE('',*,*,#704,.T.);
#706=EDGE_LOOP('',(#695,#700,#705));
#707=FACE_OUTER_BOUND('',#706,.T.);
#708=ADVANCED_FACE('',(#707),#690,.T.);
#709=CARTESIAN_POINT('',(85.000000,-56.000000,0.000000));
#710=DIRECTION('',(0.000000,-1.000000,0.000000));
#711=DIRECTION('',(1.000000,0.000000,0.000000));
#712=AXIS2_PLACEMENT_3D('',#709,#710,#711);
#713=PLANE('',#712);
#714=DIRECTION('',(0.000000,0.000000,1.000000));
#715=VECTOR('',#714,6.000000);
#716=LINE('',#609,#715);
#717=EDGE_CURVE('',#610,#616,#716,.T.);
#718=ORIENTED_EDGE('',*,*,#717,.T.);
#719=DIRECTION('',(-1.000000,0.000000,0.000000));
#720=VECTOR('',#719,155.000000);
#721=LINE('',#615,#720);
#722=EDGE_CURVE('',#616,#608,#721,.T.);
#723=ORIENTED_EDGE('',*,*,#722,.T.);
#724=DIRECTION('',(0.999252,0.000000,-0.038681));
#725=VECTOR('',#724,155.116086);
#726=LINE('',#607,#725);
#727=EDGE_CURVE('',#608,#610,#726,.T.);
#728=ORIENTED_EDGE('',*,*,#727,.T.);
#729=EDGE_LOOP('',(#718,#723,#728));
#730=FACE_OUTER_BOUND('',#729,.T.);
#731=ADVANCED_FACE('',(#730),#713,.T.);
#732=CARTESIAN_POINT('',(85.000000,-56.000000,0.000000));
#733=DIRECTION('',(0.000000,-1.000000,0.000000));
#734=DIRECTION('',(1.000000,0.000000,0.000000));
#735=AXIS2_PLACEMENT_3D('',#732,#733,#734);
#736=PLANE('',#735);
#737=DIRECTION('',(-0.999252,0.000000,0.038681));
#738=VECTOR('',#737,155.116086);
#739=LINE('',#609,#738);
#740=EDGE_CURVE('',#610,#608,#739,.T.);
#741=ORIENTED_EDGE('',*,*,#740,.T.);
#742=DIRECTION('',(0.000000,0.000000,-1.000000));
#743=VECTOR('',#742,6.000000);
#744=LINE('',#607,#743);
#745=EDGE_CURVE('',#608,#602,#744,.T.);
#746=ORIENTED_EDGE('',*,*,#745,.T.);
#747=DIRECTION('',(1.000000,0.000000,0.000000));
#748=VECTOR('',#747,155.000000);
#749=LINE('',#601,#748);
#750=EDGE_CURVE('',#602,#610,#749,.T.);
#751=ORIENTED_EDGE('',*,*,#750,.T.);
#752=EDGE_LOOP('',(#741,#746,#751));
#753=FACE_OUTER_BOUND('',#752,.T.);
#754=ADVANCED_FACE('',(#753),#736,.T.);
#755=CARTESIAN_POINT('',(-70.000000,56.000000,0.000000));
#756=DIRECTION('',(0.000000,1.000000,0.000000));
#757=DIRECTION('',(1.000000,0.000000,0.000000));
#758=AXIS2_PLACEMENT_3D('',#755,#756,#757);
#759=PLANE('',#758);
#760=DIRECTION('',(0.000000,0.000000,1.000000));
#761=VECTOR('',#760,6.000000);
#762=LINE('',#603,#761);
#763=EDGE_CURVE('',#604,#606,#762,.T.);
#764=ORIENTED_EDGE('',*,*,#763,.T.);
#765=DIRECTION('',(1.000000,0.000000,0.000000));
#766=VECTOR('',#765,155.000000);
#767=LINE('',#605,#766);
#768=EDGE_CURVE('',#606,#614,#767,.T.);
#769=ORIENTED_EDGE('',*,*,#768,.T.);
#770=DIRECTION('',(-0.999252,0.000000,-0.038681));
#771=VECTOR('',#770,155.116086);
#772=LINE('',#613,#771);
#773=EDGE_CURVE('',#614,#604,#772,.T.);
#774=ORIENTED_EDGE('',*,*,#773,.T.);
#775=EDGE_LOOP('',(#764,#769,#774));
#776=FACE_OUTER_BOUND('',#775,.T.);
#777=ADVANCED_FACE('',(#776),#759,.T.);
#778=CARTESIAN_POINT('',(-70.000000,56.000000,0.000000));
#779=DIRECTION('',(0.000000,1.000000,0.000000));
#780=DIRECTION('',(1.000000,0.000000,0.000000));
#781=AXIS2_PLACEMENT_3D('',#778,#779,#780);
#782=PLANE('',#781);
#783=DIRECTION('',(0.999252,0.000000,0.038681));
#784=VECTOR('',#783,155.116086);
#785=LINE('',#603,#784);
#786=EDGE_CURVE('',#604,#614,#785,.T.);
#787=ORIENTED_EDGE('',*,*,#786,.T.);
#788=DIRECTION('',(0.000000,0.000000,-1.000000));
#789=VECTOR('',#788,6.000000);
#790=LINE('',#613,#789);
#791=EDGE_CURVE('',#614,#612,#790,.T.);
#792=ORIENTED_EDGE('',*,*,#791,.T.);
#793=DIRECTION('',(-1.000000,0.000000,0.000000));
#794=VECTOR('',#793,155.000000);
#795=LINE('',#611,#794);
#796=EDGE_CURVE('',#612,#604,#795,.T.);
#797=ORIENTED_EDGE('',*,*,#796,.T.);
#798=EDGE_LOOP('',(#787,#792,#797));
#799=FACE_OUTER_BOUND('',#798,.T.);
#800=ADVANCED_FACE('',(#799),#782,.T.);
#801=CARTESIAN_POINT('',(-70.000000,56.000000,0.000000));
#802=DIRECTION('',(0.000000,0.000000,-1.000000));
#803=DIRECTION('',(1.000000,0.000000,0.000000));
#804=AXIS2_PLACEMENT_3D('',#801,#802,#803);
#805=PLANE('',#804);
#806=DIRECTION('',(1.000000,0.000000,0.000000));
#807=VECTOR('',#806,155.000000);
#808=LINE('',#603,#807);
#809=EDGE_CURVE('',#604,#612,#808,.T.);
#810=ORIENTED_EDGE('',*,*,#809,.T.);
#811=DIRECTION('',(0.000000,-1.000000,0.000000));
#812=VECTOR('',#811,112.000000);
#813=LINE('',#611,#812);
#814=EDGE_CURVE('',#612,#610,#813,.T.);
#815=ORIENTED_EDGE('',*,*,#814,.T.);
#816=DIRECTION('',(-0.810541,0.585681,0.000000));
#817=VECTOR('',#816,191.230228);
#818=LINE('',#609,#817);
#819=EDGE_CURVE('',#610,#604,#818,.T.);
#820=ORIENTED_EDGE('',*,*,#819,.T.);
#821=EDGE_LOOP('',(#810,#815,#820));
#822=FACE_OUTER_BOUND('',#821,.T.);
#823=ADVANCED_FACE('',(#822),#805,.T.);
#824=CARTESIAN_POINT('',(-70.000000,56.000000,0.000000));
#825=DIRECTION('',(0.000000,0.000000,-1.000000));
#826=DIRECTION('',(1.000000,0.000000,0.000000));
#827=AXIS2_PLACEMENT_3D('',#824,#825,#826);
#828=PLANE('',#827);
#829=DIRECTION('',(0.810541,-0.585681,0.000000));
#830=VECTOR('',#829,191.230228);
#831=LINE('',#603,#830);
#832=EDGE_CURVE('',#604,#610,#831,.T.);
#833=ORIENTED_EDGE('',*,*,#832,.T.);
#834=DIRECTION('',(-1.000000,0.000000,0.000000));
#835=VECTOR('',#834,155.000000);
#836=LINE('',#609,#835);
#837=EDGE_CURVE('',#610,#602,#836,.T.);
#838=ORIENTED_EDGE('',*,*,#837,.T.);
#839=DIRECTION('',(0.000000,1.000000,0.000000));
#840=VECTOR('',#839,112.000000);
#841=LINE('',#601,#840);
#842=EDGE_CURVE('',#602,#604,#841,.T.);
#843=ORIENTED_EDGE('',*,*,#842,.T.);
#844=EDGE_LOOP('',(#833,#838,#843));
#845=FACE_OUTER_BOUND('',#844,.T.);
#846=ADVANCED_FACE('',(#845),#828,.T.);
#847=CARTESIAN_POINT('',(-70.000000,-56.000000,6.000000));
#848=DIRECTION('',(0.000000,0.000000,1.000000));
#849=DIRECTION('',(1.000000,0.000000,0.000000));
#850=AXIS2_PLACEMENT_3D('',#847,#848,#849);
#851=PLANE('',#850);
#852=DIRECTION('',(1.000000,0.000000,0.000000));
#853=VECTOR('',#852,155.000000);
#854=LINE('',#607,#853);
#855=EDGE_CURVE('',#608,#616,#854,.T.);
#856=ORIENTED_EDGE('',*,*,#855,.T.);
#857=DIRECTION('',(0.000000,1.000000,0.000000));
#858=VECTOR('',#857,112.000000);
#859=LINE('',#615,#858);
#860=EDGE_CURVE('',#616,#614,#859,.T.);
#861=ORIENTED_EDGE('',*,*,#860,.T.);
#862=DIRECTION('',(-0.810541,-0.585681,0.000000));
#863=VECTOR('',#862,191.230228);
#864=LINE('',#613,#863);
#865=EDGE_CURVE('',#614,#608,#864,.T.);
#866=ORIENTED_EDGE('',*,*,#865,.T.);
#867=EDGE_LOOP('',(#856,#861,#866));
#868=FACE_OUTER_BOUND('',#867,.T.);
#869=ADVANCED_FACE('',(#868),#851,.T.);
#870=CARTESIAN_POINT('',(-70.000000,-56.000000,6.000000));
#871=DIRECTION('',(0.000000,0.000000,1.000000));
#872=DIRECTION('',(1.000000,0.000000,0.000000));
#873=AXIS2_PLACEMENT_3D('',#870,#871,#872);
#874=PLANE('',#873);
#875=DIRECTION('',(0.810541,0.585681,0.000000));
#876=VECTOR('',#875,191.230228);
#877=LINE('',#607,#876);
#878=EDGE_CURVE('',#608,#614,#877,.T.);
#879=ORIENTED_EDGE('',*,*,#878,.T.);
#880=DIRECTION('',(-1.000000,0.000000,0.000000));
#881=VECTOR('',#880,155.000000);
#882=LINE('',#613,#881);
#883=EDGE_CURVE('',#614,#606,#882,.T.);
#884=ORIENTED_EDGE('',*,*,#883,.T.);
#885=DIRECTION('',(0.000000,-1.000000,0.000000));
#886=VECTOR('',#885,112.000000);
#887=LINE('',#605,#886);
#888=EDGE_CURVE('',#606,#608,#887,.T.);
#889=ORIENTED_EDGE('',*,*,#888,.T.);
#890=EDGE_LOOP('',(#879,#884,#889));
#891=FACE_OUTER_BOUND('',#890,.T.);
#892=ADVANCED_FACE('',(#891),#874,.T.);
#893=CLOSED_SHELL('',(#639,#662,#685,#708,#731,#754,#777,#800,#823,#846,#869,#892));
#894=FACETED_BREP('common_training_chassis',#893);
#895=CARTESIAN_POINT('',(-56.000000,-44.000000,-4.000000));
#896=VERTEX_POINT('',#895);
#897=CARTESIAN_POINT('',(-56.152241,-43.234633,-4.000000));
#898=VERTEX_POINT('',#897);
#899=CARTESIAN_POINT('',(-56.585786,-42.585786,-4.000000));
#900=VERTEX_POINT('',#899);
#901=CARTESIAN_POINT('',(-57.234633,-42.152241,-4.000000));
#902=VERTEX_POINT('',#901);
#903=CARTESIAN_POINT('',(-58.000000,-42.000000,-4.000000));
#904=VERTEX_POINT('',#903);
#905=CARTESIAN_POINT('',(-58.765367,-42.152241,-4.000000));
#906=VERTEX_POINT('',#905);
#907=CARTESIAN_POINT('',(-59.414214,-42.585786,-4.000000));
#908=VERTEX_POINT('',#907);
#909=CARTESIAN_POINT('',(-59.847759,-43.234633,-4.000000));
#910=VERTEX_POINT('',#909);
#911=CARTESIAN_POINT('',(-60.000000,-44.000000,-4.000000));
#912=VERTEX_POINT('',#911);
#913=CARTESIAN_POINT('',(-59.847759,-44.765367,-4.000000));
#914=VERTEX_POINT('',#913);
#915=CARTESIAN_POINT('',(-59.414214,-45.414214,-4.000000));
#916=VERTEX_POINT('',#915);
#917=CARTESIAN_POINT('',(-58.765367,-45.847759,-4.000000));
#918=VERTEX_POINT('',#917);
#919=CARTESIAN_POINT('',(-58.000000,-46.000000,-4.000000));
#920=VERTEX_POINT('',#919);
#921=CARTESIAN_POINT('',(-57.234633,-45.847759,-4.000000));
#922=VERTEX_POINT('',#921);
#923=CARTESIAN_POINT('',(-56.585786,-45.414214,-4.000000));
#924=VERTEX_POINT('',#923);
#925=CARTESIAN_POINT('',(-56.152241,-44.765367,-4.000000));
#926=VERTEX_POINT('',#925);
#927=CARTESIAN_POINT('',(-56.000000,-44.000000,0.000000));
#928=VERTEX_POINT('',#927);
#929=CARTESIAN_POINT('',(-56.152241,-43.234633,0.000000));
#930=VERTEX_POINT('',#929);
#931=CARTESIAN_POINT('',(-56.585786,-42.585786,0.000000));
#932=VERTEX_POINT('',#931);
#933=CARTESIAN_POINT('',(-57.234633,-42.152241,0.000000));
#934=VERTEX_POINT('',#933);
#935=CARTESIAN_POINT('',(-58.000000,-42.000000,0.000000));
#936=VERTEX_POINT('',#935);
#937=CARTESIAN_POINT('',(-58.765367,-42.152241,0.000000));
#938=VERTEX_POINT('',#937);
#939=CARTESIAN_POINT('',(-59.414214,-42.585786,0.000000));
#940=VERTEX_POINT('',#939);
#941=CARTESIAN_POINT('',(-59.847759,-43.234633,0.000000));
#942=VERTEX_POINT('',#941);
#943=CARTESIAN_POINT('',(-60.000000,-44.000000,0.000000));
#944=VERTEX_POINT('',#943);
#945=CARTESIAN_POINT('',(-59.847759,-44.765367,0.000000));
#946=VERTEX_POINT('',#945);
#947=CARTESIAN_POINT('',(-59.414214,-45.414214,0.000000));
#948=VERTEX_POINT('',#947);
#949=CARTESIAN_POINT('',(-58.765367,-45.847759,0.000000));
#950=VERTEX_POINT('',#949);
#951=CARTESIAN_POINT('',(-58.000000,-46.000000,0.000000));
#952=VERTEX_POINT('',#951);
#953=CARTESIAN_POINT('',(-57.234633,-45.847759,0.000000));
#954=VERTEX_POINT('',#953);
#955=CARTESIAN_POINT('',(-56.585786,-45.414214,0.000000));
#956=VERTEX_POINT('',#955);
#957=CARTESIAN_POINT('',(-56.152241,-44.765367,0.000000));
#958=VERTEX_POINT('',#957);
#959=CARTESIAN_POINT('',(-58.000000,-44.000000,-4.000000));
#960=VERTEX_POINT('',#959);
#961=CARTESIAN_POINT('',(-58.000000,-44.000000,0.000000));
#962=VERTEX_POINT('',#961);
#963=CARTESIAN_POINT('',(-56.000000,-44.000000,-4.000000));
#964=DIRECTION('',(0.980785,0.195090,0.000000));
#965=DIRECTION('',(0.000000,0.000000,1.000000));
#966=AXIS2_PLACEMENT_3D('',#963,#964,#965);
#967=PLANE('',#966);
#968=DIRECTION('',(-0.195090,0.980785,0.000000));
#969=VECTOR('',#968,0.780361);
#970=LINE('',#895,#969);
#971=EDGE_CURVE('',#896,#898,#970,.T.);
#972=ORIENTED_EDGE('',*,*,#971,.T.);
#973=DIRECTION('',(0.000000,0.000000,1.000000));
#974=VECTOR('',#973,4.000000);
#975=LINE('',#897,#974);
#976=EDGE_CURVE('',#898,#930,#975,.T.);
#977=ORIENTED_EDGE('',*,*,#976,.T.);
#978=DIRECTION('',(0.037356,-0.187801,-0.981496));
#979=VECTOR('',#978,4.075410);
#980=LINE('',#929,#979);
#981=EDGE_CURVE('',#930,#896,#980,.T.);
#982=ORIENTED_EDGE('',*,*,#981,.T.);
#983=EDGE_LOOP('',(#972,#977,#982));
#984=FACE_OUTER_BOUND('',#983,.T.);
#985=ADVANCED_FACE('',(#984),#967,.T.);
#986=CARTESIAN_POINT('',(-56.000000,-44.000000,-4.000000));
#987=DIRECTION('',(0.980785,0.195090,0.000000));
#988=DIRECTION('',(0.000000,0.000000,1.000000));
#989=AXIS2_PLACEMENT_3D('',#986,#987,#988);
#990=PLANE('',#989);
#991=DIRECTION('',(-0.037356,0.187801,0.981496));
#992=VECTOR('',#991,4.075410);
#993=LINE('',#895,#992);
#994=EDGE_CURVE('',#896,#930,#993,.T.);
#995=ORIENTED_EDGE('',*,*,#994,.T.);
#996=DIRECTION('',(0.195090,-0.980785,0.000000));
#997=VECTOR('',#996,0.780361);
#998=LINE('',#929,#997);
#999=EDGE_CURVE('',#930,#928,#998,.T.);
#1000=ORIENTED_EDGE('',*,*,#999,.T.);
#1001=DIRECTION('',(0.000000,0.000000,-1.000000));
#1002=VECTOR('',#1001,4.000000);
#1003=LINE('',#927,#1002);
#1004=EDGE_CURVE('',#928,#896,#1003,.T.);
#1005=ORIENTED_EDGE('',*,*,#1004,.T.);
#1006=EDGE_LOOP('',(#995,#1000,#1005));
#1007=FACE_OUTER_BOUND('',#1006,.T.);
#1008=ADVANCED_FACE('',(#1007),#990,.T.);
#1009=CARTESIAN_POINT('',(-56.152241,-43.234633,-4.000000));
#1010=DIRECTION('',(0.831470,0.555570,0.000000));
#1011=DIRECTION('',(0.000000,0.000000,1.000000));
#1012=AXIS2_PLACEMENT_3D('',#1009,#1010,#1011);
#1013=PLANE('',#1012);
#1014=DIRECTION('',(-0.555570,0.831470,0.000000));
#1015=VECTOR('',#1014,0.780361);
#1016=LINE('',#897,#1015);
#1017=EDGE_CURVE('',#898,#900,#1016,.T.);
#1018=ORIENTED_EDGE('',*,*,#1017,.T.);
#1019=DIRECTION('',(0.000000,0.000000,1.000000));
#1020=VECTOR('',#1019,4.000000);
#1021=LINE('',#899,#1020);
#1022=EDGE_CURVE('',#900,#932,#1021,.T.);
#1023=ORIENTED_EDGE('',*,*,#1022,.T.);
#1024=DIRECTION('',(0.106381,-0.159210,-0.981496));
#1025=VECTOR('',#1024,4.075410);
#1026=LINE('',#931,#1025);
#1027=EDGE_CURVE('',#932,#898,#1026,.T.);
#1028=ORIENTED_EDGE('',*,*,#1027,.T.);
#1029=EDGE_LOOP('',(#1018,#1023,#1028));
#1030=FACE_OUTER_BOUND('',#1029,.T.);
#1031=ADVANCED_FACE('',(#1030),#1013,.T.);
#1032=CARTESIAN_POINT('',(-56.152241,-43.234633,-4.000000));
#1033=DIRECTION('',(0.831470,0.555570,0.000000));
#1034=DIRECTION('',(0.000000,0.000000,1.000000));
#1035=AXIS2_PLACEMENT_3D('',#1032,#1033,#1034);
#1036=PLANE('',#1035);
#1037=DIRECTION('',(-0.106381,0.159210,0.981496));
#1038=VECTOR('',#1037,4.075410);
#1039=LINE('',#897,#1038);
#1040=EDGE_CURVE('',#898,#932,#1039,.T.);
#1041=ORIENTED_EDGE('',*,*,#1040,.T.);
#1042=DIRECTION('',(0.555570,-0.831470,0.000000));
#1043=VECTOR('',#1042,0.780361);
#1044=LINE('',#931,#1043);
#1045=EDGE_CURVE('',#932,#930,#1044,.T.);
#1046=ORIENTED_EDGE('',*,*,#1045,.T.);
#1047=DIRECTION('',(0.000000,0.000000,-1.000000));
#1048=VECTOR('',#1047,4.000000);
#1049=LINE('',#929,#1048);
#1050=EDGE_CURVE('',#930,#898,#1049,.T.);
#1051=ORIENTED_EDGE('',*,*,#1050,.T.);
#1052=EDGE_LOOP('',(#1041,#1046,#1051));
#1053=FACE_OUTER_BOUND('',#1052,.T.);
#1054=ADVANCED_FACE('',(#1053),#1036,.T.);
#1055=CARTESIAN_POINT('',(-56.585786,-42.585786,-4.000000));
#1056=DIRECTION('',(0.555570,0.831470,0.000000));
#1057=DIRECTION('',(0.000000,0.000000,1.000000));
#1058=AXIS2_PLACEMENT_3D('',#1055,#1056,#1057);
#1059=PLANE('',#1058);
#1060=DIRECTION('',(-0.831470,0.555570,0.000000));
#1061=VECTOR('',#1060,0.780361);
#1062=LINE('',#899,#1061);
#1063=EDGE_CURVE('',#900,#902,#1062,.T.);
#1064=ORIENTED_EDGE('',*,*,#1063,.T.);
#1065=DIRECTION('',(0.000000,0.000000,1.000000));
#1066=VECTOR('',#1065,4.000000);
#1067=LINE('',#901,#1066);
#1068=EDGE_CURVE('',#902,#934,#1067,.T.);
#1069=ORIENTED_EDGE('',*,*,#1068,.T.);
#1070=DIRECTION('',(0.159210,-0.106381,-0.981496));
#1071=VECTOR('',#1070,4.075410);
#1072=LINE('',#933,#1071);
#1073=EDGE_CURVE('',#934,#900,#1072,.T.);
#1074=ORIENTED_EDGE('',*,*,#1073,.T.);
#1075=EDGE_LOOP('',(#1064,#1069,#1074));
#1076=FACE_OUTER_BOUND('',#1075,.T.);
#1077=ADVANCED_FACE('',(#1076),#1059,.T.);
#1078=CARTESIAN_POINT('',(-56.585786,-42.585786,-4.000000));
#1079=DIRECTION('',(0.555570,0.831470,0.000000));
#1080=DIRECTION('',(0.000000,0.000000,1.000000));
#1081=AXIS2_PLACEMENT_3D('',#1078,#1079,#1080);
#1082=PLANE('',#1081);
#1083=DIRECTION('',(-0.159210,0.106381,0.981496));
#1084=VECTOR('',#1083,4.075410);
#1085=LINE('',#899,#1084);
#1086=EDGE_CURVE('',#900,#934,#1085,.T.);
#1087=ORIENTED_EDGE('',*,*,#1086,.T.);
#1088=DIRECTION('',(0.831470,-0.555570,0.000000));
#1089=VECTOR('',#1088,0.780361);
#1090=LINE('',#933,#1089);
#1091=EDGE_CURVE('',#934,#932,#1090,.T.);
#1092=ORIENTED_EDGE('',*,*,#1091,.T.);
#1093=DIRECTION('',(0.000000,0.000000,-1.000000));
#1094=VECTOR('',#1093,4.000000);
#1095=LINE('',#931,#1094);
#1096=EDGE_CURVE('',#932,#900,#1095,.T.);
#1097=ORIENTED_EDGE('',*,*,#1096,.T.);
#1098=EDGE_LOOP('',(#1087,#1092,#1097));
#1099=FACE_OUTER_BOUND('',#1098,.T.);
#1100=ADVANCED_FACE('',(#1099),#1082,.T.);
#1101=CARTESIAN_POINT('',(-57.234633,-42.152241,-4.000000));
#1102=DIRECTION('',(0.195090,0.980785,0.000000));
#1103=DIRECTION('',(0.000000,0.000000,1.000000));
#1104=AXIS2_PLACEMENT_3D('',#1101,#1102,#1103);
#1105=PLANE('',#1104);
#1106=DIRECTION('',(-0.980785,0.195090,0.000000));
#1107=VECTOR('',#1106,0.780361);
#1108=LINE('',#901,#1107);
#1109=EDGE_CURVE('',#902,#904,#1108,.T.);
#1110=ORIENTED_EDGE('',*,*,#1109,.T.);
#1111=DIRECTION('',(0.000000,0.000000,1.000000));
#1112=VECTOR('',#1111,4.000000);
#1113=LINE('',#903,#1112);
#1114=EDGE_CURVE('',#904,#936,#1113,.T.);
#1115=ORIENTED_EDGE('',*,*,#1114,.T.);
#1116=DIRECTION('',(0.187801,-0.037356,-0.981496));
#1117=VECTOR('',#1116,4.075410);
#1118=LINE('',#935,#1117);
#1119=EDGE_CURVE('',#936,#902,#1118,.T.);
#1120=ORIENTED_EDGE('',*,*,#1119,.T.);
#1121=EDGE_LOOP('',(#1110,#1115,#1120));
#1122=FACE_OUTER_BOUND('',#1121,.T.);
#1123=ADVANCED_FACE('',(#1122),#1105,.T.);
#1124=CARTESIAN_POINT('',(-57.234633,-42.152241,-4.000000));
#1125=DIRECTION('',(0.195090,0.980785,0.000000));
#1126=DIRECTION('',(0.000000,0.000000,1.000000));
#1127=AXIS2_PLACEMENT_3D('',#1124,#1125,#1126);
#1128=PLANE('',#1127);
#1129=DIRECTION('',(-0.187801,0.037356,0.981496));
#1130=VECTOR('',#1129,4.075410);
#1131=LINE('',#901,#1130);
#1132=EDGE_CURVE('',#902,#936,#1131,.T.);
#1133=ORIENTED_EDGE('',*,*,#1132,.T.);
#1134=DIRECTION('',(0.980785,-0.195090,0.000000));
#1135=VECTOR('',#1134,0.780361);
#1136=LINE('',#935,#1135);
#1137=EDGE_CURVE('',#936,#934,#1136,.T.);
#1138=ORIENTED_EDGE('',*,*,#1137,.T.);
#1139=DIRECTION('',(0.000000,0.000000,-1.000000));
#1140=VECTOR('',#1139,4.000000);
#1141=LINE('',#933,#1140);
#1142=EDGE_CURVE('',#934,#902,#1141,.T.);
#1143=ORIENTED_EDGE('',*,*,#1142,.T.);
#1144=EDGE_LOOP('',(#1133,#1138,#1143));
#1145=FACE_OUTER_BOUND('',#1144,.T.);
#1146=ADVANCED_FACE('',(#1145),#1128,.T.);
#1147=CARTESIAN_POINT('',(-58.000000,-42.000000,-4.000000));
#1148=DIRECTION('',(-0.195090,0.980785,0.000000));
#1149=DIRECTION('',(0.000000,0.000000,1.000000));
#1150=AXIS2_PLACEMENT_3D('',#1147,#1148,#1149);
#1151=PLANE('',#1150);
#1152=DIRECTION('',(-0.980785,-0.195090,0.000000));
#1153=VECTOR('',#1152,0.780361);
#1154=LINE('',#903,#1153);
#1155=EDGE_CURVE('',#904,#906,#1154,.T.);
#1156=ORIENTED_EDGE('',*,*,#1155,.T.);
#1157=DIRECTION('',(0.000000,0.000000,1.000000));
#1158=VECTOR('',#1157,4.000000);
#1159=LINE('',#905,#1158);
#1160=EDGE_CURVE('',#906,#938,#1159,.T.);
#1161=ORIENTED_EDGE('',*,*,#1160,.T.);
#1162=DIRECTION('',(0.187801,0.037356,-0.981496));
#1163=VECTOR('',#1162,4.075410);
#1164=LINE('',#937,#1163);
#1165=EDGE_CURVE('',#938,#904,#1164,.T.);
#1166=ORIENTED_EDGE('',*,*,#1165,.T.);
#1167=EDGE_LOOP('',(#1156,#1161,#1166));
#1168=FACE_OUTER_BOUND('',#1167,.T.);
#1169=ADVANCED_FACE('',(#1168),#1151,.T.);
#1170=CARTESIAN_POINT('',(-58.000000,-42.000000,-4.000000));
#1171=DIRECTION('',(-0.195090,0.980785,0.000000));
#1172=DIRECTION('',(0.000000,0.000000,1.000000));
#1173=AXIS2_PLACEMENT_3D('',#1170,#1171,#1172);
#1174=PLANE('',#1173);
#1175=DIRECTION('',(-0.187801,-0.037356,0.981496));
#1176=VECTOR('',#1175,4.075410);
#1177=LINE('',#903,#1176);
#1178=EDGE_CURVE('',#904,#938,#1177,.T.);
#1179=ORIENTED_EDGE('',*,*,#1178,.T.);
#1180=DIRECTION('',(0.980785,0.195090,0.000000));
#1181=VECTOR('',#1180,0.780361);
#1182=LINE('',#937,#1181);
#1183=EDGE_CURVE('',#938,#936,#1182,.T.);
#1184=ORIENTED_EDGE('',*,*,#1183,.T.);
#1185=DIRECTION('',(0.000000,0.000000,-1.000000));
#1186=VECTOR('',#1185,4.000000);
#1187=LINE('',#935,#1186);
#1188=EDGE_CURVE('',#936,#904,#1187,.T.);
#1189=ORIENTED_EDGE('',*,*,#1188,.T.);
#1190=EDGE_LOOP('',(#1179,#1184,#1189));
#1191=FACE_OUTER_BOUND('',#1190,.T.);
#1192=ADVANCED_FACE('',(#1191),#1174,.T.);
#1193=CARTESIAN_POINT('',(-58.765367,-42.152241,-4.000000));
#1194=DIRECTION('',(-0.555570,0.831470,0.000000));
#1195=DIRECTION('',(0.000000,0.000000,1.000000));
#1196=AXIS2_PLACEMENT_3D('',#1193,#1194,#1195);
#1197=PLANE('',#1196);
#1198=DIRECTION('',(-0.831470,-0.555570,0.000000));
#1199=VECTOR('',#1198,0.780361);
#1200=LINE('',#905,#1199);
#1201=EDGE_CURVE('',#906,#908,#1200,.T.);
#1202=ORIENTED_EDGE('',*,*,#1201,.T.);
#1203=DIRECTION('',(0.000000,0.000000,1.000000));
#1204=VECTOR('',#1203,4.000000);
#1205=LINE('',#907,#1204);
#1206=EDGE_CURVE('',#908,#940,#1205,.T.);
#1207=ORIENTED_EDGE('',*,*,#1206,.T.);
#1208=DIRECTION('',(0.159210,0.106381,-0.981496));
#1209=VECTOR('',#1208,4.075410);
#1210=LINE('',#939,#1209);
#1211=EDGE_CURVE('',#940,#906,#1210,.T.);
#1212=ORIENTED_EDGE('',*,*,#1211,.T.);
#1213=EDGE_LOOP('',(#1202,#1207,#1212));
#1214=FACE_OUTER_BOUND('',#1213,.T.);
#1215=ADVANCED_FACE('',(#1214),#1197,.T.);
#1216=CARTESIAN_POINT('',(-58.765367,-42.152241,-4.000000));
#1217=DIRECTION('',(-0.555570,0.831470,0.000000));
#1218=DIRECTION('',(0.000000,0.000000,1.000000));
#1219=AXIS2_PLACEMENT_3D('',#1216,#1217,#1218);
#1220=PLANE('',#1219);
#1221=DIRECTION('',(-0.159210,-0.106381,0.981496));
#1222=VECTOR('',#1221,4.075410);
#1223=LINE('',#905,#1222);
#1224=EDGE_CURVE('',#906,#940,#1223,.T.);
#1225=ORIENTED_EDGE('',*,*,#1224,.T.);
#1226=DIRECTION('',(0.831470,0.555570,0.000000));
#1227=VECTOR('',#1226,0.780361);
#1228=LINE('',#939,#1227);
#1229=EDGE_CURVE('',#940,#938,#1228,.T.);
#1230=ORIENTED_EDGE('',*,*,#1229,.T.);
#1231=DIRECTION('',(0.000000,0.000000,-1.000000));
#1232=VECTOR('',#1231,4.000000);
#1233=LINE('',#937,#1232);
#1234=EDGE_CURVE('',#938,#906,#1233,.T.);
#1235=ORIENTED_EDGE('',*,*,#1234,.T.);
#1236=EDGE_LOOP('',(#1225,#1230,#1235));
#1237=FACE_OUTER_BOUND('',#1236,.T.);
#1238=ADVANCED_FACE('',(#1237),#1220,.T.);
#1239=CARTESIAN_POINT('',(-59.414214,-42.585786,-4.000000));
#1240=DIRECTION('',(-0.831470,0.555570,0.000000));
#1241=DIRECTION('',(0.000000,0.000000,1.000000));
#1242=AXIS2_PLACEMENT_3D('',#1239,#1240,#1241);
#1243=PLANE('',#1242);
#1244=DIRECTION('',(-0.555570,-0.831470,0.000000));
#1245=VECTOR('',#1244,0.780361);
#1246=LINE('',#907,#1245);
#1247=EDGE_CURVE('',#908,#910,#1246,.T.);
#1248=ORIENTED_EDGE('',*,*,#1247,.T.);
#1249=DIRECTION('',(0.000000,0.000000,1.000000));
#1250=VECTOR('',#1249,4.000000);
#1251=LINE('',#909,#1250);
#1252=EDGE_CURVE('',#910,#942,#1251,.T.);
#1253=ORIENTED_EDGE('',*,*,#1252,.T.);
#1254=DIRECTION('',(0.106381,0.159210,-0.981496));
#1255=VECTOR('',#1254,4.075410);
#1256=LINE('',#941,#1255);
#1257=EDGE_CURVE('',#942,#908,#1256,.T.);
#1258=ORIENTED_EDGE('',*,*,#1257,.T.);
#1259=EDGE_LOOP('',(#1248,#1253,#1258));
#1260=FACE_OUTER_BOUND('',#1259,.T.);
#1261=ADVANCED_FACE('',(#1260),#1243,.T.);
#1262=CARTESIAN_POINT('',(-59.414214,-42.585786,-4.000000));
#1263=DIRECTION('',(-0.831470,0.555570,0.000000));
#1264=DIRECTION('',(0.000000,0.000000,1.000000));
#1265=AXIS2_PLACEMENT_3D('',#1262,#1263,#1264);
#1266=PLANE('',#1265);
#1267=DIRECTION('',(-0.106381,-0.159210,0.981496));
#1268=VECTOR('',#1267,4.075410);
#1269=LINE('',#907,#1268);
#1270=EDGE_CURVE('',#908,#942,#1269,.T.);
#1271=ORIENTED_EDGE('',*,*,#1270,.T.);
#1272=DIRECTION('',(0.555570,0.831470,0.000000));
#1273=VECTOR('',#1272,0.780361);
#1274=LINE('',#941,#1273);
#1275=EDGE_CURVE('',#942,#940,#1274,.T.);
#1276=ORIENTED_EDGE('',*,*,#1275,.T.);
#1277=DIRECTION('',(0.000000,0.000000,-1.000000));
#1278=VECTOR('',#1277,4.000000);
#1279=LINE('',#939,#1278);
#1280=EDGE_CURVE('',#940,#908,#1279,.T.);
#1281=ORIENTED_EDGE('',*,*,#1280,.T.);
#1282=EDGE_LOOP('',(#1271,#1276,#1281));
#1283=FACE_OUTER_BOUND('',#1282,.T.);
#1284=ADVANCED_FACE('',(#1283),#1266,.T.);
#1285=CARTESIAN_POINT('',(-59.847759,-43.234633,-4.000000));
#1286=DIRECTION('',(-0.980785,0.195090,0.000000));
#1287=DIRECTION('',(0.000000,0.000000,1.000000));
#1288=AXIS2_PLACEMENT_3D('',#1285,#1286,#1287);
#1289=PLANE('',#1288);
#1290=DIRECTION('',(-0.195090,-0.980785,0.000000));
#1291=VECTOR('',#1290,0.780361);
#1292=LINE('',#909,#1291);
#1293=EDGE_CURVE('',#910,#912,#1292,.T.);
#1294=ORIENTED_EDGE('',*,*,#1293,.T.);
#1295=DIRECTION('',(0.000000,0.000000,1.000000));
#1296=VECTOR('',#1295,4.000000);
#1297=LINE('',#911,#1296);
#1298=EDGE_CURVE('',#912,#944,#1297,.T.);
#1299=ORIENTED_EDGE('',*,*,#1298,.T.);
#1300=DIRECTION('',(0.037356,0.187801,-0.981496));
#1301=VECTOR('',#1300,4.075410);
#1302=LINE('',#943,#1301);
#1303=EDGE_CURVE('',#944,#910,#1302,.T.);
#1304=ORIENTED_EDGE('',*,*,#1303,.T.);
#1305=EDGE_LOOP('',(#1294,#1299,#1304));
#1306=FACE_OUTER_BOUND('',#1305,.T.);
#1307=ADVANCED_FACE('',(#1306),#1289,.T.);
#1308=CARTESIAN_POINT('',(-59.847759,-43.234633,-4.000000));
#1309=DIRECTION('',(-0.980785,0.195090,0.000000));
#1310=DIRECTION('',(0.000000,0.000000,1.000000));
#1311=AXIS2_PLACEMENT_3D('',#1308,#1309,#1310);
#1312=PLANE('',#1311);
#1313=DIRECTION('',(-0.037356,-0.187801,0.981496));
#1314=VECTOR('',#1313,4.075410);
#1315=LINE('',#909,#1314);
#1316=EDGE_CURVE('',#910,#944,#1315,.T.);
#1317=ORIENTED_EDGE('',*,*,#1316,.T.);
#1318=DIRECTION('',(0.195090,0.980785,0.000000));
#1319=VECTOR('',#1318,0.780361);
#1320=LINE('',#943,#1319);
#1321=EDGE_CURVE('',#944,#942,#1320,.T.);
#1322=ORIENTED_EDGE('',*,*,#1321,.T.);
#1323=DIRECTION('',(0.000000,0.000000,-1.000000));
#1324=VECTOR('',#1323,4.000000);
#1325=LINE('',#941,#1324);
#1326=EDGE_CURVE('',#942,#910,#1325,.T.);
#1327=ORIENTED_EDGE('',*,*,#1326,.T.);
#1328=EDGE_LOOP('',(#1317,#1322,#1327));
#1329=FACE_OUTER_BOUND('',#1328,.T.);
#1330=ADVANCED_FACE('',(#1329),#1312,.T.);
#1331=CARTESIAN_POINT('',(-60.000000,-44.000000,-4.000000));
#1332=DIRECTION('',(-0.980785,-0.195090,0.000000));
#1333=DIRECTION('',(0.000000,0.000000,1.000000));
#1334=AXIS2_PLACEMENT_3D('',#1331,#1332,#1333);
#1335=PLANE('',#1334);
#1336=DIRECTION('',(0.195090,-0.980785,0.000000));
#1337=VECTOR('',#1336,0.780361);
#1338=LINE('',#911,#1337);
#1339=EDGE_CURVE('',#912,#914,#1338,.T.);
#1340=ORIENTED_EDGE('',*,*,#1339,.T.);
#1341=DIRECTION('',(0.000000,0.000000,1.000000));
#1342=VECTOR('',#1341,4.000000);
#1343=LINE('',#913,#1342);
#1344=EDGE_CURVE('',#914,#946,#1343,.T.);
#1345=ORIENTED_EDGE('',*,*,#1344,.T.);
#1346=DIRECTION('',(-0.037356,0.187801,-0.981496));
#1347=VECTOR('',#1346,4.075410);
#1348=LINE('',#945,#1347);
#1349=EDGE_CURVE('',#946,#912,#1348,.T.);
#1350=ORIENTED_EDGE('',*,*,#1349,.T.);
#1351=EDGE_LOOP('',(#1340,#1345,#1350));
#1352=FACE_OUTER_BOUND('',#1351,.T.);
#1353=ADVANCED_FACE('',(#1352),#1335,.T.);
#1354=CARTESIAN_POINT('',(-60.000000,-44.000000,-4.000000));
#1355=DIRECTION('',(-0.980785,-0.195090,0.000000));
#1356=DIRECTION('',(0.000000,0.000000,1.000000));
#1357=AXIS2_PLACEMENT_3D('',#1354,#1355,#1356);
#1358=PLANE('',#1357);
#1359=DIRECTION('',(0.037356,-0.187801,0.981496));
#1360=VECTOR('',#1359,4.075410);
#1361=LINE('',#911,#1360);
#1362=EDGE_CURVE('',#912,#946,#1361,.T.);
#1363=ORIENTED_EDGE('',*,*,#1362,.T.);
#1364=DIRECTION('',(-0.195090,0.980785,0.000000));
#1365=VECTOR('',#1364,0.780361);
#1366=LINE('',#945,#1365);
#1367=EDGE_CURVE('',#946,#944,#1366,.T.);
#1368=ORIENTED_EDGE('',*,*,#1367,.T.);
#1369=DIRECTION('',(0.000000,0.000000,-1.000000));
#1370=VECTOR('',#1369,4.000000);
#1371=LINE('',#943,#1370);
#1372=EDGE_CURVE('',#944,#912,#1371,.T.);
#1373=ORIENTED_EDGE('',*,*,#1372,.T.);
#1374=EDGE_LOOP('',(#1363,#1368,#1373));
#1375=FACE_OUTER_BOUND('',#1374,.T.);
#1376=ADVANCED_FACE('',(#1375),#1358,.T.);
#1377=CARTESIAN_POINT('',(-59.847759,-44.765367,-4.000000));
#1378=DIRECTION('',(-0.831470,-0.555570,0.000000));
#1379=DIRECTION('',(0.000000,0.000000,1.000000));
#1380=AXIS2_PLACEMENT_3D('',#1377,#1378,#1379);
#1381=PLANE('',#1380);
#1382=DIRECTION('',(0.555570,-0.831470,0.000000));
#1383=VECTOR('',#1382,0.780361);
#1384=LINE('',#913,#1383);
#1385=EDGE_CURVE('',#914,#916,#1384,.T.);
#1386=ORIENTED_EDGE('',*,*,#1385,.T.);
#1387=DIRECTION('',(0.000000,0.000000,1.000000));
#1388=VECTOR('',#1387,4.000000);
#1389=LINE('',#915,#1388);
#1390=EDGE_CURVE('',#916,#948,#1389,.T.);
#1391=ORIENTED_EDGE('',*,*,#1390,.T.);
#1392=DIRECTION('',(-0.106381,0.159210,-0.981496));
#1393=VECTOR('',#1392,4.075410);
#1394=LINE('',#947,#1393);
#1395=EDGE_CURVE('',#948,#914,#1394,.T.);
#1396=ORIENTED_EDGE('',*,*,#1395,.T.);
#1397=EDGE_LOOP('',(#1386,#1391,#1396));
#1398=FACE_OUTER_BOUND('',#1397,.T.);
#1399=ADVANCED_FACE('',(#1398),#1381,.T.);
#1400=CARTESIAN_POINT('',(-59.847759,-44.765367,-4.000000));
#1401=DIRECTION('',(-0.831470,-0.555570,0.000000));
#1402=DIRECTION('',(0.000000,0.000000,1.000000));
#1403=AXIS2_PLACEMENT_3D('',#1400,#1401,#1402);
#1404=PLANE('',#1403);
#1405=DIRECTION('',(0.106381,-0.159210,0.981496));
#1406=VECTOR('',#1405,4.075410);
#1407=LINE('',#913,#1406);
#1408=EDGE_CURVE('',#914,#948,#1407,.T.);
#1409=ORIENTED_EDGE('',*,*,#1408,.T.);
#1410=DIRECTION('',(-0.555570,0.831470,0.000000));
#1411=VECTOR('',#1410,0.780361);
#1412=LINE('',#947,#1411);
#1413=EDGE_CURVE('',#948,#946,#1412,.T.);
#1414=ORIENTED_EDGE('',*,*,#1413,.T.);
#1415=DIRECTION('',(0.000000,0.000000,-1.000000));
#1416=VECTOR('',#1415,4.000000);
#1417=LINE('',#945,#1416);
#1418=EDGE_CURVE('',#946,#914,#1417,.T.);
#1419=ORIENTED_EDGE('',*,*,#1418,.T.);
#1420=EDGE_LOOP('',(#1409,#1414,#1419));
#1421=FACE_OUTER_BOUND('',#1420,.T.);
#1422=ADVANCED_FACE('',(#1421),#1404,.T.);
#1423=CARTESIAN_POINT('',(-59.414214,-45.414214,-4.000000));
#1424=DIRECTION('',(-0.555570,-0.831470,0.000000));
#1425=DIRECTION('',(0.000000,0.000000,1.000000));
#1426=AXIS2_PLACEMENT_3D('',#1423,#1424,#1425);
#1427=PLANE('',#1426);
#1428=DIRECTION('',(0.831470,-0.555570,0.000000));
#1429=VECTOR('',#1428,0.780361);
#1430=LINE('',#915,#1429);
#1431=EDGE_CURVE('',#916,#918,#1430,.T.);
#1432=ORIENTED_EDGE('',*,*,#1431,.T.);
#1433=DIRECTION('',(0.000000,0.000000,1.000000));
#1434=VECTOR('',#1433,4.000000);
#1435=LINE('',#917,#1434);
#1436=EDGE_CURVE('',#918,#950,#1435,.T.);
#1437=ORIENTED_EDGE('',*,*,#1436,.T.);
#1438=DIRECTION('',(-0.159210,0.106381,-0.981496));
#1439=VECTOR('',#1438,4.075410);
#1440=LINE('',#949,#1439);
#1441=EDGE_CURVE('',#950,#916,#1440,.T.);
#1442=ORIENTED_EDGE('',*,*,#1441,.T.);
#1443=EDGE_LOOP('',(#1432,#1437,#1442));
#1444=FACE_OUTER_BOUND('',#1443,.T.);
#1445=ADVANCED_FACE('',(#1444),#1427,.T.);
#1446=CARTESIAN_POINT('',(-59.414214,-45.414214,-4.000000));
#1447=DIRECTION('',(-0.555570,-0.831470,0.000000));
#1448=DIRECTION('',(0.000000,0.000000,1.000000));
#1449=AXIS2_PLACEMENT_3D('',#1446,#1447,#1448);
#1450=PLANE('',#1449);
#1451=DIRECTION('',(0.159210,-0.106381,0.981496));
#1452=VECTOR('',#1451,4.075410);
#1453=LINE('',#915,#1452);
#1454=EDGE_CURVE('',#916,#950,#1453,.T.);
#1455=ORIENTED_EDGE('',*,*,#1454,.T.);
#1456=DIRECTION('',(-0.831470,0.555570,0.000000));
#1457=VECTOR('',#1456,0.780361);
#1458=LINE('',#949,#1457);
#1459=EDGE_CURVE('',#950,#948,#1458,.T.);
#1460=ORIENTED_EDGE('',*,*,#1459,.T.);
#1461=DIRECTION('',(0.000000,0.000000,-1.000000));
#1462=VECTOR('',#1461,4.000000);
#1463=LINE('',#947,#1462);
#1464=EDGE_CURVE('',#948,#916,#1463,.T.);
#1465=ORIENTED_EDGE('',*,*,#1464,.T.);
#1466=EDGE_LOOP('',(#1455,#1460,#1465));
#1467=FACE_OUTER_BOUND('',#1466,.T.);
#1468=ADVANCED_FACE('',(#1467),#1450,.T.);
#1469=CARTESIAN_POINT('',(-58.765367,-45.847759,-4.000000));
#1470=DIRECTION('',(-0.195090,-0.980785,0.000000));
#1471=DIRECTION('',(0.000000,0.000000,1.000000));
#1472=AXIS2_PLACEMENT_3D('',#1469,#1470,#1471);
#1473=PLANE('',#1472);
#1474=DIRECTION('',(0.980785,-0.195090,0.000000));
#1475=VECTOR('',#1474,0.780361);
#1476=LINE('',#917,#1475);
#1477=EDGE_CURVE('',#918,#920,#1476,.T.);
#1478=ORIENTED_EDGE('',*,*,#1477,.T.);
#1479=DIRECTION('',(0.000000,0.000000,1.000000));
#1480=VECTOR('',#1479,4.000000);
#1481=LINE('',#919,#1480);
#1482=EDGE_CURVE('',#920,#952,#1481,.T.);
#1483=ORIENTED_EDGE('',*,*,#1482,.T.);
#1484=DIRECTION('',(-0.187801,0.037356,-0.981496));
#1485=VECTOR('',#1484,4.075410);
#1486=LINE('',#951,#1485);
#1487=EDGE_CURVE('',#952,#918,#1486,.T.);
#1488=ORIENTED_EDGE('',*,*,#1487,.T.);
#1489=EDGE_LOOP('',(#1478,#1483,#1488));
#1490=FACE_OUTER_BOUND('',#1489,.T.);
#1491=ADVANCED_FACE('',(#1490),#1473,.T.);
#1492=CARTESIAN_POINT('',(-58.765367,-45.847759,-4.000000));
#1493=DIRECTION('',(-0.195090,-0.980785,0.000000));
#1494=DIRECTION('',(0.000000,0.000000,1.000000));
#1495=AXIS2_PLACEMENT_3D('',#1492,#1493,#1494);
#1496=PLANE('',#1495);
#1497=DIRECTION('',(0.187801,-0.037356,0.981496));
#1498=VECTOR('',#1497,4.075410);
#1499=LINE('',#917,#1498);
#1500=EDGE_CURVE('',#918,#952,#1499,.T.);
#1501=ORIENTED_EDGE('',*,*,#1500,.T.);
#1502=DIRECTION('',(-0.980785,0.195090,0.000000));
#1503=VECTOR('',#1502,0.780361);
#1504=LINE('',#951,#1503);
#1505=EDGE_CURVE('',#952,#950,#1504,.T.);
#1506=ORIENTED_EDGE('',*,*,#1505,.T.);
#1507=DIRECTION('',(0.000000,0.000000,-1.000000));
#1508=VECTOR('',#1507,4.000000);
#1509=LINE('',#949,#1508);
#1510=EDGE_CURVE('',#950,#918,#1509,.T.);
#1511=ORIENTED_EDGE('',*,*,#1510,.T.);
#1512=EDGE_LOOP('',(#1501,#1506,#1511));
#1513=FACE_OUTER_BOUND('',#1512,.T.);
#1514=ADVANCED_FACE('',(#1513),#1496,.T.);
#1515=CARTESIAN_POINT('',(-58.000000,-46.000000,-4.000000));
#1516=DIRECTION('',(0.195090,-0.980785,0.000000));
#1517=DIRECTION('',(0.000000,0.000000,1.000000));
#1518=AXIS2_PLACEMENT_3D('',#1515,#1516,#1517);
#1519=PLANE('',#1518);
#1520=DIRECTION('',(0.980785,0.195090,0.000000));
#1521=VECTOR('',#1520,0.780361);
#1522=LINE('',#919,#1521);
#1523=EDGE_CURVE('',#920,#922,#1522,.T.);
#1524=ORIENTED_EDGE('',*,*,#1523,.T.);
#1525=DIRECTION('',(0.000000,0.000000,1.000000));
#1526=VECTOR('',#1525,4.000000);
#1527=LINE('',#921,#1526);
#1528=EDGE_CURVE('',#922,#954,#1527,.T.);
#1529=ORIENTED_EDGE('',*,*,#1528,.T.);
#1530=DIRECTION('',(-0.187801,-0.037356,-0.981496));
#1531=VECTOR('',#1530,4.075410);
#1532=LINE('',#953,#1531);
#1533=EDGE_CURVE('',#954,#920,#1532,.T.);
#1534=ORIENTED_EDGE('',*,*,#1533,.T.);
#1535=EDGE_LOOP('',(#1524,#1529,#1534));
#1536=FACE_OUTER_BOUND('',#1535,.T.);
#1537=ADVANCED_FACE('',(#1536),#1519,.T.);
#1538=CARTESIAN_POINT('',(-58.000000,-46.000000,-4.000000));
#1539=DIRECTION('',(0.195090,-0.980785,0.000000));
#1540=DIRECTION('',(0.000000,0.000000,1.000000));
#1541=AXIS2_PLACEMENT_3D('',#1538,#1539,#1540);
#1542=PLANE('',#1541);
#1543=DIRECTION('',(0.187801,0.037356,0.981496));
#1544=VECTOR('',#1543,4.075410);
#1545=LINE('',#919,#1544);
#1546=EDGE_CURVE('',#920,#954,#1545,.T.);
#1547=ORIENTED_EDGE('',*,*,#1546,.T.);
#1548=DIRECTION('',(-0.980785,-0.195090,0.000000));
#1549=VECTOR('',#1548,0.780361);
#1550=LINE('',#953,#1549);
#1551=EDGE_CURVE('',#954,#952,#1550,.T.);
#1552=ORIENTED_EDGE('',*,*,#1551,.T.);
#1553=DIRECTION('',(0.000000,0.000000,-1.000000));
#1554=VECTOR('',#1553,4.000000);
#1555=LINE('',#951,#1554);
#1556=EDGE_CURVE('',#952,#920,#1555,.T.);
#1557=ORIENTED_EDGE('',*,*,#1556,.T.);
#1558=EDGE_LOOP('',(#1547,#1552,#1557));
#1559=FACE_OUTER_BOUND('',#1558,.T.);
#1560=ADVANCED_FACE('',(#1559),#1542,.T.);
#1561=CARTESIAN_POINT('',(-57.234633,-45.847759,-4.000000));
#1562=DIRECTION('',(0.555570,-0.831470,0.000000));
#1563=DIRECTION('',(0.000000,0.000000,1.000000));
#1564=AXIS2_PLACEMENT_3D('',#1561,#1562,#1563);
#1565=PLANE('',#1564);
#1566=DIRECTION('',(0.831470,0.555570,0.000000));
#1567=VECTOR('',#1566,0.780361);
#1568=LINE('',#921,#1567);
#1569=EDGE_CURVE('',#922,#924,#1568,.T.);
#1570=ORIENTED_EDGE('',*,*,#1569,.T.);
#1571=DIRECTION('',(0.000000,0.000000,1.000000));
#1572=VECTOR('',#1571,4.000000);
#1573=LINE('',#923,#1572);
#1574=EDGE_CURVE('',#924,#956,#1573,.T.);
#1575=ORIENTED_EDGE('',*,*,#1574,.T.);
#1576=DIRECTION('',(-0.159210,-0.106381,-0.981496));
#1577=VECTOR('',#1576,4.075410);
#1578=LINE('',#955,#1577);
#1579=EDGE_CURVE('',#956,#922,#1578,.T.);
#1580=ORIENTED_EDGE('',*,*,#1579,.T.);
#1581=EDGE_LOOP('',(#1570,#1575,#1580));
#1582=FACE_OUTER_BOUND('',#1581,.T.);
#1583=ADVANCED_FACE('',(#1582),#1565,.T.);
#1584=CARTESIAN_POINT('',(-57.234633,-45.847759,-4.000000));
#1585=DIRECTION('',(0.555570,-0.831470,0.000000));
#1586=DIRECTION('',(0.000000,0.000000,1.000000));
#1587=AXIS2_PLACEMENT_3D('',#1584,#1585,#1586);
#1588=PLANE('',#1587);
#1589=DIRECTION('',(0.159210,0.106381,0.981496));
#1590=VECTOR('',#1589,4.075410);
#1591=LINE('',#921,#1590);
#1592=EDGE_CURVE('',#922,#956,#1591,.T.);
#1593=ORIENTED_EDGE('',*,*,#1592,.T.);
#1594=DIRECTION('',(-0.831470,-0.555570,0.000000));
#1595=VECTOR('',#1594,0.780361);
#1596=LINE('',#955,#1595);
#1597=EDGE_CURVE('',#956,#954,#1596,.T.);
#1598=ORIENTED_EDGE('',*,*,#1597,.T.);
#1599=DIRECTION('',(0.000000,0.000000,-1.000000));
#1600=VECTOR('',#1599,4.000000);
#1601=LINE('',#953,#1600);
#1602=EDGE_CURVE('',#954,#922,#1601,.T.);
#1603=ORIENTED_EDGE('',*,*,#1602,.T.);
#1604=EDGE_LOOP('',(#1593,#1598,#1603));
#1605=FACE_OUTER_BOUND('',#1604,.T.);
#1606=ADVANCED_FACE('',(#1605),#1588,.T.);
#1607=CARTESIAN_POINT('',(-56.585786,-45.414214,-4.000000));
#1608=DIRECTION('',(0.831470,-0.555570,0.000000));
#1609=DIRECTION('',(0.000000,0.000000,1.000000));
#1610=AXIS2_PLACEMENT_3D('',#1607,#1608,#1609);
#1611=PLANE('',#1610);
#1612=DIRECTION('',(0.555570,0.831470,0.000000));
#1613=VECTOR('',#1612,0.780361);
#1614=LINE('',#923,#1613);
#1615=EDGE_CURVE('',#924,#926,#1614,.T.);
#1616=ORIENTED_EDGE('',*,*,#1615,.T.);
#1617=DIRECTION('',(0.000000,0.000000,1.000000));
#1618=VECTOR('',#1617,4.000000);
#1619=LINE('',#925,#1618);
#1620=EDGE_CURVE('',#926,#958,#1619,.T.);
#1621=ORIENTED_EDGE('',*,*,#1620,.T.);
#1622=DIRECTION('',(-0.106381,-0.159210,-0.981496));
#1623=VECTOR('',#1622,4.075410);
#1624=LINE('',#957,#1623);
#1625=EDGE_CURVE('',#958,#924,#1624,.T.);
#1626=ORIENTED_EDGE('',*,*,#1625,.T.);
#1627=EDGE_LOOP('',(#1616,#1621,#1626));
#1628=FACE_OUTER_BOUND('',#1627,.T.);
#1629=ADVANCED_FACE('',(#1628),#1611,.T.);
#1630=CARTESIAN_POINT('',(-56.585786,-45.414214,-4.000000));
#1631=DIRECTION('',(0.831470,-0.555570,0.000000));
#1632=DIRECTION('',(0.000000,0.000000,1.000000));
#1633=AXIS2_PLACEMENT_3D('',#1630,#1631,#1632);
#1634=PLANE('',#1633);
#1635=DIRECTION('',(0.106381,0.159210,0.981496));
#1636=VECTOR('',#1635,4.075410);
#1637=LINE('',#923,#1636);
#1638=EDGE_CURVE('',#924,#958,#1637,.T.);
#1639=ORIENTED_EDGE('',*,*,#1638,.T.);
#1640=DIRECTION('',(-0.555570,-0.831470,0.000000));
#1641=VECTOR('',#1640,0.780361);
#1642=LINE('',#957,#1641);
#1643=EDGE_CURVE('',#958,#956,#1642,.T.);
#1644=ORIENTED_EDGE('',*,*,#1643,.T.);
#1645=DIRECTION('',(0.000000,0.000000,-1.000000));
#1646=VECTOR('',#1645,4.000000);
#1647=LINE('',#955,#1646);
#1648=EDGE_CURVE('',#956,#924,#1647,.T.);
#1649=ORIENTED_EDGE('',*,*,#1648,.T.);
#1650=EDGE_LOOP('',(#1639,#1644,#1649));
#1651=FACE_OUTER_BOUND('',#1650,.T.);
#1652=ADVANCED_FACE('',(#1651),#1634,.T.);
#1653=CARTESIAN_POINT('',(-56.152241,-44.765367,-4.000000));
#1654=DIRECTION('',(0.980785,-0.195090,0.000000));
#1655=DIRECTION('',(0.000000,0.000000,1.000000));
#1656=AXIS2_PLACEMENT_3D('',#1653,#1654,#1655);
#1657=PLANE('',#1656);
#1658=DIRECTION('',(0.195090,0.980785,0.000000));
#1659=VECTOR('',#1658,0.780361);
#1660=LINE('',#925,#1659);
#1661=EDGE_CURVE('',#926,#896,#1660,.T.);
#1662=ORIENTED_EDGE('',*,*,#1661,.T.);
#1663=DIRECTION('',(0.000000,0.000000,1.000000));
#1664=VECTOR('',#1663,4.000000);
#1665=LINE('',#895,#1664);
#1666=EDGE_CURVE('',#896,#928,#1665,.T.);
#1667=ORIENTED_EDGE('',*,*,#1666,.T.);
#1668=DIRECTION('',(-0.037356,-0.187801,-0.981496));
#1669=VECTOR('',#1668,4.075410);
#1670=LINE('',#927,#1669);
#1671=EDGE_CURVE('',#928,#926,#1670,.T.);
#1672=ORIENTED_EDGE('',*,*,#1671,.T.);
#1673=EDGE_LOOP('',(#1662,#1667,#1672));
#1674=FACE_OUTER_BOUND('',#1673,.T.);
#1675=ADVANCED_FACE('',(#1674),#1657,.T.);
#1676=CARTESIAN_POINT('',(-56.152241,-44.765367,-4.000000));
#1677=DIRECTION('',(0.980785,-0.195090,0.000000));
#1678=DIRECTION('',(0.000000,0.000000,1.000000));
#1679=AXIS2_PLACEMENT_3D('',#1676,#1677,#1678);
#1680=PLANE('',#1679);
#1681=DIRECTION('',(0.037356,0.187801,0.981496));
#1682=VECTOR('',#1681,4.075410);
#1683=LINE('',#925,#1682);
#1684=EDGE_CURVE('',#926,#928,#1683,.T.);
#1685=ORIENTED_EDGE('',*,*,#1684,.T.);
#1686=DIRECTION('',(-0.195090,-0.980785,0.000000));
#1687=VECTOR('',#1686,0.780361);
#1688=LINE('',#927,#1687);
#1689=EDGE_CURVE('',#928,#958,#1688,.T.);
#1690=ORIENTED_EDGE('',*,*,#1689,.T.);
#1691=DIRECTION('',(0.000000,0.000000,-1.000000));
#1692=VECTOR('',#1691,4.000000);
#1693=LINE('',#957,#1692);
#1694=EDGE_CURVE('',#958,#926,#1693,.T.);
#1695=ORIENTED_EDGE('',*,*,#1694,.T.);
#1696=EDGE_LOOP('',(#1685,#1690,#1695));
#1697=FACE_OUTER_BOUND('',#1696,.T.);
#1698=ADVANCED_FACE('',(#1697),#1680,.T.);
#1699=CARTESIAN_POINT('',(-58.000000,-44.000000,-4.000000));
#1700=DIRECTION('',(0.000000,0.000000,-1.000000));
#1701=DIRECTION('',(1.000000,0.000000,0.000000));
#1702=AXIS2_PLACEMENT_3D('',#1699,#1700,#1701);
#1703=PLANE('',#1702);
#1704=DIRECTION('',(0.923880,0.382684,0.000000));
#1705=VECTOR('',#1704,2.000000);
#1706=LINE('',#959,#1705);
#1707=EDGE_CURVE('',#960,#898,#1706,.T.);
#1708=ORIENTED_EDGE('',*,*,#1707,.T.);
#1709=DIRECTION('',(0.195090,-0.980785,0.000000));
#1710=VECTOR('',#1709,0.780361);
#1711=LINE('',#897,#1710);
#1712=EDGE_CURVE('',#898,#896,#1711,.T.);
#1713=ORIENTED_EDGE('',*,*,#1712,.T.);
#1714=DIRECTION('',(-1.000000,0.000000,0.000000));
#1715=VECTOR('',#1714,2.000000);
#1716=LINE('',#895,#1715);
#1717=EDGE_CURVE('',#896,#960,#1716,.T.);
#1718=ORIENTED_EDGE('',*,*,#1717,.T.);
#1719=EDGE_LOOP('',(#1708,#1713,#1718));
#1720=FACE_OUTER_BOUND('',#1719,.T.);
#1721=ADVANCED_FACE('',(#1720),#1703,.T.);
#1722=CARTESIAN_POINT('',(-58.000000,-44.000000,0.000000));
#1723=DIRECTION('',(0.000000,0.000000,1.000000));
#1724=DIRECTION('',(1.000000,0.000000,0.000000));
#1725=AXIS2_PLACEMENT_3D('',#1722,#1723,#1724);
#1726=PLANE('',#1725);
#1727=DIRECTION('',(1.000000,0.000000,0.000000));
#1728=VECTOR('',#1727,2.000000);
#1729=LINE('',#961,#1728);
#1730=EDGE_CURVE('',#962,#928,#1729,.T.);
#1731=ORIENTED_EDGE('',*,*,#1730,.T.);
#1732=DIRECTION('',(-0.195090,0.980785,0.000000));
#1733=VECTOR('',#1732,0.780361);
#1734=LINE('',#927,#1733);
#1735=EDGE_CURVE('',#928,#930,#1734,.T.);
#1736=ORIENTED_EDGE('',*,*,#1735,.T.);
#1737=DIRECTION('',(-0.923880,-0.382684,0.000000));
#1738=VECTOR('',#1737,2.000000);
#1739=LINE('',#929,#1738);
#1740=EDGE_CURVE('',#930,#962,#1739,.T.);
#1741=ORIENTED_EDGE('',*,*,#1740,.T.);
#1742=EDGE_LOOP('',(#1731,#1736,#1741));
#1743=FACE_OUTER_BOUND('',#1742,.T.);
#1744=ADVANCED_FACE('',(#1743),#1726,.T.);
#1745=CARTESIAN_POINT('',(-58.000000,-44.000000,-4.000000));
#1746=DIRECTION('',(0.000000,0.000000,-1.000000));
#1747=DIRECTION('',(1.000000,0.000000,0.000000));
#1748=AXIS2_PLACEMENT_3D('',#1745,#1746,#1747);
#1749=PLANE('',#1748);
#1750=DIRECTION('',(0.707107,0.707107,0.000000));
#1751=VECTOR('',#1750,2.000001);
#1752=LINE('',#959,#1751);
#1753=EDGE_CURVE('',#960,#900,#1752,.T.);
#1754=ORIENTED_EDGE('',*,*,#1753,.T.);
#1755=DIRECTION('',(0.555570,-0.831470,0.000000));
#1756=VECTOR('',#1755,0.780361);
#1757=LINE('',#899,#1756);
#1758=EDGE_CURVE('',#900,#898,#1757,.T.);
#1759=ORIENTED_EDGE('',*,*,#1758,.T.);
#1760=DIRECTION('',(-0.923880,-0.382684,0.000000));
#1761=VECTOR('',#1760,2.000000);
#1762=LINE('',#897,#1761);
#1763=EDGE_CURVE('',#898,#960,#1762,.T.);
#1764=ORIENTED_EDGE('',*,*,#1763,.T.);
#1765=EDGE_LOOP('',(#1754,#1759,#1764));
#1766=FACE_OUTER_BOUND('',#1765,.T.);
#1767=ADVANCED_FACE('',(#1766),#1749,.T.);
#1768=CARTESIAN_POINT('',(-58.000000,-44.000000,0.000000));
#1769=DIRECTION('',(0.000000,0.000000,1.000000));
#1770=DIRECTION('',(1.000000,0.000000,0.000000));
#1771=AXIS2_PLACEMENT_3D('',#1768,#1769,#1770);
#1772=PLANE('',#1771);
#1773=DIRECTION('',(0.923880,0.382684,0.000000));
#1774=VECTOR('',#1773,2.000000);
#1775=LINE('',#961,#1774);
#1776=EDGE_CURVE('',#962,#930,#1775,.T.);
#1777=ORIENTED_EDGE('',*,*,#1776,.T.);
#1778=DIRECTION('',(-0.555570,0.831470,0.000000));
#1779=VECTOR('',#1778,0.780361);
#1780=LINE('',#929,#1779);
#1781=EDGE_CURVE('',#930,#932,#1780,.T.);
#1782=ORIENTED_EDGE('',*,*,#1781,.T.);
#1783=DIRECTION('',(-0.707107,-0.707107,0.000000));
#1784=VECTOR('',#1783,2.000001);
#1785=LINE('',#931,#1784);
#1786=EDGE_CURVE('',#932,#962,#1785,.T.);
#1787=ORIENTED_EDGE('',*,*,#1786,.T.);
#1788=EDGE_LOOP('',(#1777,#1782,#1787));
#1789=FACE_OUTER_BOUND('',#1788,.T.);
#1790=ADVANCED_FACE('',(#1789),#1772,.T.);
#1791=CARTESIAN_POINT('',(-58.000000,-44.000000,-4.000000));
#1792=DIRECTION('',(0.000000,0.000000,-1.000000));
#1793=DIRECTION('',(1.000000,0.000000,0.000000));
#1794=AXIS2_PLACEMENT_3D('',#1791,#1792,#1793);
#1795=PLANE('',#1794);
#1796=DIRECTION('',(0.382684,0.923880,0.000000));
#1797=VECTOR('',#1796,2.000000);
#1798=LINE('',#959,#1797);
#1799=EDGE_CURVE('',#960,#902,#1798,.T.);
#1800=ORIENTED_EDGE('',*,*,#1799,.T.);
#1801=DIRECTION('',(0.831470,-0.555570,0.000000));
#1802=VECTOR('',#1801,0.780361);
#1803=LINE('',#901,#1802);
#1804=EDGE_CURVE('',#902,#900,#1803,.T.);
#1805=ORIENTED_EDGE('',*,*,#1804,.T.);
#1806=DIRECTION('',(-0.707107,-0.707107,0.000000));
#1807=VECTOR('',#1806,2.000001);
#1808=LINE('',#899,#1807);
#1809=EDGE_CURVE('',#900,#960,#1808,.T.);
#1810=ORIENTED_EDGE('',*,*,#1809,.T.);
#1811=EDGE_LOOP('',(#1800,#1805,#1810));
#1812=FACE_OUTER_BOUND('',#1811,.T.);
#1813=ADVANCED_FACE('',(#1812),#1795,.T.);
#1814=CARTESIAN_POINT('',(-58.000000,-44.000000,0.000000));
#1815=DIRECTION('',(0.000000,0.000000,1.000000));
#1816=DIRECTION('',(1.000000,0.000000,0.000000));
#1817=AXIS2_PLACEMENT_3D('',#1814,#1815,#1816);
#1818=PLANE('',#1817);
#1819=DIRECTION('',(0.707107,0.707107,0.000000));
#1820=VECTOR('',#1819,2.000001);
#1821=LINE('',#961,#1820);
#1822=EDGE_CURVE('',#962,#932,#1821,.T.);
#1823=ORIENTED_EDGE('',*,*,#1822,.T.);
#1824=DIRECTION('',(-0.831470,0.555570,0.000000));
#1825=VECTOR('',#1824,0.780361);
#1826=LINE('',#931,#1825);
#1827=EDGE_CURVE('',#932,#934,#1826,.T.);
#1828=ORIENTED_EDGE('',*,*,#1827,.T.);
#1829=DIRECTION('',(-0.382684,-0.923880,0.000000));
#1830=VECTOR('',#1829,2.000000);
#1831=LINE('',#933,#1830);
#1832=EDGE_CURVE('',#934,#962,#1831,.T.);
#1833=ORIENTED_EDGE('',*,*,#1832,.T.);
#1834=EDGE_LOOP('',(#1823,#1828,#1833));
#1835=FACE_OUTER_BOUND('',#1834,.T.);
#1836=ADVANCED_FACE('',(#1835),#1818,.T.);
#1837=CARTESIAN_POINT('',(-58.000000,-44.000000,-4.000000));
#1838=DIRECTION('',(0.000000,0.000000,-1.000000));
#1839=DIRECTION('',(1.000000,0.000000,0.000000));
#1840=AXIS2_PLACEMENT_3D('',#1837,#1838,#1839);
#1841=PLANE('',#1840);
#1842=DIRECTION('',(0.000000,1.000000,0.000000));
#1843=VECTOR('',#1842,2.000000);
#1844=LINE('',#959,#1843);
#1845=EDGE_CURVE('',#960,#904,#1844,.T.);
#1846=ORIENTED_EDGE('',*,*,#1845,.T.);
#1847=DIRECTION('',(0.980785,-0.195090,0.000000));
#1848=VECTOR('',#1847,0.780361);
#1849=LINE('',#903,#1848);
#1850=EDGE_CURVE('',#904,#902,#1849,.T.);
#1851=ORIENTED_EDGE('',*,*,#1850,.T.);
#1852=DIRECTION('',(-0.382684,-0.923880,0.000000));
#1853=VECTOR('',#1852,2.000000);
#1854=LINE('',#901,#1853);
#1855=EDGE_CURVE('',#902,#960,#1854,.T.);
#1856=ORIENTED_EDGE('',*,*,#1855,.T.);
#1857=EDGE_LOOP('',(#1846,#1851,#1856));
#1858=FACE_OUTER_BOUND('',#1857,.T.);
#1859=ADVANCED_FACE('',(#1858),#1841,.T.);
#1860=CARTESIAN_POINT('',(-58.000000,-44.000000,0.000000));
#1861=DIRECTION('',(0.000000,0.000000,1.000000));
#1862=DIRECTION('',(1.000000,0.000000,0.000000));
#1863=AXIS2_PLACEMENT_3D('',#1860,#1861,#1862);
#1864=PLANE('',#1863);
#1865=DIRECTION('',(0.382684,0.923880,0.000000));
#1866=VECTOR('',#1865,2.000000);
#1867=LINE('',#961,#1866);
#1868=EDGE_CURVE('',#962,#934,#1867,.T.);
#1869=ORIENTED_EDGE('',*,*,#1868,.T.);
#1870=DIRECTION('',(-0.980785,0.195090,0.000000));
#1871=VECTOR('',#1870,0.780361);
#1872=LINE('',#933,#1871);
#1873=EDGE_CURVE('',#934,#936,#1872,.T.);
#1874=ORIENTED_EDGE('',*,*,#1873,.T.);
#1875=DIRECTION('',(0.000000,-1.000000,0.000000));
#1876=VECTOR('',#1875,2.000000);
#1877=LINE('',#935,#1876);
#1878=EDGE_CURVE('',#936,#962,#1877,.T.);
#1879=ORIENTED_EDGE('',*,*,#1878,.T.);
#1880=EDGE_LOOP('',(#1869,#1874,#1879));
#1881=FACE_OUTER_BOUND('',#1880,.T.);
#1882=ADVANCED_FACE('',(#1881),#1864,.T.);
#1883=CARTESIAN_POINT('',(-58.000000,-44.000000,-4.000000));
#1884=DIRECTION('',(0.000000,0.000000,-1.000000));
#1885=DIRECTION('',(1.000000,0.000000,0.000000));
#1886=AXIS2_PLACEMENT_3D('',#1883,#1884,#1885);
#1887=PLANE('',#1886);
#1888=DIRECTION('',(-0.382684,0.923880,0.000000));
#1889=VECTOR('',#1888,2.000000);
#1890=LINE('',#959,#1889);
#1891=EDGE_CURVE('',#960,#906,#1890,.T.);
#1892=ORIENTED_EDGE('',*,*,#1891,.T.);
#1893=DIRECTION('',(0.980785,0.195090,0.000000));
#1894=VECTOR('',#1893,0.780361);
#1895=LINE('',#905,#1894);
#1896=EDGE_CURVE('',#906,#904,#1895,.T.);
#1897=ORIENTED_EDGE('',*,*,#1896,.T.);
#1898=DIRECTION('',(0.000000,-1.000000,0.000000));
#1899=VECTOR('',#1898,2.000000);
#1900=LINE('',#903,#1899);
#1901=EDGE_CURVE('',#904,#960,#1900,.T.);
#1902=ORIENTED_EDGE('',*,*,#1901,.T.);
#1903=EDGE_LOOP('',(#1892,#1897,#1902));
#1904=FACE_OUTER_BOUND('',#1903,.T.);
#1905=ADVANCED_FACE('',(#1904),#1887,.T.);
#1906=CARTESIAN_POINT('',(-58.000000,-44.000000,0.000000));
#1907=DIRECTION('',(0.000000,0.000000,1.000000));
#1908=DIRECTION('',(1.000000,0.000000,0.000000));
#1909=AXIS2_PLACEMENT_3D('',#1906,#1907,#1908);
#1910=PLANE('',#1909);
#1911=DIRECTION('',(0.000000,1.000000,0.000000));
#1912=VECTOR('',#1911,2.000000);
#1913=LINE('',#961,#1912);
#1914=EDGE_CURVE('',#962,#936,#1913,.T.);
#1915=ORIENTED_EDGE('',*,*,#1914,.T.);
#1916=DIRECTION('',(-0.980785,-0.195090,0.000000));
#1917=VECTOR('',#1916,0.780361);
#1918=LINE('',#935,#1917);
#1919=EDGE_CURVE('',#936,#938,#1918,.T.);
#1920=ORIENTED_EDGE('',*,*,#1919,.T.);
#1921=DIRECTION('',(0.382684,-0.923880,0.000000));
#1922=VECTOR('',#1921,2.000000);
#1923=LINE('',#937,#1922);
#1924=EDGE_CURVE('',#938,#962,#1923,.T.);
#1925=ORIENTED_EDGE('',*,*,#1924,.T.);
#1926=EDGE_LOOP('',(#1915,#1920,#1925));
#1927=FACE_OUTER_BOUND('',#1926,.T.);
#1928=ADVANCED_FACE('',(#1927),#1910,.T.);
#1929=CARTESIAN_POINT('',(-58.000000,-44.000000,-4.000000));
#1930=DIRECTION('',(0.000000,0.000000,-1.000000));
#1931=DIRECTION('',(1.000000,0.000000,0.000000));
#1932=AXIS2_PLACEMENT_3D('',#1929,#1930,#1931);
#1933=PLANE('',#1932);
#1934=DIRECTION('',(-0.707107,0.707107,0.000000));
#1935=VECTOR('',#1934,2.000001);
#1936=LINE('',#959,#1935);
#1937=EDGE_CURVE('',#960,#908,#1936,.T.);
#1938=ORIENTED_EDGE('',*,*,#1937,.T.);
#1939=DIRECTION('',(0.831470,0.555570,0.000000));
#1940=VECTOR('',#1939,0.780361);
#1941=LINE('',#907,#1940);
#1942=EDGE_CURVE('',#908,#906,#1941,.T.);
#1943=ORIENTED_EDGE('',*,*,#1942,.T.);
#1944=DIRECTION('',(0.382684,-0.923880,0.000000));
#1945=VECTOR('',#1944,2.000000);
#1946=LINE('',#905,#1945);
#1947=EDGE_CURVE('',#906,#960,#1946,.T.);
#1948=ORIENTED_EDGE('',*,*,#1947,.T.);
#1949=EDGE_LOOP('',(#1938,#1943,#1948));
#1950=FACE_OUTER_BOUND('',#1949,.T.);
#1951=ADVANCED_FACE('',(#1950),#1933,.T.);
#1952=CARTESIAN_POINT('',(-58.000000,-44.000000,0.000000));
#1953=DIRECTION('',(0.000000,0.000000,1.000000));
#1954=DIRECTION('',(1.000000,0.000000,0.000000));
#1955=AXIS2_PLACEMENT_3D('',#1952,#1953,#1954);
#1956=PLANE('',#1955);
#1957=DIRECTION('',(-0.382684,0.923880,0.000000));
#1958=VECTOR('',#1957,2.000000);
#1959=LINE('',#961,#1958);
#1960=EDGE_CURVE('',#962,#938,#1959,.T.);
#1961=ORIENTED_EDGE('',*,*,#1960,.T.);
#1962=DIRECTION('',(-0.831470,-0.555570,0.000000));
#1963=VECTOR('',#1962,0.780361);
#1964=LINE('',#937,#1963);
#1965=EDGE_CURVE('',#938,#940,#1964,.T.);
#1966=ORIENTED_EDGE('',*,*,#1965,.T.);
#1967=DIRECTION('',(0.707107,-0.707107,0.000000));
#1968=VECTOR('',#1967,2.000001);
#1969=LINE('',#939,#1968);
#1970=EDGE_CURVE('',#940,#962,#1969,.T.);
#1971=ORIENTED_EDGE('',*,*,#1970,.T.);
#1972=EDGE_LOOP('',(#1961,#1966,#1971));
#1973=FACE_OUTER_BOUND('',#1972,.T.);
#1974=ADVANCED_FACE('',(#1973),#1956,.T.);
#1975=CARTESIAN_POINT('',(-58.000000,-44.000000,-4.000000));
#1976=DIRECTION('',(0.000000,0.000000,-1.000000));
#1977=DIRECTION('',(1.000000,0.000000,0.000000));
#1978=AXIS2_PLACEMENT_3D('',#1975,#1976,#1977);
#1979=PLANE('',#1978);
#1980=DIRECTION('',(-0.923880,0.382684,0.000000));
#1981=VECTOR('',#1980,2.000000);
#1982=LINE('',#959,#1981);
#1983=EDGE_CURVE('',#960,#910,#1982,.T.);
#1984=ORIENTED_EDGE('',*,*,#1983,.T.);
#1985=DIRECTION('',(0.555570,0.831470,0.000000));
#1986=VECTOR('',#1985,0.780361);
#1987=LINE('',#909,#1986);
#1988=EDGE_CURVE('',#910,#908,#1987,.T.);
#1989=ORIENTED_EDGE('',*,*,#1988,.T.);
#1990=DIRECTION('',(0.707107,-0.707107,0.000000));
#1991=VECTOR('',#1990,2.000001);
#1992=LINE('',#907,#1991);
#1993=EDGE_CURVE('',#908,#960,#1992,.T.);
#1994=ORIENTED_EDGE('',*,*,#1993,.T.);
#1995=EDGE_LOOP('',(#1984,#1989,#1994));
#1996=FACE_OUTER_BOUND('',#1995,.T.);
#1997=ADVANCED_FACE('',(#1996),#1979,.T.);
#1998=CARTESIAN_POINT('',(-58.000000,-44.000000,0.000000));
#1999=DIRECTION('',(0.000000,0.000000,1.000000));
#2000=DIRECTION('',(1.000000,0.000000,0.000000));
#2001=AXIS2_PLACEMENT_3D('',#1998,#1999,#2000);
#2002=PLANE('',#2001);
#2003=DIRECTION('',(-0.707107,0.707107,0.000000));
#2004=VECTOR('',#2003,2.000001);
#2005=LINE('',#961,#2004);
#2006=EDGE_CURVE('',#962,#940,#2005,.T.);
#2007=ORIENTED_EDGE('',*,*,#2006,.T.);
#2008=DIRECTION('',(-0.555570,-0.831470,0.000000));
#2009=VECTOR('',#2008,0.780361);
#2010=LINE('',#939,#2009);
#2011=EDGE_CURVE('',#940,#942,#2010,.T.);
#2012=ORIENTED_EDGE('',*,*,#2011,.T.);
#2013=DIRECTION('',(0.923880,-0.382684,0.000000));
#2014=VECTOR('',#2013,2.000000);
#2015=LINE('',#941,#2014);
#2016=EDGE_CURVE('',#942,#962,#2015,.T.);
#2017=ORIENTED_EDGE('',*,*,#2016,.T.);
#2018=EDGE_LOOP('',(#2007,#2012,#2017));
#2019=FACE_OUTER_BOUND('',#2018,.T.);
#2020=ADVANCED_FACE('',(#2019),#2002,.T.);
#2021=CARTESIAN_POINT('',(-58.000000,-44.000000,-4.000000));
#2022=DIRECTION('',(0.000000,0.000000,-1.000000));
#2023=DIRECTION('',(1.000000,0.000000,0.000000));
#2024=AXIS2_PLACEMENT_3D('',#2021,#2022,#2023);
#2025=PLANE('',#2024);
#2026=DIRECTION('',(-1.000000,0.000000,0.000000));
#2027=VECTOR('',#2026,2.000000);
#2028=LINE('',#959,#2027);
#2029=EDGE_CURVE('',#960,#912,#2028,.T.);
#2030=ORIENTED_EDGE('',*,*,#2029,.T.);
#2031=DIRECTION('',(0.195090,0.980785,0.000000));
#2032=VECTOR('',#2031,0.780361);
#2033=LINE('',#911,#2032);
#2034=EDGE_CURVE('',#912,#910,#2033,.T.);
#2035=ORIENTED_EDGE('',*,*,#2034,.T.);
#2036=DIRECTION('',(0.923880,-0.382684,0.000000));
#2037=VECTOR('',#2036,2.000000);
#2038=LINE('',#909,#2037);
#2039=EDGE_CURVE('',#910,#960,#2038,.T.);
#2040=ORIENTED_EDGE('',*,*,#2039,.T.);
#2041=EDGE_LOOP('',(#2030,#2035,#2040));
#2042=FACE_OUTER_BOUND('',#2041,.T.);
#2043=ADVANCED_FACE('',(#2042),#2025,.T.);
#2044=CARTESIAN_POINT('',(-58.000000,-44.000000,0.000000));
#2045=DIRECTION('',(0.000000,0.000000,1.000000));
#2046=DIRECTION('',(1.000000,0.000000,0.000000));
#2047=AXIS2_PLACEMENT_3D('',#2044,#2045,#2046);
#2048=PLANE('',#2047);
#2049=DIRECTION('',(-0.923880,0.382684,0.000000));
#2050=VECTOR('',#2049,2.000000);
#2051=LINE('',#961,#2050);
#2052=EDGE_CURVE('',#962,#942,#2051,.T.);
#2053=ORIENTED_EDGE('',*,*,#2052,.T.);
#2054=DIRECTION('',(-0.195090,-0.980785,0.000000));
#2055=VECTOR('',#2054,0.780361);
#2056=LINE('',#941,#2055);
#2057=EDGE_CURVE('',#942,#944,#2056,.T.);
#2058=ORIENTED_EDGE('',*,*,#2057,.T.);
#2059=DIRECTION('',(1.000000,0.000000,0.000000));
#2060=VECTOR('',#2059,2.000000);
#2061=LINE('',#943,#2060);
#2062=EDGE_CURVE('',#944,#962,#2061,.T.);
#2063=ORIENTED_EDGE('',*,*,#2062,.T.);
#2064=EDGE_LOOP('',(#2053,#2058,#2063));
#2065=FACE_OUTER_BOUND('',#2064,.T.);
#2066=ADVANCED_FACE('',(#2065),#2048,.T.);
#2067=CARTESIAN_POINT('',(-58.000000,-44.000000,-4.000000));
#2068=DIRECTION('',(0.000000,0.000000,-1.000000));
#2069=DIRECTION('',(1.000000,0.000000,0.000000));
#2070=AXIS2_PLACEMENT_3D('',#2067,#2068,#2069);
#2071=PLANE('',#2070);
#2072=DIRECTION('',(-0.923880,-0.382684,0.000000));
#2073=VECTOR('',#2072,2.000000);
#2074=LINE('',#959,#2073);
#2075=EDGE_CURVE('',#960,#914,#2074,.T.);
#2076=ORIENTED_EDGE('',*,*,#2075,.T.);
#2077=DIRECTION('',(-0.195090,0.980785,0.000000));
#2078=VECTOR('',#2077,0.780361);
#2079=LINE('',#913,#2078);
#2080=EDGE_CURVE('',#914,#912,#2079,.T.);
#2081=ORIENTED_EDGE('',*,*,#2080,.T.);
#2082=DIRECTION('',(1.000000,0.000000,0.000000));
#2083=VECTOR('',#2082,2.000000);
#2084=LINE('',#911,#2083);
#2085=EDGE_CURVE('',#912,#960,#2084,.T.);
#2086=ORIENTED_EDGE('',*,*,#2085,.T.);
#2087=EDGE_LOOP('',(#2076,#2081,#2086));
#2088=FACE_OUTER_BOUND('',#2087,.T.);
#2089=ADVANCED_FACE('',(#2088),#2071,.T.);
#2090=CARTESIAN_POINT('',(-58.000000,-44.000000,0.000000));
#2091=DIRECTION('',(0.000000,0.000000,1.000000));
#2092=DIRECTION('',(1.000000,0.000000,0.000000));
#2093=AXIS2_PLACEMENT_3D('',#2090,#2091,#2092);
#2094=PLANE('',#2093);
#2095=DIRECTION('',(-1.000000,0.000000,0.000000));
#2096=VECTOR('',#2095,2.000000);
#2097=LINE('',#961,#2096);
#2098=EDGE_CURVE('',#962,#944,#2097,.T.);
#2099=ORIENTED_EDGE('',*,*,#2098,.T.);
#2100=DIRECTION('',(0.195090,-0.980785,0.000000));
#2101=VECTOR('',#2100,0.780361);
#2102=LINE('',#943,#2101);
#2103=EDGE_CURVE('',#944,#946,#2102,.T.);
#2104=ORIENTED_EDGE('',*,*,#2103,.T.);
#2105=DIRECTION('',(0.923880,0.382684,0.000000));
#2106=VECTOR('',#2105,2.000000);
#2107=LINE('',#945,#2106);
#2108=EDGE_CURVE('',#946,#962,#2107,.T.);
#2109=ORIENTED_EDGE('',*,*,#2108,.T.);
#2110=EDGE_LOOP('',(#2099,#2104,#2109));
#2111=FACE_OUTER_BOUND('',#2110,.T.);
#2112=ADVANCED_FACE('',(#2111),#2094,.T.);
#2113=CARTESIAN_POINT('',(-58.000000,-44.000000,-4.000000));
#2114=DIRECTION('',(0.000000,0.000000,-1.000000));
#2115=DIRECTION('',(1.000000,0.000000,0.000000));
#2116=AXIS2_PLACEMENT_3D('',#2113,#2114,#2115);
#2117=PLANE('',#2116);
#2118=DIRECTION('',(-0.707107,-0.707107,0.000000));
#2119=VECTOR('',#2118,2.000001);
#2120=LINE('',#959,#2119);
#2121=EDGE_CURVE('',#960,#916,#2120,.T.);
#2122=ORIENTED_EDGE('',*,*,#2121,.T.);
#2123=DIRECTION('',(-0.555570,0.831470,0.000000));
#2124=VECTOR('',#2123,0.780361);
#2125=LINE('',#915,#2124);
#2126=EDGE_CURVE('',#916,#914,#2125,.T.);
#2127=ORIENTED_EDGE('',*,*,#2126,.T.);
#2128=DIRECTION('',(0.923880,0.382684,0.000000));
#2129=VECTOR('',#2128,2.000000);
#2130=LINE('',#913,#2129);
#2131=EDGE_CURVE('',#914,#960,#2130,.T.);
#2132=ORIENTED_EDGE('',*,*,#2131,.T.);
#2133=EDGE_LOOP('',(#2122,#2127,#2132));
#2134=FACE_OUTER_BOUND('',#2133,.T.);
#2135=ADVANCED_FACE('',(#2134),#2117,.T.);
#2136=CARTESIAN_POINT('',(-58.000000,-44.000000,0.000000));
#2137=DIRECTION('',(0.000000,0.000000,1.000000));
#2138=DIRECTION('',(1.000000,0.000000,0.000000));
#2139=AXIS2_PLACEMENT_3D('',#2136,#2137,#2138);
#2140=PLANE('',#2139);
#2141=DIRECTION('',(-0.923880,-0.382684,0.000000));
#2142=VECTOR('',#2141,2.000000);
#2143=LINE('',#961,#2142);
#2144=EDGE_CURVE('',#962,#946,#2143,.T.);
#2145=ORIENTED_EDGE('',*,*,#2144,.T.);
#2146=DIRECTION('',(0.555570,-0.831470,0.000000));
#2147=VECTOR('',#2146,0.780361);
#2148=LINE('',#945,#2147);
#2149=EDGE_CURVE('',#946,#948,#2148,.T.);
#2150=ORIENTED_EDGE('',*,*,#2149,.T.);
#2151=DIRECTION('',(0.707107,0.707107,0.000000));
#2152=VECTOR('',#2151,2.000001);
#2153=LINE('',#947,#2152);
#2154=EDGE_CURVE('',#948,#962,#2153,.T.);
#2155=ORIENTED_EDGE('',*,*,#2154,.T.);
#2156=EDGE_LOOP('',(#2145,#2150,#2155));
#2157=FACE_OUTER_BOUND('',#2156,.T.);
#2158=ADVANCED_FACE('',(#2157),#2140,.T.);
#2159=CARTESIAN_POINT('',(-58.000000,-44.000000,-4.000000));
#2160=DIRECTION('',(0.000000,0.000000,-1.000000));
#2161=DIRECTION('',(1.000000,0.000000,0.000000));
#2162=AXIS2_PLACEMENT_3D('',#2159,#2160,#2161);
#2163=PLANE('',#2162);
#2164=DIRECTION('',(-0.382684,-0.923880,0.000000));
#2165=VECTOR('',#2164,2.000000);
#2166=LINE('',#959,#2165);
#2167=EDGE_CURVE('',#960,#918,#2166,.T.);
#2168=ORIENTED_EDGE('',*,*,#2167,.T.);
#2169=DIRECTION('',(-0.831470,0.555570,0.000000));
#2170=VECTOR('',#2169,0.780361);
#2171=LINE('',#917,#2170);
#2172=EDGE_CURVE('',#918,#916,#2171,.T.);
#2173=ORIENTED_EDGE('',*,*,#2172,.T.);
#2174=DIRECTION('',(0.707107,0.707107,0.000000));
#2175=VECTOR('',#2174,2.000001);
#2176=LINE('',#915,#2175);
#2177=EDGE_CURVE('',#916,#960,#2176,.T.);
#2178=ORIENTED_EDGE('',*,*,#2177,.T.);
#2179=EDGE_LOOP('',(#2168,#2173,#2178));
#2180=FACE_OUTER_BOUND('',#2179,.T.);
#2181=ADVANCED_FACE('',(#2180),#2163,.T.);
#2182=CARTESIAN_POINT('',(-58.000000,-44.000000,0.000000));
#2183=DIRECTION('',(0.000000,0.000000,1.000000));
#2184=DIRECTION('',(1.000000,0.000000,0.000000));
#2185=AXIS2_PLACEMENT_3D('',#2182,#2183,#2184);
#2186=PLANE('',#2185);
#2187=DIRECTION('',(-0.707107,-0.707107,0.000000));
#2188=VECTOR('',#2187,2.000001);
#2189=LINE('',#961,#2188);
#2190=EDGE_CURVE('',#962,#948,#2189,.T.);
#2191=ORIENTED_EDGE('',*,*,#2190,.T.);
#2192=DIRECTION('',(0.831470,-0.555570,0.000000));
#2193=VECTOR('',#2192,0.780361);
#2194=LINE('',#947,#2193);
#2195=EDGE_CURVE('',#948,#950,#2194,.T.);
#2196=ORIENTED_EDGE('',*,*,#2195,.T.);
#2197=DIRECTION('',(0.382684,0.923880,0.000000));
#2198=VECTOR('',#2197,2.000000);
#2199=LINE('',#949,#2198);
#2200=EDGE_CURVE('',#950,#962,#2199,.T.);
#2201=ORIENTED_EDGE('',*,*,#2200,.T.);
#2202=EDGE_LOOP('',(#2191,#2196,#2201));
#2203=FACE_OUTER_BOUND('',#2202,.T.);
#2204=ADVANCED_FACE('',(#2203),#2186,.T.);
#2205=CARTESIAN_POINT('',(-58.000000,-44.000000,-4.000000));
#2206=DIRECTION('',(0.000000,0.000000,-1.000000));
#2207=DIRECTION('',(1.000000,0.000000,0.000000));
#2208=AXIS2_PLACEMENT_3D('',#2205,#2206,#2207);
#2209=PLANE('',#2208);
#2210=DIRECTION('',(0.000000,-1.000000,0.000000));
#2211=VECTOR('',#2210,2.000000);
#2212=LINE('',#959,#2211);
#2213=EDGE_CURVE('',#960,#920,#2212,.T.);
#2214=ORIENTED_EDGE('',*,*,#2213,.T.);
#2215=DIRECTION('',(-0.980785,0.195090,0.000000));
#2216=VECTOR('',#2215,0.780361);
#2217=LINE('',#919,#2216);
#2218=EDGE_CURVE('',#920,#918,#2217,.T.);
#2219=ORIENTED_EDGE('',*,*,#2218,.T.);
#2220=DIRECTION('',(0.382684,0.923880,0.000000));
#2221=VECTOR('',#2220,2.000000);
#2222=LINE('',#917,#2221);
#2223=EDGE_CURVE('',#918,#960,#2222,.T.);
#2224=ORIENTED_EDGE('',*,*,#2223,.T.);
#2225=EDGE_LOOP('',(#2214,#2219,#2224));
#2226=FACE_OUTER_BOUND('',#2225,.T.);
#2227=ADVANCED_FACE('',(#2226),#2209,.T.);
#2228=CARTESIAN_POINT('',(-58.000000,-44.000000,0.000000));
#2229=DIRECTION('',(0.000000,0.000000,1.000000));
#2230=DIRECTION('',(1.000000,0.000000,0.000000));
#2231=AXIS2_PLACEMENT_3D('',#2228,#2229,#2230);
#2232=PLANE('',#2231);
#2233=DIRECTION('',(-0.382684,-0.923880,0.000000));
#2234=VECTOR('',#2233,2.000000);
#2235=LINE('',#961,#2234);
#2236=EDGE_CURVE('',#962,#950,#2235,.T.);
#2237=ORIENTED_EDGE('',*,*,#2236,.T.);
#2238=DIRECTION('',(0.980785,-0.195090,0.000000));
#2239=VECTOR('',#2238,0.780361);
#2240=LINE('',#949,#2239);
#2241=EDGE_CURVE('',#950,#952,#2240,.T.);
#2242=ORIENTED_EDGE('',*,*,#2241,.T.);
#2243=DIRECTION('',(0.000000,1.000000,0.000000));
#2244=VECTOR('',#2243,2.000000);
#2245=LINE('',#951,#2244);
#2246=EDGE_CURVE('',#952,#962,#2245,.T.);
#2247=ORIENTED_EDGE('',*,*,#2246,.T.);
#2248=EDGE_LOOP('',(#2237,#2242,#2247));
#2249=FACE_OUTER_BOUND('',#2248,.T.);
#2250=ADVANCED_FACE('',(#2249),#2232,.T.);
#2251=CARTESIAN_POINT('',(-58.000000,-44.000000,-4.000000));
#2252=DIRECTION('',(0.000000,0.000000,-1.000000));
#2253=DIRECTION('',(1.000000,0.000000,0.000000));
#2254=AXIS2_PLACEMENT_3D('',#2251,#2252,#2253);
#2255=PLANE('',#2254);
#2256=DIRECTION('',(0.382684,-0.923880,0.000000));
#2257=VECTOR('',#2256,2.000000);
#2258=LINE('',#959,#2257);
#2259=EDGE_CURVE('',#960,#922,#2258,.T.);
#2260=ORIENTED_EDGE('',*,*,#2259,.T.);
#2261=DIRECTION('',(-0.980785,-0.195090,0.000000));
#2262=VECTOR('',#2261,0.780361);
#2263=LINE('',#921,#2262);
#2264=EDGE_CURVE('',#922,#920,#2263,.T.);
#2265=ORIENTED_EDGE('',*,*,#2264,.T.);
#2266=DIRECTION('',(0.000000,1.000000,0.000000));
#2267=VECTOR('',#2266,2.000000);
#2268=LINE('',#919,#2267);
#2269=EDGE_CURVE('',#920,#960,#2268,.T.);
#2270=ORIENTED_EDGE('',*,*,#2269,.T.);
#2271=EDGE_LOOP('',(#2260,#2265,#2270));
#2272=FACE_OUTER_BOUND('',#2271,.T.);
#2273=ADVANCED_FACE('',(#2272),#2255,.T.);
#2274=CARTESIAN_POINT('',(-58.000000,-44.000000,0.000000));
#2275=DIRECTION('',(0.000000,0.000000,1.000000));
#2276=DIRECTION('',(1.000000,0.000000,0.000000));
#2277=AXIS2_PLACEMENT_3D('',#2274,#2275,#2276);
#2278=PLANE('',#2277);
#2279=DIRECTION('',(0.000000,-1.000000,0.000000));
#2280=VECTOR('',#2279,2.000000);
#2281=LINE('',#961,#2280);
#2282=EDGE_CURVE('',#962,#952,#2281,.T.);
#2283=ORIENTED_EDGE('',*,*,#2282,.T.);
#2284=DIRECTION('',(0.980785,0.195090,0.000000));
#2285=VECTOR('',#2284,0.780361);
#2286=LINE('',#951,#2285);
#2287=EDGE_CURVE('',#952,#954,#2286,.T.);
#2288=ORIENTED_EDGE('',*,*,#2287,.T.);
#2289=DIRECTION('',(-0.382684,0.923880,0.000000));
#2290=VECTOR('',#2289,2.000000);
#2291=LINE('',#953,#2290);
#2292=EDGE_CURVE('',#954,#962,#2291,.T.);
#2293=ORIENTED_EDGE('',*,*,#2292,.T.);
#2294=EDGE_LOOP('',(#2283,#2288,#2293));
#2295=FACE_OUTER_BOUND('',#2294,.T.);
#2296=ADVANCED_FACE('',(#2295),#2278,.T.);
#2297=CARTESIAN_POINT('',(-58.000000,-44.000000,-4.000000));
#2298=DIRECTION('',(0.000000,0.000000,-1.000000));
#2299=DIRECTION('',(1.000000,0.000000,0.000000));
#2300=AXIS2_PLACEMENT_3D('',#2297,#2298,#2299);
#2301=PLANE('',#2300);
#2302=DIRECTION('',(0.707107,-0.707107,0.000000));
#2303=VECTOR('',#2302,2.000001);
#2304=LINE('',#959,#2303);
#2305=EDGE_CURVE('',#960,#924,#2304,.T.);
#2306=ORIENTED_EDGE('',*,*,#2305,.T.);
#2307=DIRECTION('',(-0.831470,-0.555570,0.000000));
#2308=VECTOR('',#2307,0.780361);
#2309=LINE('',#923,#2308);
#2310=EDGE_CURVE('',#924,#922,#2309,.T.);
#2311=ORIENTED_EDGE('',*,*,#2310,.T.);
#2312=DIRECTION('',(-0.382684,0.923880,0.000000));
#2313=VECTOR('',#2312,2.000000);
#2314=LINE('',#921,#2313);
#2315=EDGE_CURVE('',#922,#960,#2314,.T.);
#2316=ORIENTED_EDGE('',*,*,#2315,.T.);
#2317=EDGE_LOOP('',(#2306,#2311,#2316));
#2318=FACE_OUTER_BOUND('',#2317,.T.);
#2319=ADVANCED_FACE('',(#2318),#2301,.T.);
#2320=CARTESIAN_POINT('',(-58.000000,-44.000000,0.000000));
#2321=DIRECTION('',(0.000000,0.000000,1.000000));
#2322=DIRECTION('',(1.000000,0.000000,0.000000));
#2323=AXIS2_PLACEMENT_3D('',#2320,#2321,#2322);
#2324=PLANE('',#2323);
#2325=DIRECTION('',(0.382684,-0.923880,0.000000));
#2326=VECTOR('',#2325,2.000000);
#2327=LINE('',#961,#2326);
#2328=EDGE_CURVE('',#962,#954,#2327,.T.);
#2329=ORIENTED_EDGE('',*,*,#2328,.T.);
#2330=DIRECTION('',(0.831470,0.555570,0.000000));
#2331=VECTOR('',#2330,0.780361);
#2332=LINE('',#953,#2331);
#2333=EDGE_CURVE('',#954,#956,#2332,.T.);
#2334=ORIENTED_EDGE('',*,*,#2333,.T.);
#2335=DIRECTION('',(-0.707107,0.707107,0.000000));
#2336=VECTOR('',#2335,2.000001);
#2337=LINE('',#955,#2336);
#2338=EDGE_CURVE('',#956,#962,#2337,.T.);
#2339=ORIENTED_EDGE('',*,*,#2338,.T.);
#2340=EDGE_LOOP('',(#2329,#2334,#2339));
#2341=FACE_OUTER_BOUND('',#2340,.T.);
#2342=ADVANCED_FACE('',(#2341),#2324,.T.);
#2343=CARTESIAN_POINT('',(-58.000000,-44.000000,-4.000000));
#2344=DIRECTION('',(0.000000,0.000000,-1.000000));
#2345=DIRECTION('',(1.000000,0.000000,0.000000));
#2346=AXIS2_PLACEMENT_3D('',#2343,#2344,#2345);
#2347=PLANE('',#2346);
#2348=DIRECTION('',(0.923880,-0.382684,0.000000));
#2349=VECTOR('',#2348,2.000000);
#2350=LINE('',#959,#2349);
#2351=EDGE_CURVE('',#960,#926,#2350,.T.);
#2352=ORIENTED_EDGE('',*,*,#2351,.T.);
#2353=DIRECTION('',(-0.555570,-0.831470,0.000000));
#2354=VECTOR('',#2353,0.780361);
#2355=LINE('',#925,#2354);
#2356=EDGE_CURVE('',#926,#924,#2355,.T.);
#2357=ORIENTED_EDGE('',*,*,#2356,.T.);
#2358=DIRECTION('',(-0.707107,0.707107,0.000000));
#2359=VECTOR('',#2358,2.000001);
#2360=LINE('',#923,#2359);
#2361=EDGE_CURVE('',#924,#960,#2360,.T.);
#2362=ORIENTED_EDGE('',*,*,#2361,.T.);
#2363=EDGE_LOOP('',(#2352,#2357,#2362));
#2364=FACE_OUTER_BOUND('',#2363,.T.);
#2365=ADVANCED_FACE('',(#2364),#2347,.T.);
#2366=CARTESIAN_POINT('',(-58.000000,-44.000000,0.000000));
#2367=DIRECTION('',(0.000000,0.000000,1.000000));
#2368=DIRECTION('',(1.000000,0.000000,0.000000));
#2369=AXIS2_PLACEMENT_3D('',#2366,#2367,#2368);
#2370=PLANE('',#2369);
#2371=DIRECTION('',(0.707107,-0.707107,0.000000));
#2372=VECTOR('',#2371,2.000001);
#2373=LINE('',#961,#2372);
#2374=EDGE_CURVE('',#962,#956,#2373,.T.);
#2375=ORIENTED_EDGE('',*,*,#2374,.T.);
#2376=DIRECTION('',(0.555570,0.831470,0.000000));
#2377=VECTOR('',#2376,0.780361);
#2378=LINE('',#955,#2377);
#2379=EDGE_CURVE('',#956,#958,#2378,.T.);
#2380=ORIENTED_EDGE('',*,*,#2379,.T.);
#2381=DIRECTION('',(-0.923880,0.382684,0.000000));
#2382=VECTOR('',#2381,2.000000);
#2383=LINE('',#957,#2382);
#2384=EDGE_CURVE('',#958,#962,#2383,.T.);
#2385=ORIENTED_EDGE('',*,*,#2384,.T.);
#2386=EDGE_LOOP('',(#2375,#2380,#2385));
#2387=FACE_OUTER_BOUND('',#2386,.T.);
#2388=ADVANCED_FACE('',(#2387),#2370,.T.);
#2389=CARTESIAN_POINT('',(-58.000000,-44.000000,-4.000000));
#2390=DIRECTION('',(0.000000,0.000000,-1.000000));
#2391=DIRECTION('',(1.000000,0.000000,0.000000));
#2392=AXIS2_PLACEMENT_3D('',#2389,#2390,#2391);
#2393=PLANE('',#2392);
#2394=DIRECTION('',(1.000000,0.000000,0.000000));
#2395=VECTOR('',#2394,2.000000);
#2396=LINE('',#959,#2395);
#2397=EDGE_CURVE('',#960,#896,#2396,.T.);
#2398=ORIENTED_EDGE('',*,*,#2397,.T.);
#2399=DIRECTION('',(-0.195090,-0.980785,0.000000));
#2400=VECTOR('',#2399,0.780361);
#2401=LINE('',#895,#2400);
#2402=EDGE_CURVE('',#896,#926,#2401,.T.);
#2403=ORIENTED_EDGE('',*,*,#2402,.T.);
#2404=DIRECTION('',(-0.923880,0.382684,0.000000));
#2405=VECTOR('',#2404,2.000000);
#2406=LINE('',#925,#2405);
#2407=EDGE_CURVE('',#926,#960,#2406,.T.);
#2408=ORIENTED_EDGE('',*,*,#2407,.T.);
#2409=EDGE_LOOP('',(#2398,#2403,#2408));
#2410=FACE_OUTER_BOUND('',#2409,.T.);
#2411=ADVANCED_FACE('',(#2410),#2393,.T.);
#2412=CARTESIAN_POINT('',(-58.000000,-44.000000,0.000000));
#2413=DIRECTION('',(0.000000,0.000000,1.000000));
#2414=DIRECTION('',(1.000000,0.000000,0.000000));
#2415=AXIS2_PLACEMENT_3D('',#2412,#2413,#2414);
#2416=PLANE('',#2415);
#2417=DIRECTION('',(0.923880,-0.382684,0.000000));
#2418=VECTOR('',#2417,2.000000);
#2419=LINE('',#961,#2418);
#2420=EDGE_CURVE('',#962,#958,#2419,.T.);
#2421=ORIENTED_EDGE('',*,*,#2420,.T.);
#2422=DIRECTION('',(0.195090,0.980785,0.000000));
#2423=VECTOR('',#2422,0.780361);
#2424=LINE('',#957,#2423);
#2425=EDGE_CURVE('',#958,#928,#2424,.T.);
#2426=ORIENTED_EDGE('',*,*,#2425,.T.);
#2427=DIRECTION('',(-1.000000,0.000000,0.000000));
#2428=VECTOR('',#2427,2.000000);
#2429=LINE('',#927,#2428);
#2430=EDGE_CURVE('',#928,#962,#2429,.T.);
#2431=ORIENTED_EDGE('',*,*,#2430,.T.);
#2432=EDGE_LOOP('',(#2421,#2426,#2431));
#2433=FACE_OUTER_BOUND('',#2432,.T.);
#2434=ADVANCED_FACE('',(#2433),#2416,.T.);
#2435=CLOSED_SHELL('',(#985,#1008,#1031,#1054,#1077,#1100,#1123,#1146,#1169,#1192,#1215,#1238,#1261,#1284,#1307,#1330,#1353,#1376,#1399,#1422,#1445,#1468,#1491,#1514,#1537,#1560,#1583,#1606,#1629,#1652,#1675,#1698,#1721,#1744,#1767,#1790,#1813,#1836,#1859,#1882,#1905,#1928,#1951,#1974,#1997,#2020,#2043,#2066,#2089,#2112,#2135,#2158,#2181,#2204,#2227,#2250,#2273,#2296,#2319,#2342,#2365,#2388,#2411,#2434));
#2436=FACETED_BREP('fastener_placeholders',#2435);
#2437=CARTESIAN_POINT('',(-30.000000,-14.000000,-78.000000));
#2438=VERTEX_POINT('',#2437);
#2439=CARTESIAN_POINT('',(-29.234633,-13.847759,-78.000000));
#2440=VERTEX_POINT('',#2439);
#2441=CARTESIAN_POINT('',(-28.585786,-13.414214,-78.000000));
#2442=VERTEX_POINT('',#2441);
#2443=CARTESIAN_POINT('',(-28.152241,-12.765367,-78.000000));
#2444=VERTEX_POINT('',#2443);
#2445=CARTESIAN_POINT('',(-28.000000,-12.000000,-78.000000));
#2446=VERTEX_POINT('',#2445);
#2447=CARTESIAN_POINT('',(-28.000000,12.000000,-78.000000));
#2448=VERTEX_POINT('',#2447);
#2449=CARTESIAN_POINT('',(-28.152241,12.765367,-78.000000));
#2450=VERTEX_POINT('',#2449);
#2451=CARTESIAN_POINT('',(-28.585786,13.414214,-78.000000));
#2452=VERTEX_POINT('',#2451);
#2453=CARTESIAN_POINT('',(-29.234633,13.847759,-78.000000));
#2454=VERTEX_POINT('',#2453);
#2455=CARTESIAN_POINT('',(-30.000000,14.000000,-78.000000));
#2456=VERTEX_POINT('',#2455);
#2457=CARTESIAN_POINT('',(-31.000000,14.000000,-78.000000));
#2458=VERTEX_POINT('',#2457);
#2459=CARTESIAN_POINT('',(-31.765367,13.847759,-78.000000));
#2460=VERTEX_POINT('',#2459);
#2461=CARTESIAN_POINT('',(-32.414214,13.414214,-78.000000));
#2462=VERTEX_POINT('',#2461);
#2463=CARTESIAN_POINT('',(-32.847759,12.765367,-78.000000));
#2464=VERTEX_POINT('',#2463);
#2465=CARTESIAN_POINT('',(-33.000000,12.000000,-78.000000));
#2466=VERTEX_POINT('',#2465);
#2467=CARTESIAN_POINT('',(-33.000000,-12.000000,-78.000000));
#2468=VERTEX_POINT('',#2467);
#2469=CARTESIAN_POINT('',(-32.847759,-12.765367,-78.000000));
#2470=VERTEX_POINT('',#2469);
#2471=CARTESIAN_POINT('',(-32.414214,-13.414214,-78.000000));
#2472=VERTEX_POINT('',#2471);
#2473=CARTESIAN_POINT('',(-31.765367,-13.847759,-78.000000));
#2474=VERTEX_POINT('',#2473);
#2475=CARTESIAN_POINT('',(-31.000000,-14.000000,-78.000000));
#2476=VERTEX_POINT('',#2475);
#2477=CARTESIAN_POINT('',(-30.000000,-14.000000,-8.000000));
#2478=VERTEX_POINT('',#2477);
#2479=CARTESIAN_POINT('',(-29.234633,-13.847759,-8.000000));
#2480=VERTEX_POINT('',#2479);
#2481=CARTESIAN_POINT('',(-28.585786,-13.414214,-8.000000));
#2482=VERTEX_POINT('',#2481);
#2483=CARTESIAN_POINT('',(-28.152241,-12.765367,-8.000000));
#2484=VERTEX_POINT('',#2483);
#2485=CARTESIAN_POINT('',(-28.000000,-12.000000,-8.000000));
#2486=VERTEX_POINT('',#2485);
#2487=CARTESIAN_POINT('',(-28.000000,12.000000,-8.000000));
#2488=VERTEX_POINT('',#2487);
#2489=CARTESIAN_POINT('',(-28.152241,12.765367,-8.000000));
#2490=VERTEX_POINT('',#2489);
#2491=CARTESIAN_POINT('',(-28.585786,13.414214,-8.000000));
#2492=VERTEX_POINT('',#2491);
#2493=CARTESIAN_POINT('',(-29.234633,13.847759,-8.000000));
#2494=VERTEX_POINT('',#2493);
#2495=CARTESIAN_POINT('',(-30.000000,14.000000,-8.000000));
#2496=VERTEX_POINT('',#2495);
#2497=CARTESIAN_POINT('',(-31.000000,14.000000,-8.000000));
#2498=VERTEX_POINT('',#2497);
#2499=CARTESIAN_POINT('',(-31.765367,13.847759,-8.000000));
#2500=VERTEX_POINT('',#2499);
#2501=CARTESIAN_POINT('',(-32.414214,13.414214,-8.000000));
#2502=VERTEX_POINT('',#2501);
#2503=CARTESIAN_POINT('',(-32.847759,12.765367,-8.000000));
#2504=VERTEX_POINT('',#2503);
#2505=CARTESIAN_POINT('',(-33.000000,12.000000,-8.000000));
#2506=VERTEX_POINT('',#2505);
#2507=CARTESIAN_POINT('',(-33.000000,-12.000000,-8.000000));
#2508=VERTEX_POINT('',#2507);
#2509=CARTESIAN_POINT('',(-32.847759,-12.765367,-8.000000));
#2510=VERTEX_POINT('',#2509);
#2511=CARTESIAN_POINT('',(-32.414214,-13.414214,-8.000000));
#2512=VERTEX_POINT('',#2511);
#2513=CARTESIAN_POINT('',(-31.765367,-13.847759,-8.000000));
#2514=VERTEX_POINT('',#2513);
#2515=CARTESIAN_POINT('',(-31.000000,-14.000000,-8.000000));
#2516=VERTEX_POINT('',#2515);
#2517=CARTESIAN_POINT('',(-30.500000,0.000000,-78.000000));
#2518=VERTEX_POINT('',#2517);
#2519=CARTESIAN_POINT('',(-30.500000,0.000000,-8.000000));
#2520=VERTEX_POINT('',#2519);
#2521=CARTESIAN_POINT('',(-30.500000,0.000000,-78.000000));
#2522=DIRECTION('',(0.000000,0.000000,-1.000000));
#2523=DIRECTION('',(1.000000,0.000000,0.000000));
#2524=AXIS2_PLACEMENT_3D('',#2521,#2522,#2523);
#2525=PLANE('',#2524);
#2526=DIRECTION('',(0.090998,-0.995851,0.000000));
#2527=VECTOR('',#2526,13.905452);
#2528=LINE('',#2517,#2527);
#2529=EDGE_CURVE('',#2518,#2440,#2528,.T.);
#2530=ORIENTED_EDGE('',*,*,#2529,.T.);
#2531=DIRECTION('',(-0.980785,-0.195090,0.000000));
#2532=VECTOR('',#2531,0.780361);
#2533=LINE('',#2439,#2532);
#2534=EDGE_CURVE('',#2440,#2438,#2533,.T.);
#2535=ORIENTED_EDGE('',*,*,#2534,.T.);
#2536=DIRECTION('',(-0.035692,0.999363,0.000000));
#2537=VECTOR('',#2536,14.008926);
#2538=LINE('',#2437,#2537);
#2539=EDGE_CURVE('',#2438,#2518,#2538,.T.);
#2540=ORIENTED_EDGE('',*,*,#2539,.T.);
#2541=EDGE_LOOP('',(#2530,#2535,#2540));
#2542=FACE_OUTER_BOUND('',#2541,.T.);
#2543=ADVANCED_FACE('',(#2542),#2525,.T.);
#2544=CARTESIAN_POINT('',(-30.500000,0.000000,-8.000000));
#2545=DIRECTION('',(0.000000,0.000000,1.000000));
#2546=DIRECTION('',(1.000000,0.000000,0.000000));
#2547=AXIS2_PLACEMENT_3D('',#2544,#2545,#2546);
#2548=PLANE('',#2547);
#2549=DIRECTION('',(0.035692,-0.999363,0.000000));
#2550=VECTOR('',#2549,14.008926);
#2551=LINE('',#2519,#2550);
#2552=EDGE_CURVE('',#2520,#2478,#2551,.T.);
#2553=ORIENTED_EDGE('',*,*,#2552,.T.);
#2554=DIRECTION('',(0.980785,0.195090,0.000000));
#2555=VECTOR('',#2554,0.780361);
#2556=LINE('',#2477,#2555);
#2557=EDGE_CURVE('',#2478,#2480,#2556,.T.);
#2558=ORIENTED_EDGE('',*,*,#2557,.T.);
#2559=DIRECTION('',(-0.090998,0.995851,0.000000));
#2560=VECTOR('',#2559,13.905452);
#2561=LINE('',#2479,#2560);
#2562=EDGE_CURVE('',#2480,#2520,#2561,.T.);
#2563=ORIENTED_EDGE('',*,*,#2562,.T.);
#2564=EDGE_LOOP('',(#2553,#2558,#2563));
#2565=FACE_OUTER_BOUND('',#2564,.T.);
#2566=ADVANCED_FACE('',(#2565),#2548,.T.);
#2567=CARTESIAN_POINT('',(-30.000000,-14.000000,-78.000000));
#2568=DIRECTION('',(0.195090,-0.980785,0.000000));
#2569=DIRECTION('',(0.000000,0.000000,1.000000));
#2570=AXIS2_PLACEMENT_3D('',#2567,#2568,#2569);
#2571=PLANE('',#2570);
#2572=DIRECTION('',(0.980785,0.195090,0.000000));
#2573=VECTOR('',#2572,0.780361);
#2574=LINE('',#2437,#2573);
#2575=EDGE_CURVE('',#2438,#2440,#2574,.T.);
#2576=ORIENTED_EDGE('',*,*,#2575,.T.);
#2577=DIRECTION('',(0.000000,0.000000,1.000000));
#2578=VECTOR('',#2577,70.000000);
#2579=LINE('',#2439,#2578);
#2580=EDGE_CURVE('',#2440,#2480,#2579,.T.);
#2581=ORIENTED_EDGE('',*,*,#2580,.T.);
#2582=DIRECTION('',(-0.010933,-0.002175,-0.999938));
#2583=VECTOR('',#2582,70.004350);
#2584=LINE('',#2479,#2583);
#2585=EDGE_CURVE('',#2480,#2438,#2584,.T.);
#2586=ORIENTED_EDGE('',*,*,#2585,.T.);
#2587=EDGE_LOOP('',(#2576,#2581,#2586));
#2588=FACE_OUTER_BOUND('',#2587,.T.);
#2589=ADVANCED_FACE('',(#2588),#2571,.T.);
#2590=CARTESIAN_POINT('',(-30.000000,-14.000000,-78.000000));
#2591=DIRECTION('',(0.195090,-0.980785,0.000000));
#2592=DIRECTION('',(0.000000,0.000000,1.000000));
#2593=AXIS2_PLACEMENT_3D('',#2590,#2591,#2592);
#2594=PLANE('',#2593);
#2595=DIRECTION('',(0.010933,0.002175,0.999938));
#2596=VECTOR('',#2595,70.004350);
#2597=LINE('',#2437,#2596);
#2598=EDGE_CURVE('',#2438,#2480,#2597,.T.);
#2599=ORIENTED_EDGE('',*,*,#2598,.T.);
#2600=DIRECTION('',(-0.980785,-0.195090,0.000000));
#2601=VECTOR('',#2600,0.780361);
#2602=LINE('',#2479,#2601);
#2603=EDGE_CURVE('',#2480,#2478,#2602,.T.);
#2604=ORIENTED_EDGE('',*,*,#2603,.T.);
#2605=DIRECTION('',(0.000000,0.000000,-1.000000));
#2606=VECTOR('',#2605,70.000000);
#2607=LINE('',#2477,#2606);
#2608=EDGE_CURVE('',#2478,#2438,#2607,.T.);
#2609=ORIENTED_EDGE('',*,*,#2608,.T.);
#2610=EDGE_LOOP('',(#2599,#2604,#2609));
#2611=FACE_OUTER_BOUND('',#2610,.T.);
#2612=ADVANCED_FACE('',(#2611),#2594,.T.);
#2613=CARTESIAN_POINT('',(-30.500000,0.000000,-78.000000));
#2614=DIRECTION('',(0.000000,0.000000,-1.000000));
#2615=DIRECTION('',(1.000000,0.000000,0.000000));
#2616=AXIS2_PLACEMENT_3D('',#2613,#2614,#2615);
#2617=PLANE('',#2616);
#2618=DIRECTION('',(0.141269,-0.989971,0.000000));
#2619=VECTOR('',#2618,13.550105);
#2620=LINE('',#2517,#2619);
#2621=EDGE_CURVE('',#2518,#2442,#2620,.T.);
#2622=ORIENTED_EDGE('',*,*,#2621,.T.);
#2623=DIRECTION('',(-0.831470,-0.555570,0.000000));
#2624=VECTOR('',#2623,0.780361);
#2625=LINE('',#2441,#2624);
#2626=EDGE_CURVE('',#2442,#2440,#2625,.T.);
#2627=ORIENTED_EDGE('',*,*,#2626,.T.);
#2628=DIRECTION('',(-0.090998,0.995851,0.000000));
#2629=VECTOR('',#2628,13.905452);
#2630=LINE('',#2439,#2629);
#2631=EDGE_CURVE('',#2440,#2518,#2630,.T.);
#2632=ORIENTED_EDGE('',*,*,#2631,.T.);
#2633=EDGE_LOOP('',(#2622,#2627,#2632));
#2634=FACE_OUTER_BOUND('',#2633,.T.);
#2635=ADVANCED_FACE('',(#2634),#2617,.T.);
#2636=CARTESIAN_POINT('',(-30.500000,0.000000,-8.000000));
#2637=DIRECTION('',(0.000000,0.000000,1.000000));
#2638=DIRECTION('',(1.000000,0.000000,0.000000));
#2639=AXIS2_PLACEMENT_3D('',#2636,#2637,#2638);
#2640=PLANE('',#2639);
#2641=DIRECTION('',(0.090998,-0.995851,0.000000));
#2642=VECTOR('',#2641,13.905452);
#2643=LINE('',#2519,#2642);
#2644=EDGE_CURVE('',#2520,#2480,#2643,.T.);
#2645=ORIENTED_EDGE('',*,*,#2644,.T.);
#2646=DIRECTION('',(0.831470,0.555570,0.000000));
#2647=VECTOR('',#2646,0.780361);
#2648=LINE('',#2479,#2647);
#2649=EDGE_CURVE('',#2480,#2482,#2648,.T.);
#2650=ORIENTED_EDGE('',*,*,#2649,.T.);
#2651=DIRECTION('',(-0.141269,0.989971,0.000000));
#2652=VECTOR('',#2651,13.550105);
#2653=LINE('',#2481,#2652);
#2654=EDGE_CURVE('',#2482,#2520,#2653,.T.);
#2655=ORIENTED_EDGE('',*,*,#2654,.T.);
#2656=EDGE_LOOP('',(#2645,#2650,#2655));
#2657=FACE_OUTER_BOUND('',#2656,.T.);
#2658=ADVANCED_FACE('',(#2657),#2640,.T.);
#2659=CARTESIAN_POINT('',(-29.234633,-13.847759,-78.000000));
#2660=DIRECTION('',(0.555570,-0.831470,0.000000));
#2661=DIRECTION('',(0.000000,0.000000,1.000000));
#2662=AXIS2_PLACEMENT_3D('',#2659,#2660,#2661);
#2663=PLANE('',#2662);
#2664=DIRECTION('',(0.831470,0.555570,0.000000));
#2665=VECTOR('',#2664,0.780361);
#2666=LINE('',#2439,#2665);
#2667=EDGE_CURVE('',#2440,#2442,#2666,.T.);
#2668=ORIENTED_EDGE('',*,*,#2667,.T.);
#2669=DIRECTION('',(0.000000,0.000000,1.000000));
#2670=VECTOR('',#2669,70.000000);
#2671=LINE('',#2441,#2670);
#2672=EDGE_CURVE('',#2442,#2482,#2671,.T.);
#2673=ORIENTED_EDGE('',*,*,#2672,.T.);
#2674=DIRECTION('',(-0.009269,-0.006193,-0.999938));
#2675=VECTOR('',#2674,70.004350);
#2676=LINE('',#2481,#2675);
#2677=EDGE_CURVE('',#2482,#2440,#2676,.T.);
#2678=ORIENTED_EDGE('',*,*,#2677,.T.);
#2679=EDGE_LOOP('',(#2668,#2673,#2678));
#2680=FACE_OUTER_BOUND('',#2679,.T.);
#2681=ADVANCED_FACE('',(#2680),#2663,.T.);
#2682=CARTESIAN_POINT('',(-29.234633,-13.847759,-78.000000));
#2683=DIRECTION('',(0.555570,-0.831470,0.000000));
#2684=DIRECTION('',(0.000000,0.000000,1.000000));
#2685=AXIS2_PLACEMENT_3D('',#2682,#2683,#2684);
#2686=PLANE('',#2685);
#2687=DIRECTION('',(0.009269,0.006193,0.999938));
#2688=VECTOR('',#2687,70.004350);
#2689=LINE('',#2439,#2688);
#2690=EDGE_CURVE('',#2440,#2482,#2689,.T.);
#2691=ORIENTED_EDGE('',*,*,#2690,.T.);
#2692=DIRECTION('',(-0.831470,-0.555570,0.000000));
#2693=VECTOR('',#2692,0.780361);
#2694=LINE('',#2481,#2693);
#2695=EDGE_CURVE('',#2482,#2480,#2694,.T.);
#2696=ORIENTED_EDGE('',*,*,#2695,.T.);
#2697=DIRECTION('',(0.000000,0.000000,-1.000000));
#2698=VECTOR('',#2697,70.000000);
#2699=LINE('',#2479,#2698);
#2700=EDGE_CURVE('',#2480,#2440,#2699,.T.);
#2701=ORIENTED_EDGE('',*,*,#2700,.T.);
#2702=EDGE_LOOP('',(#2691,#2696,#2701));
#2703=FACE_OUTER_BOUND('',#2702,.T.);
#2704=ADVANCED_FACE('',(#2703),#2686,.T.);
#2705=CARTESIAN_POINT('',(-30.500000,0.000000,-78.000000));
#2706=DIRECTION('',(0.000000,0.000000,-1.000000));
#2707=DIRECTION('',(1.000000,0.000000,0.000000));
#2708=AXIS2_PLACEMENT_3D('',#2705,#2706,#2707);
#2709=PLANE('',#2708);
#2710=DIRECTION('',(0.180883,-0.983505,0.000000));
#2711=VECTOR('',#2710,12.979467);
#2712=LINE('',#2517,#2711);
#2713=EDGE_CURVE('',#2518,#2444,#2712,.T.);
#2714=ORIENTED_EDGE('',*,*,#2713,.T.);
#2715=DIRECTION('',(-0.555570,-0.831470,0.000000));
#2716=VECTOR('',#2715,0.780361);
#2717=LINE('',#2443,#2716);
#2718=EDGE_CURVE('',#2444,#2442,#2717,.T.);
#2719=ORIENTED_EDGE('',*,*,#2718,.T.);
#2720=DIRECTION('',(-0.141269,0.989971,0.000000));
#2721=VECTOR('',#2720,13.550105);
#2722=LINE('',#2441,#2721);
#2723=EDGE_CURVE('',#2442,#2518,#2722,.T.);
#2724=ORIENTED_EDGE('',*,*,#2723,.T.);
#2725=EDGE_LOOP('',(#2714,#2719,#2724));
#2726=FACE_OUTER_BOUND('',#2725,.T.);
#2727=ADVANCED_FACE('',(#2726),#2709,.T.);
#2728=CARTESIAN_POINT('',(-30.500000,0.000000,-8.000000));
#2729=DIRECTION('',(0.000000,0.000000,1.000000));
#2730=DIRECTION('',(1.000000,0.000000,0.000000));
#2731=AXIS2_PLACEMENT_3D('',#2728,#2729,#2730);
#2732=PLANE('',#2731);
#2733=DIRECTION('',(0.141269,-0.989971,0.000000));
#2734=VECTOR('',#2733,13.550105);
#2735=LINE('',#2519,#2734);
#2736=EDGE_CURVE('',#2520,#2482,#2735,.T.);
#2737=ORIENTED_EDGE('',*,*,#2736,.T.);
#2738=DIRECTION('',(0.555570,0.831470,0.000000));
#2739=VECTOR('',#2738,0.780361);
#2740=LINE('',#2481,#2739);
#2741=EDGE_CURVE('',#2482,#2484,#2740,.T.);
#2742=ORIENTED_EDGE('',*,*,#2741,.T.);
#2743=DIRECTION('',(-0.180883,0.983505,0.000000));
#2744=VECTOR('',#2743,12.979467);
#2745=LINE('',#2483,#2744);
#2746=EDGE_CURVE('',#2484,#2520,#2745,.T.);
#2747=ORIENTED_EDGE('',*,*,#2746,.T.);
#2748=EDGE_LOOP('',(#2737,#2742,#2747));
#2749=FACE_OUTER_BOUND('',#2748,.T.);
#2750=ADVANCED_FACE('',(#2749),#2732,.T.);
#2751=CARTESIAN_POINT('',(-28.585786,-13.414214,-78.000000));
#2752=DIRECTION('',(0.831470,-0.555570,0.000000));
#2753=DIRECTION('',(0.000000,0.000000,1.000000));
#2754=AXIS2_PLACEMENT_3D('',#2751,#2752,#2753);
#2755=PLANE('',#2754);
#2756=DIRECTION('',(0.555570,0.831470,0.000000));
#2757=VECTOR('',#2756,0.780361);
#2758=LINE('',#2441,#2757);
#2759=EDGE_CURVE('',#2442,#2444,#2758,.T.);
#2760=ORIENTED_EDGE('',*,*,#2759,.T.);
#2761=DIRECTION('',(0.000000,0.000000,1.000000));
#2762=VECTOR('',#2761,70.000000);
#2763=LINE('',#2443,#2762);
#2764=EDGE_CURVE('',#2444,#2484,#2763,.T.);
#2765=ORIENTED_EDGE('',*,*,#2764,.T.);
#2766=DIRECTION('',(-0.006193,-0.009269,-0.999938));
#2767=VECTOR('',#2766,70.004350);
#2768=LINE('',#2483,#2767);
#2769=EDGE_CURVE('',#2484,#2442,#2768,.T.);
#2770=ORIENTED_EDGE('',*,*,#2769,.T.);
#2771=EDGE_LOOP('',(#2760,#2765,#2770));
#2772=FACE_OUTER_BOUND('',#2771,.T.);
#2773=ADVANCED_FACE('',(#2772),#2755,.T.);
#2774=CARTESIAN_POINT('',(-28.585786,-13.414214,-78.000000));
#2775=DIRECTION('',(0.831470,-0.555570,0.000000));
#2776=DIRECTION('',(0.000000,0.000000,1.000000));
#2777=AXIS2_PLACEMENT_3D('',#2774,#2775,#2776);
#2778=PLANE('',#2777);
#2779=DIRECTION('',(0.006193,0.009269,0.999938));
#2780=VECTOR('',#2779,70.004350);
#2781=LINE('',#2441,#2780);
#2782=EDGE_CURVE('',#2442,#2484,#2781,.T.);
#2783=ORIENTED_EDGE('',*,*,#2782,.T.);
#2784=DIRECTION('',(-0.555570,-0.831470,0.000000));
#2785=VECTOR('',#2784,0.780361);
#2786=LINE('',#2483,#2785);
#2787=EDGE_CURVE('',#2484,#2482,#2786,.T.);
#2788=ORIENTED_EDGE('',*,*,#2787,.T.);
#2789=DIRECTION('',(0.000000,0.000000,-1.000000));
#2790=VECTOR('',#2789,70.000000);
#2791=LINE('',#2481,#2790);
#2792=EDGE_CURVE('',#2482,#2442,#2791,.T.);
#2793=ORIENTED_EDGE('',*,*,#2792,.T.);
#2794=EDGE_LOOP('',(#2783,#2788,#2793));
#2795=FACE_OUTER_BOUND('',#2794,.T.);
#2796=ADVANCED_FACE('',(#2795),#2778,.T.);
#2797=CARTESIAN_POINT('',(-30.500000,0.000000,-78.000000));
#2798=DIRECTION('',(0.000000,0.000000,-1.000000));
#2799=DIRECTION('',(1.000000,0.000000,0.000000));
#2800=AXIS2_PLACEMENT_3D('',#2797,#2798,#2799);
#2801=PLANE('',#2800);
#2802=DIRECTION('',(0.203954,-0.978980,0.000000));
#2803=VECTOR('',#2802,12.257651);
#2804=LINE('',#2517,#2803);
#2805=EDGE_CURVE('',#2518,#2446,#2804,.T.);
#2806=ORIENTED_EDGE('',*,*,#2805,.T.);
#2807=DIRECTION('',(-0.195090,-0.980785,0.000000));
#2808=VECTOR('',#2807,0.780361);
#2809=LINE('',#2445,#2808);
#2810=EDGE_CURVE('',#2446,#2444,#2809,.T.);
#2811=ORIENTED_EDGE('',*,*,#2810,.T.);
#2812=DIRECTION('',(-0.180883,0.983505,0.000000));
#2813=VECTOR('',#2812,12.979467);
#2814=LINE('',#2443,#2813);
#2815=EDGE_CURVE('',#2444,#2518,#2814,.T.);
#2816=ORIENTED_EDGE('',*,*,#2815,.T.);
#2817=EDGE_LOOP('',(#2806,#2811,#2816));
#2818=FACE_OUTER_BOUND('',#2817,.T.);
#2819=ADVANCED_FACE('',(#2818),#2801,.T.);
#2820=CARTESIAN_POINT('',(-30.500000,0.000000,-8.000000));
#2821=DIRECTION('',(0.000000,0.000000,1.000000));
#2822=DIRECTION('',(1.000000,0.000000,0.000000));
#2823=AXIS2_PLACEMENT_3D('',#2820,#2821,#2822);
#2824=PLANE('',#2823);
#2825=DIRECTION('',(0.180883,-0.983505,0.000000));
#2826=VECTOR('',#2825,12.979467);
#2827=LINE('',#2519,#2826);
#2828=EDGE_CURVE('',#2520,#2484,#2827,.T.);
#2829=ORIENTED_EDGE('',*,*,#2828,.T.);
#2830=DIRECTION('',(0.195090,0.980785,0.000000));
#2831=VECTOR('',#2830,0.780361);
#2832=LINE('',#2483,#2831);
#2833=EDGE_CURVE('',#2484,#2486,#2832,.T.);
#2834=ORIENTED_EDGE('',*,*,#2833,.T.);
#2835=DIRECTION('',(-0.203954,0.978980,0.000000));
#2836=VECTOR('',#2835,12.257651);
#2837=LINE('',#2485,#2836);
#2838=EDGE_CURVE('',#2486,#2520,#2837,.T.);
#2839=ORIENTED_EDGE('',*,*,#2838,.T.);
#2840=EDGE_LOOP('',(#2829,#2834,#2839));
#2841=FACE_OUTER_BOUND('',#2840,.T.);
#2842=ADVANCED_FACE('',(#2841),#2824,.T.);
#2843=CARTESIAN_POINT('',(-28.152241,-12.765367,-78.000000));
#2844=DIRECTION('',(0.980785,-0.195090,0.000000));
#2845=DIRECTION('',(0.000000,0.000000,1.000000));
#2846=AXIS2_PLACEMENT_3D('',#2843,#2844,#2845);
#2847=PLANE('',#2846);
#2848=DIRECTION('',(0.195090,0.980785,0.000000));
#2849=VECTOR('',#2848,0.780361);
#2850=LINE('',#2443,#2849);
#2851=EDGE_CURVE('',#2444,#2446,#2850,.T.);
#2852=ORIENTED_EDGE('',*,*,#2851,.T.);
#2853=DIRECTION('',(0.000000,0.000000,1.000000));
#2854=VECTOR('',#2853,70.000000);
#2855=LINE('',#2445,#2854);
#2856=EDGE_CURVE('',#2446,#2486,#2855,.T.);
#2857=ORIENTED_EDGE('',*,*,#2856,.T.);
#2858=DIRECTION('',(-0.002175,-0.010933,-0.999938));
#2859=VECTOR('',#2858,70.004350);
#2860=LINE('',#2485,#2859);
#2861=EDGE_CURVE('',#2486,#2444,#2860,.T.);
#2862=ORIENTED_EDGE('',*,*,#2861,.T.);
#2863=EDGE_LOOP('',(#2852,#2857,#2862));
#2864=FACE_OUTER_BOUND('',#2863,.T.);
#2865=ADVANCED_FACE('',(#2864),#2847,.T.);
#2866=CARTESIAN_POINT('',(-28.152241,-12.765367,-78.000000));
#2867=DIRECTION('',(0.980785,-0.195090,0.000000));
#2868=DIRECTION('',(0.000000,0.000000,1.000000));
#2869=AXIS2_PLACEMENT_3D('',#2866,#2867,#2868);
#2870=PLANE('',#2869);
#2871=DIRECTION('',(0.002175,0.010933,0.999938));
#2872=VECTOR('',#2871,70.004350);
#2873=LINE('',#2443,#2872);
#2874=EDGE_CURVE('',#2444,#2486,#2873,.T.);
#2875=ORIENTED_EDGE('',*,*,#2874,.T.);
#2876=DIRECTION('',(-0.195090,-0.980785,0.000000));
#2877=VECTOR('',#2876,0.780361);
#2878=LINE('',#2485,#2877);
#2879=EDGE_CURVE('',#2486,#2484,#2878,.T.);
#2880=ORIENTED_EDGE('',*,*,#2879,.T.);
#2881=DIRECTION('',(0.000000,0.000000,-1.000000));
#2882=VECTOR('',#2881,70.000000);
#2883=LINE('',#2483,#2882);
#2884=EDGE_CURVE('',#2484,#2444,#2883,.T.);
#2885=ORIENTED_EDGE('',*,*,#2884,.T.);
#2886=EDGE_LOOP('',(#2875,#2880,#2885));
#2887=FACE_OUTER_BOUND('',#2886,.T.);
#2888=ADVANCED_FACE('',(#2887),#2870,.T.);
#2889=CARTESIAN_POINT('',(-30.500000,0.000000,-78.000000));
#2890=DIRECTION('',(0.000000,0.000000,-1.000000));
#2891=DIRECTION('',(1.000000,0.000000,0.000000));
#2892=AXIS2_PLACEMENT_3D('',#2889,#2890,#2891);
#2893=PLANE('',#2892);
#2894=DIRECTION('',(0.203954,0.978980,0.000000));
#2895=VECTOR('',#2894,12.257651);
#2896=LINE('',#2517,#2895);
#2897=EDGE_CURVE('',#2518,#2448,#2896,.T.);
#2898=ORIENTED_EDGE('',*,*,#2897,.T.);
#2899=DIRECTION('',(0.000000,-1.000000,0.000000));
#2900=VECTOR('',#2899,24.000000);
#2901=LINE('',#2447,#2900);
#2902=EDGE_CURVE('',#2448,#2446,#2901,.T.);
#2903=ORIENTED_EDGE('',*,*,#2902,.T.);
#2904=DIRECTION('',(-0.203954,0.978980,0.000000));
#2905=VECTOR('',#2904,12.257651);
#2906=LINE('',#2445,#2905);
#2907=EDGE_CURVE('',#2446,#2518,#2906,.T.);
#2908=ORIENTED_EDGE('',*,*,#2907,.T.);
#2909=EDGE_LOOP('',(#2898,#2903,#2908));
#2910=FACE_OUTER_BOUND('',#2909,.T.);
#2911=ADVANCED_FACE('',(#2910),#2893,.T.);
#2912=CARTESIAN_POINT('',(-30.500000,0.000000,-8.000000));
#2913=DIRECTION('',(0.000000,0.000000,1.000000));
#2914=DIRECTION('',(1.000000,0.000000,0.000000));
#2915=AXIS2_PLACEMENT_3D('',#2912,#2913,#2914);
#2916=PLANE('',#2915);
#2917=DIRECTION('',(0.203954,-0.978980,0.000000));
#2918=VECTOR('',#2917,12.257651);
#2919=LINE('',#2519,#2918);
#2920=EDGE_CURVE('',#2520,#2486,#2919,.T.);
#2921=ORIENTED_EDGE('',*,*,#2920,.T.);
#2922=DIRECTION('',(0.000000,1.000000,0.000000));
#2923=VECTOR('',#2922,24.000000);
#2924=LINE('',#2485,#2923);
#2925=EDGE_CURVE('',#2486,#2488,#2924,.T.);
#2926=ORIENTED_EDGE('',*,*,#2925,.T.);
#2927=DIRECTION('',(-0.203954,-0.978980,0.000000));
#2928=VECTOR('',#2927,12.257651);
#2929=LINE('',#2487,#2928);
#2930=EDGE_CURVE('',#2488,#2520,#2929,.T.);
#2931=ORIENTED_EDGE('',*,*,#2930,.T.);
#2932=EDGE_LOOP('',(#2921,#2926,#2931));
#2933=FACE_OUTER_BOUND('',#2932,.T.);
#2934=ADVANCED_FACE('',(#2933),#2916,.T.);
#2935=CARTESIAN_POINT('',(-28.000000,-12.000000,-78.000000));
#2936=DIRECTION('',(1.000000,0.000000,0.000000));
#2937=DIRECTION('',(0.000000,1.000000,0.000000));
#2938=AXIS2_PLACEMENT_3D('',#2935,#2936,#2937);
#2939=PLANE('',#2938);
#2940=DIRECTION('',(0.000000,1.000000,0.000000));
#2941=VECTOR('',#2940,24.000000);
#2942=LINE('',#2445,#2941);
#2943=EDGE_CURVE('',#2446,#2448,#2942,.T.);
#2944=ORIENTED_EDGE('',*,*,#2943,.T.);
#2945=DIRECTION('',(0.000000,0.000000,1.000000));
#2946=VECTOR('',#2945,70.000000);
#2947=LINE('',#2447,#2946);
#2948=EDGE_CURVE('',#2448,#2488,#2947,.T.);
#2949=ORIENTED_EDGE('',*,*,#2948,.T.);
#2950=DIRECTION('',(0.000000,-0.324324,-0.945946));
#2951=VECTOR('',#2950,74.000000);
#2952=LINE('',#2487,#2951);
#2953=EDGE_CURVE('',#2488,#2446,#2952,.T.);
#2954=ORIENTED_EDGE('',*,*,#2953,.T.);
#2955=EDGE_LOOP('',(#2944,#2949,#2954));
#2956=FACE_OUTER_BOUND('',#2955,.T.);
#2957=ADVANCED_FACE('',(#2956),#2939,.T.);
#2958=CARTESIAN_POINT('',(-28.000000,-12.000000,-78.000000));
#2959=DIRECTION('',(1.000000,0.000000,0.000000));
#2960=DIRECTION('',(0.000000,1.000000,0.000000));
#2961=AXIS2_PLACEMENT_3D('',#2958,#2959,#2960);
#2962=PLANE('',#2961);
#2963=DIRECTION('',(0.000000,0.324324,0.945946));
#2964=VECTOR('',#2963,74.000000);
#2965=LINE('',#2445,#2964);
#2966=EDGE_CURVE('',#2446,#2488,#2965,.T.);
#2967=ORIENTED_EDGE('',*,*,#2966,.T.);
#2968=DIRECTION('',(0.000000,-1.000000,0.000000));
#2969=VECTOR('',#2968,24.000000);
#2970=LINE('',#2487,#2969);
#2971=EDGE_CURVE('',#2488,#2486,#2970,.T.);
#2972=ORIENTED_EDGE('',*,*,#2971,.T.);
#2973=DIRECTION('',(0.000000,0.000000,-1.000000));
#2974=VECTOR('',#2973,70.000000);
#2975=LINE('',#2485,#2974);
#2976=EDGE_CURVE('',#2486,#2446,#2975,.T.);
#2977=ORIENTED_EDGE('',*,*,#2976,.T.);
#2978=EDGE_LOOP('',(#2967,#2972,#2977));
#2979=FACE_OUTER_BOUND('',#2978,.T.);
#2980=ADVANCED_FACE('',(#2979),#2962,.T.);
#2981=CARTESIAN_POINT('',(-30.500000,0.000000,-78.000000));
#2982=DIRECTION('',(0.000000,0.000000,-1.000000));
#2983=DIRECTION('',(1.000000,0.000000,0.000000));
#2984=AXIS2_PLACEMENT_3D('',#2981,#2982,#2983);
#2985=PLANE('',#2984);
#2986=DIRECTION('',(0.180883,0.983505,0.000000));
#2987=VECTOR('',#2986,12.979467);
#2988=LINE('',#2517,#2987);
#2989=EDGE_CURVE('',#2518,#2450,#2988,.T.);
#2990=ORIENTED_EDGE('',*,*,#2989,.T.);
#2991=DIRECTION('',(0.195090,-0.980785,0.000000));
#2992=VECTOR('',#2991,0.780361);
#2993=LINE('',#2449,#2992);
#2994=EDGE_CURVE('',#2450,#2448,#2993,.T.);
#2995=ORIENTED_EDGE('',*,*,#2994,.T.);
#2996=DIRECTION('',(-0.203954,-0.978980,0.000000));
#2997=VECTOR('',#2996,12.257651);
#2998=LINE('',#2447,#2997);
#2999=EDGE_CURVE('',#2448,#2518,#2998,.T.);
#3000=ORIENTED_EDGE('',*,*,#2999,.T.);
#3001=EDGE_LOOP('',(#2990,#2995,#3000));
#3002=FACE_OUTER_BOUND('',#3001,.T.);
#3003=ADVANCED_FACE('',(#3002),#2985,.T.);
#3004=CARTESIAN_POINT('',(-30.500000,0.000000,-8.000000));
#3005=DIRECTION('',(0.000000,0.000000,1.000000));
#3006=DIRECTION('',(1.000000,0.000000,0.000000));
#3007=AXIS2_PLACEMENT_3D('',#3004,#3005,#3006);
#3008=PLANE('',#3007);
#3009=DIRECTION('',(0.203954,0.978980,0.000000));
#3010=VECTOR('',#3009,12.257651);
#3011=LINE('',#2519,#3010);
#3012=EDGE_CURVE('',#2520,#2488,#3011,.T.);
#3013=ORIENTED_EDGE('',*,*,#3012,.T.);
#3014=DIRECTION('',(-0.195090,0.980785,0.000000));
#3015=VECTOR('',#3014,0.780361);
#3016=LINE('',#2487,#3015);
#3017=EDGE_CURVE('',#2488,#2490,#3016,.T.);
#3018=ORIENTED_EDGE('',*,*,#3017,.T.);
#3019=DIRECTION('',(-0.180883,-0.983505,0.000000));
#3020=VECTOR('',#3019,12.979467);
#3021=LINE('',#2489,#3020);
#3022=EDGE_CURVE('',#2490,#2520,#3021,.T.);
#3023=ORIENTED_EDGE('',*,*,#3022,.T.);
#3024=EDGE_LOOP('',(#3013,#3018,#3023));
#3025=FACE_OUTER_BOUND('',#3024,.T.);
#3026=ADVANCED_FACE('',(#3025),#3008,.T.);
#3027=CARTESIAN_POINT('',(-28.000000,12.000000,-78.000000));
#3028=DIRECTION('',(0.980785,0.195090,0.000000));
#3029=DIRECTION('',(0.000000,0.000000,1.000000));
#3030=AXIS2_PLACEMENT_3D('',#3027,#3028,#3029);
#3031=PLANE('',#3030);
#3032=DIRECTION('',(-0.195090,0.980785,0.000000));
#3033=VECTOR('',#3032,0.780361);
#3034=LINE('',#2447,#3033);
#3035=EDGE_CURVE('',#2448,#2450,#3034,.T.);
#3036=ORIENTED_EDGE('',*,*,#3035,.T.);
#3037=DIRECTION('',(0.000000,0.000000,1.000000));
#3038=VECTOR('',#3037,70.000000);
#3039=LINE('',#2449,#3038);
#3040=EDGE_CURVE('',#2450,#2490,#3039,.T.);
#3041=ORIENTED_EDGE('',*,*,#3040,.T.);
#3042=DIRECTION('',(0.002175,-0.010933,-0.999938));
#3043=VECTOR('',#3042,70.004350);
#3044=LINE('',#2489,#3043);
#3045=EDGE_CURVE('',#2490,#2448,#3044,.T.);
#3046=ORIENTED_EDGE('',*,*,#3045,.T.);
#3047=EDGE_LOOP('',(#3036,#3041,#3046));
#3048=FACE_OUTER_BOUND('',#3047,.T.);
#3049=ADVANCED_FACE('',(#3048),#3031,.T.);
#3050=CARTESIAN_POINT('',(-28.000000,12.000000,-78.000000));
#3051=DIRECTION('',(0.980785,0.195090,0.000000));
#3052=DIRECTION('',(0.000000,0.000000,1.000000));
#3053=AXIS2_PLACEMENT_3D('',#3050,#3051,#3052);
#3054=PLANE('',#3053);
#3055=DIRECTION('',(-0.002175,0.010933,0.999938));
#3056=VECTOR('',#3055,70.004350);
#3057=LINE('',#2447,#3056);
#3058=EDGE_CURVE('',#2448,#2490,#3057,.T.);
#3059=ORIENTED_EDGE('',*,*,#3058,.T.);
#3060=DIRECTION('',(0.195090,-0.980785,0.000000));
#3061=VECTOR('',#3060,0.780361);
#3062=LINE('',#2489,#3061);
#3063=EDGE_CURVE('',#2490,#2488,#3062,.T.);
#3064=ORIENTED_EDGE('',*,*,#3063,.T.);
#3065=DIRECTION('',(0.000000,0.000000,-1.000000));
#3066=VECTOR('',#3065,70.000000);
#3067=LINE('',#2487,#3066);
#3068=EDGE_CURVE('',#2488,#2448,#3067,.T.);
#3069=ORIENTED_EDGE('',*,*,#3068,.T.);
#3070=EDGE_LOOP('',(#3059,#3064,#3069));
#3071=FACE_OUTER_BOUND('',#3070,.T.);
#3072=ADVANCED_FACE('',(#3071),#3054,.T.);
#3073=CARTESIAN_POINT('',(-30.500000,0.000000,-78.000000));
#3074=DIRECTION('',(0.000000,0.000000,-1.000000));
#3075=DIRECTION('',(1.000000,0.000000,0.000000));
#3076=AXIS2_PLACEMENT_3D('',#3073,#3074,#3075);
#3077=PLANE('',#3076);
#3078=DIRECTION('',(0.141269,0.989971,0.000000));
#3079=VECTOR('',#3078,13.550105);
#3080=LINE('',#2517,#3079);
#3081=EDGE_CURVE('',#2518,#2452,#3080,.T.);
#3082=ORIENTED_EDGE('',*,*,#3081,.T.);
#3083=DIRECTION('',(0.555570,-0.831470,0.000000));
#3084=VECTOR('',#3083,0.780361);
#3085=LINE('',#2451,#3084);
#3086=EDGE_CURVE('',#2452,#2450,#3085,.T.);
#3087=ORIENTED_EDGE('',*,*,#3086,.T.);
#3088=DIRECTION('',(-0.180883,-0.983505,0.000000));
#3089=VECTOR('',#3088,12.979467);
#3090=LINE('',#2449,#3089);
#3091=EDGE_CURVE('',#2450,#2518,#3090,.T.);
#3092=ORIENTED_EDGE('',*,*,#3091,.T.);
#3093=EDGE_LOOP('',(#3082,#3087,#3092));
#3094=FACE_OUTER_BOUND('',#3093,.T.);
#3095=ADVANCED_FACE('',(#3094),#3077,.T.);
#3096=CARTESIAN_POINT('',(-30.500000,0.000000,-8.000000));
#3097=DIRECTION('',(0.000000,0.000000,1.000000));
#3098=DIRECTION('',(1.000000,0.000000,0.000000));
#3099=AXIS2_PLACEMENT_3D('',#3096,#3097,#3098);
#3100=PLANE('',#3099);
#3101=DIRECTION('',(0.180883,0.983505,0.000000));
#3102=VECTOR('',#3101,12.979467);
#3103=LINE('',#2519,#3102);
#3104=EDGE_CURVE('',#2520,#2490,#3103,.T.);
#3105=ORIENTED_EDGE('',*,*,#3104,.T.);
#3106=DIRECTION('',(-0.555570,0.831470,0.000000));
#3107=VECTOR('',#3106,0.780361);
#3108=LINE('',#2489,#3107);
#3109=EDGE_CURVE('',#2490,#2492,#3108,.T.);
#3110=ORIENTED_EDGE('',*,*,#3109,.T.);
#3111=DIRECTION('',(-0.141269,-0.989971,0.000000));
#3112=VECTOR('',#3111,13.550105);
#3113=LINE('',#2491,#3112);
#3114=EDGE_CURVE('',#2492,#2520,#3113,.T.);
#3115=ORIENTED_EDGE('',*,*,#3114,.T.);
#3116=EDGE_LOOP('',(#3105,#3110,#3115));
#3117=FACE_OUTER_BOUND('',#3116,.T.);
#3118=ADVANCED_FACE('',(#3117),#3100,.T.);
#3119=CARTESIAN_POINT('',(-28.152241,12.765367,-78.000000));
#3120=DIRECTION('',(0.831470,0.555570,0.000000));
#3121=DIRECTION('',(0.000000,0.000000,1.000000));
#3122=AXIS2_PLACEMENT_3D('',#3119,#3120,#3121);
#3123=PLANE('',#3122);
#3124=DIRECTION('',(-0.555570,0.831470,0.000000));
#3125=VECTOR('',#3124,0.780361);
#3126=LINE('',#2449,#3125);
#3127=EDGE_CURVE('',#2450,#2452,#3126,.T.);
#3128=ORIENTED_EDGE('',*,*,#3127,.T.);
#3129=DIRECTION('',(0.000000,0.000000,1.000000));
#3130=VECTOR('',#3129,70.000000);
#3131=LINE('',#2451,#3130);
#3132=EDGE_CURVE('',#2452,#2492,#3131,.T.);
#3133=ORIENTED_EDGE('',*,*,#3132,.T.);
#3134=DIRECTION('',(0.006193,-0.009269,-0.999938));
#3135=VECTOR('',#3134,70.004350);
#3136=LINE('',#2491,#3135);
#3137=EDGE_CURVE('',#2492,#2450,#3136,.T.);
#3138=ORIENTED_EDGE('',*,*,#3137,.T.);
#3139=EDGE_LOOP('',(#3128,#3133,#3138));
#3140=FACE_OUTER_BOUND('',#3139,.T.);
#3141=ADVANCED_FACE('',(#3140),#3123,.T.);
#3142=CARTESIAN_POINT('',(-28.152241,12.765367,-78.000000));
#3143=DIRECTION('',(0.831470,0.555570,0.000000));
#3144=DIRECTION('',(0.000000,0.000000,1.000000));
#3145=AXIS2_PLACEMENT_3D('',#3142,#3143,#3144);
#3146=PLANE('',#3145);
#3147=DIRECTION('',(-0.006193,0.009269,0.999938));
#3148=VECTOR('',#3147,70.004350);
#3149=LINE('',#2449,#3148);
#3150=EDGE_CURVE('',#2450,#2492,#3149,.T.);
#3151=ORIENTED_EDGE('',*,*,#3150,.T.);
#3152=DIRECTION('',(0.555570,-0.831470,0.000000));
#3153=VECTOR('',#3152,0.780361);
#3154=LINE('',#2491,#3153);
#3155=EDGE_CURVE('',#2492,#2490,#3154,.T.);
#3156=ORIENTED_EDGE('',*,*,#3155,.T.);
#3157=DIRECTION('',(0.000000,0.000000,-1.000000));
#3158=VECTOR('',#3157,70.000000);
#3159=LINE('',#2489,#3158);
#3160=EDGE_CURVE('',#2490,#2450,#3159,.T.);
#3161=ORIENTED_EDGE('',*,*,#3160,.T.);
#3162=EDGE_LOOP('',(#3151,#3156,#3161));
#3163=FACE_OUTER_BOUND('',#3162,.T.);
#3164=ADVANCED_FACE('',(#3163),#3146,.T.);
#3165=CARTESIAN_POINT('',(-30.500000,0.000000,-78.000000));
#3166=DIRECTION('',(0.000000,0.000000,-1.000000));
#3167=DIRECTION('',(1.000000,0.000000,0.000000));
#3168=AXIS2_PLACEMENT_3D('',#3165,#3166,#3167);
#3169=PLANE('',#3168);
#3170=DIRECTION('',(0.090998,0.995851,0.000000));
#3171=VECTOR('',#3170,13.905452);
#3172=LINE('',#2517,#3171);
#3173=EDGE_CURVE('',#2518,#2454,#3172,.T.);
#3174=ORIENTED_EDGE('',*,*,#3173,.T.);
#3175=DIRECTION('',(0.831470,-0.555570,0.000000));
#3176=VECTOR('',#3175,0.780361);
#3177=LINE('',#2453,#3176);
#3178=EDGE_CURVE('',#2454,#2452,#3177,.T.);
#3179=ORIENTED_EDGE('',*,*,#3178,.T.);
#3180=DIRECTION('',(-0.141269,-0.989971,0.000000));
#3181=VECTOR('',#3180,13.550105);
#3182=LINE('',#2451,#3181);
#3183=EDGE_CURVE('',#2452,#2518,#3182,.T.);
#3184=ORIENTED_EDGE('',*,*,#3183,.T.);
#3185=EDGE_LOOP('',(#3174,#3179,#3184));
#3186=FACE_OUTER_BOUND('',#3185,.T.);
#3187=ADVANCED_FACE('',(#3186),#3169,.T.);
#3188=CARTESIAN_POINT('',(-30.500000,0.000000,-8.000000));
#3189=DIRECTION('',(0.000000,0.000000,1.000000));
#3190=DIRECTION('',(1.000000,0.000000,0.000000));
#3191=AXIS2_PLACEMENT_3D('',#3188,#3189,#3190);
#3192=PLANE('',#3191);
#3193=DIRECTION('',(0.141269,0.989971,0.000000));
#3194=VECTOR('',#3193,13.550105);
#3195=LINE('',#2519,#3194);
#3196=EDGE_CURVE('',#2520,#2492,#3195,.T.);
#3197=ORIENTED_EDGE('',*,*,#3196,.T.);
#3198=DIRECTION('',(-0.831470,0.555570,0.000000));
#3199=VECTOR('',#3198,0.780361);
#3200=LINE('',#2491,#3199);
#3201=EDGE_CURVE('',#2492,#2494,#3200,.T.);
#3202=ORIENTED_EDGE('',*,*,#3201,.T.);
#3203=DIRECTION('',(-0.090998,-0.995851,0.000000));
#3204=VECTOR('',#3203,13.905452);
#3205=LINE('',#2493,#3204);
#3206=EDGE_CURVE('',#2494,#2520,#3205,.T.);
#3207=ORIENTED_EDGE('',*,*,#3206,.T.);
#3208=EDGE_LOOP('',(#3197,#3202,#3207));
#3209=FACE_OUTER_BOUND('',#3208,.T.);
#3210=ADVANCED_FACE('',(#3209),#3192,.T.);
#3211=CARTESIAN_POINT('',(-28.585786,13.414214,-78.000000));
#3212=DIRECTION('',(0.555570,0.831470,0.000000));
#3213=DIRECTION('',(0.000000,0.000000,1.000000));
#3214=AXIS2_PLACEMENT_3D('',#3211,#3212,#3213);
#3215=PLANE('',#3214);
#3216=DIRECTION('',(-0.831470,0.555570,0.000000));
#3217=VECTOR('',#3216,0.780361);
#3218=LINE('',#2451,#3217);
#3219=EDGE_CURVE('',#2452,#2454,#3218,.T.);
#3220=ORIENTED_EDGE('',*,*,#3219,.T.);
#3221=DIRECTION('',(0.000000,0.000000,1.000000));
#3222=VECTOR('',#3221,70.000000);
#3223=LINE('',#2453,#3222);
#3224=EDGE_CURVE('',#2454,#2494,#3223,.T.);
#3225=ORIENTED_EDGE('',*,*,#3224,.T.);
#3226=DIRECTION('',(0.009269,-0.006193,-0.999938));
#3227=VECTOR('',#3226,70.004350);
#3228=LINE('',#2493,#3227);
#3229=EDGE_CURVE('',#2494,#2452,#3228,.T.);
#3230=ORIENTED_EDGE('',*,*,#3229,.T.);
#3231=EDGE_LOOP('',(#3220,#3225,#3230));
#3232=FACE_OUTER_BOUND('',#3231,.T.);
#3233=ADVANCED_FACE('',(#3232),#3215,.T.);
#3234=CARTESIAN_POINT('',(-28.585786,13.414214,-78.000000));
#3235=DIRECTION('',(0.555570,0.831470,0.000000));
#3236=DIRECTION('',(0.000000,0.000000,1.000000));
#3237=AXIS2_PLACEMENT_3D('',#3234,#3235,#3236);
#3238=PLANE('',#3237);
#3239=DIRECTION('',(-0.009269,0.006193,0.999938));
#3240=VECTOR('',#3239,70.004350);
#3241=LINE('',#2451,#3240);
#3242=EDGE_CURVE('',#2452,#2494,#3241,.T.);
#3243=ORIENTED_EDGE('',*,*,#3242,.T.);
#3244=DIRECTION('',(0.831470,-0.555570,0.000000));
#3245=VECTOR('',#3244,0.780361);
#3246=LINE('',#2493,#3245);
#3247=EDGE_CURVE('',#2494,#2492,#3246,.T.);
#3248=ORIENTED_EDGE('',*,*,#3247,.T.);
#3249=DIRECTION('',(0.000000,0.000000,-1.000000));
#3250=VECTOR('',#3249,70.000000);
#3251=LINE('',#2491,#3250);
#3252=EDGE_CURVE('',#2492,#2452,#3251,.T.);
#3253=ORIENTED_EDGE('',*,*,#3252,.T.);
#3254=EDGE_LOOP('',(#3243,#3248,#3253));
#3255=FACE_OUTER_BOUND('',#3254,.T.);
#3256=ADVANCED_FACE('',(#3255),#3238,.T.);
#3257=CARTESIAN_POINT('',(-30.500000,0.000000,-78.000000));
#3258=DIRECTION('',(0.000000,0.000000,-1.000000));
#3259=DIRECTION('',(1.000000,0.000000,0.000000));
#3260=AXIS2_PLACEMENT_3D('',#3257,#3258,#3259);
#3261=PLANE('',#3260);
#3262=DIRECTION('',(0.035692,0.999363,0.000000));
#3263=VECTOR('',#3262,14.008926);
#3264=LINE('',#2517,#3263);
#3265=EDGE_CURVE('',#2518,#2456,#3264,.T.);
#3266=ORIENTED_EDGE('',*,*,#3265,.T.);
#3267=DIRECTION('',(0.980785,-0.195090,0.000000));
#3268=VECTOR('',#3267,0.780361);
#3269=LINE('',#2455,#3268);
#3270=EDGE_CURVE('',#2456,#2454,#3269,.T.);
#3271=ORIENTED_EDGE('',*,*,#3270,.T.);
#3272=DIRECTION('',(-0.090998,-0.995851,0.000000));
#3273=VECTOR('',#3272,13.905452);
#3274=LINE('',#2453,#3273);
#3275=EDGE_CURVE('',#2454,#2518,#3274,.T.);
#3276=ORIENTED_EDGE('',*,*,#3275,.T.);
#3277=EDGE_LOOP('',(#3266,#3271,#3276));
#3278=FACE_OUTER_BOUND('',#3277,.T.);
#3279=ADVANCED_FACE('',(#3278),#3261,.T.);
#3280=CARTESIAN_POINT('',(-30.500000,0.000000,-8.000000));
#3281=DIRECTION('',(0.000000,0.000000,1.000000));
#3282=DIRECTION('',(1.000000,0.000000,0.000000));
#3283=AXIS2_PLACEMENT_3D('',#3280,#3281,#3282);
#3284=PLANE('',#3283);
#3285=DIRECTION('',(0.090998,0.995851,0.000000));
#3286=VECTOR('',#3285,13.905452);
#3287=LINE('',#2519,#3286);
#3288=EDGE_CURVE('',#2520,#2494,#3287,.T.);
#3289=ORIENTED_EDGE('',*,*,#3288,.T.);
#3290=DIRECTION('',(-0.980785,0.195090,0.000000));
#3291=VECTOR('',#3290,0.780361);
#3292=LINE('',#2493,#3291);
#3293=EDGE_CURVE('',#2494,#2496,#3292,.T.);
#3294=ORIENTED_EDGE('',*,*,#3293,.T.);
#3295=DIRECTION('',(-0.035692,-0.999363,0.000000));
#3296=VECTOR('',#3295,14.008926);
#3297=LINE('',#2495,#3296);
#3298=EDGE_CURVE('',#2496,#2520,#3297,.T.);
#3299=ORIENTED_EDGE('',*,*,#3298,.T.);
#3300=EDGE_LOOP('',(#3289,#3294,#3299));
#3301=FACE_OUTER_BOUND('',#3300,.T.);
#3302=ADVANCED_FACE('',(#3301),#3284,.T.);
#3303=CARTESIAN_POINT('',(-29.234633,13.847759,-78.000000));
#3304=DIRECTION('',(0.195090,0.980785,0.000000));
#3305=DIRECTION('',(0.000000,0.000000,1.000000));
#3306=AXIS2_PLACEMENT_3D('',#3303,#3304,#3305);
#3307=PLANE('',#3306);
#3308=DIRECTION('',(-0.980785,0.195090,0.000000));
#3309=VECTOR('',#3308,0.780361);
#3310=LINE('',#2453,#3309);
#3311=EDGE_CURVE('',#2454,#2456,#3310,.T.);
#3312=ORIENTED_EDGE('',*,*,#3311,.T.);
#3313=DIRECTION('',(0.000000,0.000000,1.000000));
#3314=VECTOR('',#3313,70.000000);
#3315=LINE('',#2455,#3314);
#3316=EDGE_CURVE('',#2456,#2496,#3315,.T.);
#3317=ORIENTED_EDGE('',*,*,#3316,.T.);
#3318=DIRECTION('',(0.010933,-0.002175,-0.999938));
#3319=VECTOR('',#3318,70.004350);
#3320=LINE('',#2495,#3319);
#3321=EDGE_CURVE('',#2496,#2454,#3320,.T.);
#3322=ORIENTED_EDGE('',*,*,#3321,.T.);
#3323=EDGE_LOOP('',(#3312,#3317,#3322));
#3324=FACE_OUTER_BOUND('',#3323,.T.);
#3325=ADVANCED_FACE('',(#3324),#3307,.T.);
#3326=CARTESIAN_POINT('',(-29.234633,13.847759,-78.000000));
#3327=DIRECTION('',(0.195090,0.980785,0.000000));
#3328=DIRECTION('',(0.000000,0.000000,1.000000));
#3329=AXIS2_PLACEMENT_3D('',#3326,#3327,#3328);
#3330=PLANE('',#3329);
#3331=DIRECTION('',(-0.010933,0.002175,0.999938));
#3332=VECTOR('',#3331,70.004350);
#3333=LINE('',#2453,#3332);
#3334=EDGE_CURVE('',#2454,#2496,#3333,.T.);
#3335=ORIENTED_EDGE('',*,*,#3334,.T.);
#3336=DIRECTION('',(0.980785,-0.195090,0.000000));
#3337=VECTOR('',#3336,0.780361);
#3338=LINE('',#2495,#3337);
#3339=EDGE_CURVE('',#2496,#2494,#3338,.T.);
#3340=ORIENTED_EDGE('',*,*,#3339,.T.);
#3341=DIRECTION('',(0.000000,0.000000,-1.000000));
#3342=VECTOR('',#3341,70.000000);
#3343=LINE('',#2493,#3342);
#3344=EDGE_CURVE('',#2494,#2454,#3343,.T.);
#3345=ORIENTED_EDGE('',*,*,#3344,.T.);
#3346=EDGE_LOOP('',(#3335,#3340,#3345));
#3347=FACE_OUTER_BOUND('',#3346,.T.);
#3348=ADVANCED_FACE('',(#3347),#3330,.T.);
#3349=CARTESIAN_POINT('',(-30.500000,0.000000,-78.000000));
#3350=DIRECTION('',(0.000000,0.000000,-1.000000));
#3351=DIRECTION('',(1.000000,0.000000,0.000000));
#3352=AXIS2_PLACEMENT_3D('',#3349,#3350,#3351);
#3353=PLANE('',#3352);
#3354=DIRECTION('',(-0.035692,0.999363,0.000000));
#3355=VECTOR('',#3354,14.008926);
#3356=LINE('',#2517,#3355);
#3357=EDGE_CURVE('',#2518,#2458,#3356,.T.);
#3358=ORIENTED_EDGE('',*,*,#3357,.T.);
#3359=DIRECTION('',(1.000000,0.000000,0.000000));
#3360=VECTOR('',#3359,1.000000);
#3361=LINE('',#2457,#3360);
#3362=EDGE_CURVE('',#2458,#2456,#3361,.T.);
#3363=ORIENTED_EDGE('',*,*,#3362,.T.);
#3364=DIRECTION('',(-0.035692,-0.999363,0.000000));
#3365=VECTOR('',#3364,14.008926);
#3366=LINE('',#2455,#3365);
#3367=EDGE_CURVE('',#2456,#2518,#3366,.T.);
#3368=ORIENTED_EDGE('',*,*,#3367,.T.);
#3369=EDGE_LOOP('',(#3358,#3363,#3368));
#3370=FACE_OUTER_BOUND('',#3369,.T.);
#3371=ADVANCED_FACE('',(#3370),#3353,.T.);
#3372=CARTESIAN_POINT('',(-30.500000,0.000000,-8.000000));
#3373=DIRECTION('',(0.000000,0.000000,1.000000));
#3374=DIRECTION('',(1.000000,0.000000,0.000000));
#3375=AXIS2_PLACEMENT_3D('',#3372,#3373,#3374);
#3376=PLANE('',#3375);
#3377=DIRECTION('',(0.035692,0.999363,0.000000));
#3378=VECTOR('',#3377,14.008926);
#3379=LINE('',#2519,#3378);
#3380=EDGE_CURVE('',#2520,#2496,#3379,.T.);
#3381=ORIENTED_EDGE('',*,*,#3380,.T.);
#3382=DIRECTION('',(-1.000000,0.000000,0.000000));
#3383=VECTOR('',#3382,1.000000);
#3384=LINE('',#2495,#3383);
#3385=EDGE_CURVE('',#2496,#2498,#3384,.T.);
#3386=ORIENTED_EDGE('',*,*,#3385,.T.);
#3387=DIRECTION('',(0.035692,-0.999363,0.000000));
#3388=VECTOR('',#3387,14.008926);
#3389=LINE('',#2497,#3388);
#3390=EDGE_CURVE('',#2498,#2520,#3389,.T.);
#3391=ORIENTED_EDGE('',*,*,#3390,.T.);
#3392=EDGE_LOOP('',(#3381,#3386,#3391));
#3393=FACE_OUTER_BOUND('',#3392,.T.);
#3394=ADVANCED_FACE('',(#3393),#3376,.T.);
#3395=CARTESIAN_POINT('',(-30.000000,14.000000,-78.000000));
#3396=DIRECTION('',(0.000000,1.000000,0.000000));
#3397=DIRECTION('',(1.000000,0.000000,0.000000));
#3398=AXIS2_PLACEMENT_3D('',#3395,#3396,#3397);
#3399=PLANE('',#3398);
#3400=DIRECTION('',(-1.000000,0.000000,0.000000));
#3401=VECTOR('',#3400,1.000000);
#3402=LINE('',#2455,#3401);
#3403=EDGE_CURVE('',#2456,#2458,#3402,.T.);
#3404=ORIENTED_EDGE('',*,*,#3403,.T.);
#3405=DIRECTION('',(0.000000,0.000000,1.000000));
#3406=VECTOR('',#3405,70.000000);
#3407=LINE('',#2457,#3406);
#3408=EDGE_CURVE('',#2458,#2498,#3407,.T.);
#3409=ORIENTED_EDGE('',*,*,#3408,.T.);
#3410=DIRECTION('',(0.014284,0.000000,-0.999898));
#3411=VECTOR('',#3410,70.007142);
#3412=LINE('',#2497,#3411);
#3413=EDGE_CURVE('',#2498,#2456,#3412,.T.);
#3414=ORIENTED_EDGE('',*,*,#3413,.T.);
#3415=EDGE_LOOP('',(#3404,#3409,#3414));
#3416=FACE_OUTER_BOUND('',#3415,.T.);
#3417=ADVANCED_FACE('',(#3416),#3399,.T.);
#3418=CARTESIAN_POINT('',(-30.000000,14.000000,-78.000000));
#3419=DIRECTION('',(0.000000,1.000000,0.000000));
#3420=DIRECTION('',(1.000000,0.000000,0.000000));
#3421=AXIS2_PLACEMENT_3D('',#3418,#3419,#3420);
#3422=PLANE('',#3421);
#3423=DIRECTION('',(-0.014284,0.000000,0.999898));
#3424=VECTOR('',#3423,70.007142);
#3425=LINE('',#2455,#3424);
#3426=EDGE_CURVE('',#2456,#2498,#3425,.T.);
#3427=ORIENTED_EDGE('',*,*,#3426,.T.);
#3428=DIRECTION('',(1.000000,0.000000,0.000000));
#3429=VECTOR('',#3428,1.000000);
#3430=LINE('',#2497,#3429);
#3431=EDGE_CURVE('',#2498,#2496,#3430,.T.);
#3432=ORIENTED_EDGE('',*,*,#3431,.T.);
#3433=DIRECTION('',(0.000000,0.000000,-1.000000));
#3434=VECTOR('',#3433,70.000000);
#3435=LINE('',#2495,#3434);
#3436=EDGE_CURVE('',#2496,#2456,#3435,.T.);
#3437=ORIENTED_EDGE('',*,*,#3436,.T.);
#3438=EDGE_LOOP('',(#3427,#3432,#3437));
#3439=FACE_OUTER_BOUND('',#3438,.T.);
#3440=ADVANCED_FACE('',(#3439),#3422,.T.);
#3441=CARTESIAN_POINT('',(-30.500000,0.000000,-78.000000));
#3442=DIRECTION('',(0.000000,0.000000,-1.000000));
#3443=DIRECTION('',(1.000000,0.000000,0.000000));
#3444=AXIS2_PLACEMENT_3D('',#3441,#3442,#3443);
#3445=PLANE('',#3444);
#3446=DIRECTION('',(-0.090998,0.995851,0.000000));
#3447=VECTOR('',#3446,13.905452);
#3448=LINE('',#2517,#3447);
#3449=EDGE_CURVE('',#2518,#2460,#3448,.T.);
#3450=ORIENTED_EDGE('',*,*,#3449,.T.);
#3451=DIRECTION('',(0.980785,0.195090,0.000000));
#3452=VECTOR('',#3451,0.780361);
#3453=LINE('',#2459,#3452);
#3454=EDGE_CURVE('',#2460,#2458,#3453,.T.);
#3455=ORIENTED_EDGE('',*,*,#3454,.T.);
#3456=DIRECTION('',(0.035692,-0.999363,0.000000));
#3457=VECTOR('',#3456,14.008926);
#3458=LINE('',#2457,#3457);
#3459=EDGE_CURVE('',#2458,#2518,#3458,.T.);
#3460=ORIENTED_EDGE('',*,*,#3459,.T.);
#3461=EDGE_LOOP('',(#3450,#3455,#3460));
#3462=FACE_OUTER_BOUND('',#3461,.T.);
#3463=ADVANCED_FACE('',(#3462),#3445,.T.);
#3464=CARTESIAN_POINT('',(-30.500000,0.000000,-8.000000));
#3465=DIRECTION('',(0.000000,0.000000,1.000000));
#3466=DIRECTION('',(1.000000,0.000000,0.000000));
#3467=AXIS2_PLACEMENT_3D('',#3464,#3465,#3466);
#3468=PLANE('',#3467);
#3469=DIRECTION('',(-0.035692,0.999363,0.000000));
#3470=VECTOR('',#3469,14.008926);
#3471=LINE('',#2519,#3470);
#3472=EDGE_CURVE('',#2520,#2498,#3471,.T.);
#3473=ORIENTED_EDGE('',*,*,#3472,.T.);
#3474=DIRECTION('',(-0.980785,-0.195090,0.000000));
#3475=VECTOR('',#3474,0.780361);
#3476=LINE('',#2497,#3475);
#3477=EDGE_CURVE('',#2498,#2500,#3476,.T.);
#3478=ORIENTED_EDGE('',*,*,#3477,.T.);
#3479=DIRECTION('',(0.090998,-0.995851,0.000000));
#3480=VECTOR('',#3479,13.905452);
#3481=LINE('',#2499,#3480);
#3482=EDGE_CURVE('',#2500,#2520,#3481,.T.);
#3483=ORIENTED_EDGE('',*,*,#3482,.T.);
#3484=EDGE_LOOP('',(#3473,#3478,#3483));
#3485=FACE_OUTER_BOUND('',#3484,.T.);
#3486=ADVANCED_FACE('',(#3485),#3468,.T.);
#3487=CARTESIAN_POINT('',(-31.000000,14.000000,-78.000000));
#3488=DIRECTION('',(-0.195090,0.980785,0.000000));
#3489=DIRECTION('',(0.000000,0.000000,1.000000));
#3490=AXIS2_PLACEMENT_3D('',#3487,#3488,#3489);
#3491=PLANE('',#3490);
#3492=DIRECTION('',(-0.980785,-0.195090,0.000000));
#3493=VECTOR('',#3492,0.780361);
#3494=LINE('',#2457,#3493);
#3495=EDGE_CURVE('',#2458,#2460,#3494,.T.);
#3496=ORIENTED_EDGE('',*,*,#3495,.T.);
#3497=DIRECTION('',(0.000000,0.000000,1.000000));
#3498=VECTOR('',#3497,70.000000);
#3499=LINE('',#2459,#3498);
#3500=EDGE_CURVE('',#2460,#2500,#3499,.T.);
#3501=ORIENTED_EDGE('',*,*,#3500,.T.);
#3502=DIRECTION('',(0.010933,0.002175,-0.999938));
#3503=VECTOR('',#3502,70.004350);
#3504=LINE('',#2499,#3503);
#3505=EDGE_CURVE('',#2500,#2458,#3504,.T.);
#3506=ORIENTED_EDGE('',*,*,#3505,.T.);
#3507=EDGE_LOOP('',(#3496,#3501,#3506));
#3508=FACE_OUTER_BOUND('',#3507,.T.);
#3509=ADVANCED_FACE('',(#3508),#3491,.T.);
#3510=CARTESIAN_POINT('',(-31.000000,14.000000,-78.000000));
#3511=DIRECTION('',(-0.195090,0.980785,0.000000));
#3512=DIRECTION('',(0.000000,0.000000,1.000000));
#3513=AXIS2_PLACEMENT_3D('',#3510,#3511,#3512);
#3514=PLANE('',#3513);
#3515=DIRECTION('',(-0.010933,-0.002175,0.999938));
#3516=VECTOR('',#3515,70.004350);
#3517=LINE('',#2457,#3516);
#3518=EDGE_CURVE('',#2458,#2500,#3517,.T.);
#3519=ORIENTED_EDGE('',*,*,#3518,.T.);
#3520=DIRECTION('',(0.980785,0.195090,0.000000));
#3521=VECTOR('',#3520,0.780361);
#3522=LINE('',#2499,#3521);
#3523=EDGE_CURVE('',#2500,#2498,#3522,.T.);
#3524=ORIENTED_EDGE('',*,*,#3523,.T.);
#3525=DIRECTION('',(0.000000,0.000000,-1.000000));
#3526=VECTOR('',#3525,70.000000);
#3527=LINE('',#2497,#3526);
#3528=EDGE_CURVE('',#2498,#2458,#3527,.T.);
#3529=ORIENTED_EDGE('',*,*,#3528,.T.);
#3530=EDGE_LOOP('',(#3519,#3524,#3529));
#3531=FACE_OUTER_BOUND('',#3530,.T.);
#3532=ADVANCED_FACE('',(#3531),#3514,.T.);
#3533=CARTESIAN_POINT('',(-30.500000,0.000000,-78.000000));
#3534=DIRECTION('',(0.000000,0.000000,-1.000000));
#3535=DIRECTION('',(1.000000,0.000000,0.000000));
#3536=AXIS2_PLACEMENT_3D('',#3533,#3534,#3535);
#3537=PLANE('',#3536);
#3538=DIRECTION('',(-0.141269,0.989971,0.000000));
#3539=VECTOR('',#3538,13.550105);
#3540=LINE('',#2517,#3539);
#3541=EDGE_CURVE('',#2518,#2462,#3540,.T.);
#3542=ORIENTED_EDGE('',*,*,#3541,.T.);
#3543=DIRECTION('',(0.831470,0.555570,0.000000));
#3544=VECTOR('',#3543,0.780361);
#3545=LINE('',#2461,#3544);
#3546=EDGE_CURVE('',#2462,#2460,#3545,.T.);
#3547=ORIENTED_EDGE('',*,*,#3546,.T.);
#3548=DIRECTION('',(0.090998,-0.995851,0.000000));
#3549=VECTOR('',#3548,13.905452);
#3550=LINE('',#2459,#3549);
#3551=EDGE_CURVE('',#2460,#2518,#3550,.T.);
#3552=ORIENTED_EDGE('',*,*,#3551,.T.);
#3553=EDGE_LOOP('',(#3542,#3547,#3552));
#3554=FACE_OUTER_BOUND('',#3553,.T.);
#3555=ADVANCED_FACE('',(#3554),#3537,.T.);
#3556=CARTESIAN_POINT('',(-30.500000,0.000000,-8.000000));
#3557=DIRECTION('',(0.000000,0.000000,1.000000));
#3558=DIRECTION('',(1.000000,0.000000,0.000000));
#3559=AXIS2_PLACEMENT_3D('',#3556,#3557,#3558);
#3560=PLANE('',#3559);
#3561=DIRECTION('',(-0.090998,0.995851,0.000000));
#3562=VECTOR('',#3561,13.905452);
#3563=LINE('',#2519,#3562);
#3564=EDGE_CURVE('',#2520,#2500,#3563,.T.);
#3565=ORIENTED_EDGE('',*,*,#3564,.T.);
#3566=DIRECTION('',(-0.831470,-0.555570,0.000000));
#3567=VECTOR('',#3566,0.780361);
#3568=LINE('',#2499,#3567);
#3569=EDGE_CURVE('',#2500,#2502,#3568,.T.);
#3570=ORIENTED_EDGE('',*,*,#3569,.T.);
#3571=DIRECTION('',(0.141269,-0.989971,0.000000));
#3572=VECTOR('',#3571,13.550105);
#3573=LINE('',#2501,#3572);
#3574=EDGE_CURVE('',#2502,#2520,#3573,.T.);
#3575=ORIENTED_EDGE('',*,*,#3574,.T.);
#3576=EDGE_LOOP('',(#3565,#3570,#3575));
#3577=FACE_OUTER_BOUND('',#3576,.T.);
#3578=ADVANCED_FACE('',(#3577),#3560,.T.);
#3579=CARTESIAN_POINT('',(-31.765367,13.847759,-78.000000));
#3580=DIRECTION('',(-0.555570,0.831470,0.000000));
#3581=DIRECTION('',(0.000000,0.000000,1.000000));
#3582=AXIS2_PLACEMENT_3D('',#3579,#3580,#3581);
#3583=PLANE('',#3582);
#3584=DIRECTION('',(-0.831470,-0.555570,0.000000));
#3585=VECTOR('',#3584,0.780361);
#3586=LINE('',#2459,#3585);
#3587=EDGE_CURVE('',#2460,#2462,#3586,.T.);
#3588=ORIENTED_EDGE('',*,*,#3587,.T.);
#3589=DIRECTION('',(0.000000,0.000000,1.000000));
#3590=VECTOR('',#3589,70.000000);
#3591=LINE('',#2461,#3590);
#3592=EDGE_CURVE('',#2462,#2502,#3591,.T.);
#3593=ORIENTED_EDGE('',*,*,#3592,.T.);
#3594=DIRECTION('',(0.009269,0.006193,-0.999938));
#3595=VECTOR('',#3594,70.004350);
#3596=LINE('',#2501,#3595);
#3597=EDGE_CURVE('',#2502,#2460,#3596,.T.);
#3598=ORIENTED_EDGE('',*,*,#3597,.T.);
#3599=EDGE_LOOP('',(#3588,#3593,#3598));
#3600=FACE_OUTER_BOUND('',#3599,.T.);
#3601=ADVANCED_FACE('',(#3600),#3583,.T.);
#3602=CARTESIAN_POINT('',(-31.765367,13.847759,-78.000000));
#3603=DIRECTION('',(-0.555570,0.831470,0.000000));
#3604=DIRECTION('',(0.000000,0.000000,1.000000));
#3605=AXIS2_PLACEMENT_3D('',#3602,#3603,#3604);
#3606=PLANE('',#3605);
#3607=DIRECTION('',(-0.009269,-0.006193,0.999938));
#3608=VECTOR('',#3607,70.004350);
#3609=LINE('',#2459,#3608);
#3610=EDGE_CURVE('',#2460,#2502,#3609,.T.);
#3611=ORIENTED_EDGE('',*,*,#3610,.T.);
#3612=DIRECTION('',(0.831470,0.555570,0.000000));
#3613=VECTOR('',#3612,0.780361);
#3614=LINE('',#2501,#3613);
#3615=EDGE_CURVE('',#2502,#2500,#3614,.T.);
#3616=ORIENTED_EDGE('',*,*,#3615,.T.);
#3617=DIRECTION('',(0.000000,0.000000,-1.000000));
#3618=VECTOR('',#3617,70.000000);
#3619=LINE('',#2499,#3618);
#3620=EDGE_CURVE('',#2500,#2460,#3619,.T.);
#3621=ORIENTED_EDGE('',*,*,#3620,.T.);
#3622=EDGE_LOOP('',(#3611,#3616,#3621));
#3623=FACE_OUTER_BOUND('',#3622,.T.);
#3624=ADVANCED_FACE('',(#3623),#3606,.T.);
#3625=CARTESIAN_POINT('',(-30.500000,0.000000,-78.000000));
#3626=DIRECTION('',(0.000000,0.000000,-1.000000));
#3627=DIRECTION('',(1.000000,0.000000,0.000000));
#3628=AXIS2_PLACEMENT_3D('',#3625,#3626,#3627);
#3629=PLANE('',#3628);
#3630=DIRECTION('',(-0.180883,0.983505,0.000000));
#3631=VECTOR('',#3630,12.979467);
#3632=LINE('',#2517,#3631);
#3633=EDGE_CURVE('',#2518,#2464,#3632,.T.);
#3634=ORIENTED_EDGE('',*,*,#3633,.T.);
#3635=DIRECTION('',(0.555570,0.831470,0.000000));
#3636=VECTOR('',#3635,0.780361);
#3637=LINE('',#2463,#3636);
#3638=EDGE_CURVE('',#2464,#2462,#3637,.T.);
#3639=ORIENTED_EDGE('',*,*,#3638,.T.);
#3640=DIRECTION('',(0.141269,-0.989971,0.000000));
#3641=VECTOR('',#3640,13.550105);
#3642=LINE('',#2461,#3641);
#3643=EDGE_CURVE('',#2462,#2518,#3642,.T.);
#3644=ORIENTED_EDGE('',*,*,#3643,.T.);
#3645=EDGE_LOOP('',(#3634,#3639,#3644));
#3646=FACE_OUTER_BOUND('',#3645,.T.);
#3647=ADVANCED_FACE('',(#3646),#3629,.T.);
#3648=CARTESIAN_POINT('',(-30.500000,0.000000,-8.000000));
#3649=DIRECTION('',(0.000000,0.000000,1.000000));
#3650=DIRECTION('',(1.000000,0.000000,0.000000));
#3651=AXIS2_PLACEMENT_3D('',#3648,#3649,#3650);
#3652=PLANE('',#3651);
#3653=DIRECTION('',(-0.141269,0.989971,0.000000));
#3654=VECTOR('',#3653,13.550105);
#3655=LINE('',#2519,#3654);
#3656=EDGE_CURVE('',#2520,#2502,#3655,.T.);
#3657=ORIENTED_EDGE('',*,*,#3656,.T.);
#3658=DIRECTION('',(-0.555570,-0.831470,0.000000));
#3659=VECTOR('',#3658,0.780361);
#3660=LINE('',#2501,#3659);
#3661=EDGE_CURVE('',#2502,#2504,#3660,.T.);
#3662=ORIENTED_EDGE('',*,*,#3661,.T.);
#3663=DIRECTION('',(0.180883,-0.983505,0.000000));
#3664=VECTOR('',#3663,12.979467);
#3665=LINE('',#2503,#3664);
#3666=EDGE_CURVE('',#2504,#2520,#3665,.T.);
#3667=ORIENTED_EDGE('',*,*,#3666,.T.);
#3668=EDGE_LOOP('',(#3657,#3662,#3667));
#3669=FACE_OUTER_BOUND('',#3668,.T.);
#3670=ADVANCED_FACE('',(#3669),#3652,.T.);
#3671=CARTESIAN_POINT('',(-32.414214,13.414214,-78.000000));
#3672=DIRECTION('',(-0.831470,0.555570,0.000000));
#3673=DIRECTION('',(0.000000,0.000000,1.000000));
#3674=AXIS2_PLACEMENT_3D('',#3671,#3672,#3673);
#3675=PLANE('',#3674);
#3676=DIRECTION('',(-0.555570,-0.831470,0.000000));
#3677=VECTOR('',#3676,0.780361);
#3678=LINE('',#2461,#3677);
#3679=EDGE_CURVE('',#2462,#2464,#3678,.T.);
#3680=ORIENTED_EDGE('',*,*,#3679,.T.);
#3681=DIRECTION('',(0.000000,0.000000,1.000000));
#3682=VECTOR('',#3681,70.000000);
#3683=LINE('',#2463,#3682);
#3684=EDGE_CURVE('',#2464,#2504,#3683,.T.);
#3685=ORIENTED_EDGE('',*,*,#3684,.T.);
#3686=DIRECTION('',(0.006193,0.009269,-0.999938));
#3687=VECTOR('',#3686,70.004350);
#3688=LINE('',#2503,#3687);
#3689=EDGE_CURVE('',#2504,#2462,#3688,.T.);
#3690=ORIENTED_EDGE('',*,*,#3689,.T.);
#3691=EDGE_LOOP('',(#3680,#3685,#3690));
#3692=FACE_OUTER_BOUND('',#3691,.T.);
#3693=ADVANCED_FACE('',(#3692),#3675,.T.);
#3694=CARTESIAN_POINT('',(-32.414214,13.414214,-78.000000));
#3695=DIRECTION('',(-0.831470,0.555570,0.000000));
#3696=DIRECTION('',(0.000000,0.000000,1.000000));
#3697=AXIS2_PLACEMENT_3D('',#3694,#3695,#3696);
#3698=PLANE('',#3697);
#3699=DIRECTION('',(-0.006193,-0.009269,0.999938));
#3700=VECTOR('',#3699,70.004350);
#3701=LINE('',#2461,#3700);
#3702=EDGE_CURVE('',#2462,#2504,#3701,.T.);
#3703=ORIENTED_EDGE('',*,*,#3702,.T.);
#3704=DIRECTION('',(0.555570,0.831470,0.000000));
#3705=VECTOR('',#3704,0.780361);
#3706=LINE('',#2503,#3705);
#3707=EDGE_CURVE('',#2504,#2502,#3706,.T.);
#3708=ORIENTED_EDGE('',*,*,#3707,.T.);
#3709=DIRECTION('',(0.000000,0.000000,-1.000000));
#3710=VECTOR('',#3709,70.000000);
#3711=LINE('',#2501,#3710);
#3712=EDGE_CURVE('',#2502,#2462,#3711,.T.);
#3713=ORIENTED_EDGE('',*,*,#3712,.T.);
#3714=EDGE_LOOP('',(#3703,#3708,#3713));
#3715=FACE_OUTER_BOUND('',#3714,.T.);
#3716=ADVANCED_FACE('',(#3715),#3698,.T.);
#3717=CARTESIAN_POINT('',(-30.500000,0.000000,-78.000000));
#3718=DIRECTION('',(0.000000,0.000000,-1.000000));
#3719=DIRECTION('',(1.000000,0.000000,0.000000));
#3720=AXIS2_PLACEMENT_3D('',#3717,#3718,#3719);
#3721=PLANE('',#3720);
#3722=DIRECTION('',(-0.203954,0.978980,0.000000));
#3723=VECTOR('',#3722,12.257651);
#3724=LINE('',#2517,#3723);
#3725=EDGE_CURVE('',#2518,#2466,#3724,.T.);
#3726=ORIENTED_EDGE('',*,*,#3725,.T.);
#3727=DIRECTION('',(0.195090,0.980785,0.000000));
#3728=VECTOR('',#3727,0.780361);
#3729=LINE('',#2465,#3728);
#3730=EDGE_CURVE('',#2466,#2464,#3729,.T.);
#3731=ORIENTED_EDGE('',*,*,#3730,.T.);
#3732=DIRECTION('',(0.180883,-0.983505,0.000000));
#3733=VECTOR('',#3732,12.979467);
#3734=LINE('',#2463,#3733);
#3735=EDGE_CURVE('',#2464,#2518,#3734,.T.);
#3736=ORIENTED_EDGE('',*,*,#3735,.T.);
#3737=EDGE_LOOP('',(#3726,#3731,#3736));
#3738=FACE_OUTER_BOUND('',#3737,.T.);
#3739=ADVANCED_FACE('',(#3738),#3721,.T.);
#3740=CARTESIAN_POINT('',(-30.500000,0.000000,-8.000000));
#3741=DIRECTION('',(0.000000,0.000000,1.000000));
#3742=DIRECTION('',(1.000000,0.000000,0.000000));
#3743=AXIS2_PLACEMENT_3D('',#3740,#3741,#3742);
#3744=PLANE('',#3743);
#3745=DIRECTION('',(-0.180883,0.983505,0.000000));
#3746=VECTOR('',#3745,12.979467);
#3747=LINE('',#2519,#3746);
#3748=EDGE_CURVE('',#2520,#2504,#3747,.T.);
#3749=ORIENTED_EDGE('',*,*,#3748,.T.);
#3750=DIRECTION('',(-0.195090,-0.980785,0.000000));
#3751=VECTOR('',#3750,0.780361);
#3752=LINE('',#2503,#3751);
#3753=EDGE_CURVE('',#2504,#2506,#3752,.T.);
#3754=ORIENTED_EDGE('',*,*,#3753,.T.);
#3755=DIRECTION('',(0.203954,-0.978980,0.000000));
#3756=VECTOR('',#3755,12.257651);
#3757=LINE('',#2505,#3756);
#3758=EDGE_CURVE('',#2506,#2520,#3757,.T.);
#3759=ORIENTED_EDGE('',*,*,#3758,.T.);
#3760=EDGE_LOOP('',(#3749,#3754,#3759));
#3761=FACE_OUTER_BOUND('',#3760,.T.);
#3762=ADVANCED_FACE('',(#3761),#3744,.T.);
#3763=CARTESIAN_POINT('',(-32.847759,12.765367,-78.000000));
#3764=DIRECTION('',(-0.980785,0.195090,0.000000));
#3765=DIRECTION('',(0.000000,0.000000,1.000000));
#3766=AXIS2_PLACEMENT_3D('',#3763,#3764,#3765);
#3767=PLANE('',#3766);
#3768=DIRECTION('',(-0.195090,-0.980785,0.000000));
#3769=VECTOR('',#3768,0.780361);
#3770=LINE('',#2463,#3769);
#3771=EDGE_CURVE('',#2464,#2466,#3770,.T.);
#3772=ORIENTED_EDGE('',*,*,#3771,.T.);
#3773=DIRECTION('',(0.000000,0.000000,1.000000));
#3774=VECTOR('',#3773,70.000000);
#3775=LINE('',#2465,#3774);
#3776=EDGE_CURVE('',#2466,#2506,#3775,.T.);
#3777=ORIENTED_EDGE('',*,*,#3776,.T.);
#3778=DIRECTION('',(0.002175,0.010933,-0.999938));
#3779=VECTOR('',#3778,70.004350);
#3780=LINE('',#2505,#3779);
#3781=EDGE_CURVE('',#2506,#2464,#3780,.T.);
#3782=ORIENTED_EDGE('',*,*,#3781,.T.);
#3783=EDGE_LOOP('',(#3772,#3777,#3782));
#3784=FACE_OUTER_BOUND('',#3783,.T.);
#3785=ADVANCED_FACE('',(#3784),#3767,.T.);
#3786=CARTESIAN_POINT('',(-32.847759,12.765367,-78.000000));
#3787=DIRECTION('',(-0.980785,0.195090,0.000000));
#3788=DIRECTION('',(0.000000,0.000000,1.000000));
#3789=AXIS2_PLACEMENT_3D('',#3786,#3787,#3788);
#3790=PLANE('',#3789);
#3791=DIRECTION('',(-0.002175,-0.010933,0.999938));
#3792=VECTOR('',#3791,70.004350);
#3793=LINE('',#2463,#3792);
#3794=EDGE_CURVE('',#2464,#2506,#3793,.T.);
#3795=ORIENTED_EDGE('',*,*,#3794,.T.);
#3796=DIRECTION('',(0.195090,0.980785,0.000000));
#3797=VECTOR('',#3796,0.780361);
#3798=LINE('',#2505,#3797);
#3799=EDGE_CURVE('',#2506,#2504,#3798,.T.);
#3800=ORIENTED_EDGE('',*,*,#3799,.T.);
#3801=DIRECTION('',(0.000000,0.000000,-1.000000));
#3802=VECTOR('',#3801,70.000000);
#3803=LINE('',#2503,#3802);
#3804=EDGE_CURVE('',#2504,#2464,#3803,.T.);
#3805=ORIENTED_EDGE('',*,*,#3804,.T.);
#3806=EDGE_LOOP('',(#3795,#3800,#3805));
#3807=FACE_OUTER_BOUND('',#3806,.T.);
#3808=ADVANCED_FACE('',(#3807),#3790,.T.);
#3809=CARTESIAN_POINT('',(-30.500000,0.000000,-78.000000));
#3810=DIRECTION('',(0.000000,0.000000,-1.000000));
#3811=DIRECTION('',(1.000000,0.000000,0.000000));
#3812=AXIS2_PLACEMENT_3D('',#3809,#3810,#3811);
#3813=PLANE('',#3812);
#3814=DIRECTION('',(-0.203954,-0.978980,0.000000));
#3815=VECTOR('',#3814,12.257651);
#3816=LINE('',#2517,#3815);
#3817=EDGE_CURVE('',#2518,#2468,#3816,.T.);
#3818=ORIENTED_EDGE('',*,*,#3817,.T.);
#3819=DIRECTION('',(0.000000,1.000000,0.000000));
#3820=VECTOR('',#3819,24.000000);
#3821=LINE('',#2467,#3820);
#3822=EDGE_CURVE('',#2468,#2466,#3821,.T.);
#3823=ORIENTED_EDGE('',*,*,#3822,.T.);
#3824=DIRECTION('',(0.203954,-0.978980,0.000000));
#3825=VECTOR('',#3824,12.257651);
#3826=LINE('',#2465,#3825);
#3827=EDGE_CURVE('',#2466,#2518,#3826,.T.);
#3828=ORIENTED_EDGE('',*,*,#3827,.T.);
#3829=EDGE_LOOP('',(#3818,#3823,#3828));
#3830=FACE_OUTER_BOUND('',#3829,.T.);
#3831=ADVANCED_FACE('',(#3830),#3813,.T.);
#3832=CARTESIAN_POINT('',(-30.500000,0.000000,-8.000000));
#3833=DIRECTION('',(0.000000,0.000000,1.000000));
#3834=DIRECTION('',(1.000000,0.000000,0.000000));
#3835=AXIS2_PLACEMENT_3D('',#3832,#3833,#3834);
#3836=PLANE('',#3835);
#3837=DIRECTION('',(-0.203954,0.978980,0.000000));
#3838=VECTOR('',#3837,12.257651);
#3839=LINE('',#2519,#3838);
#3840=EDGE_CURVE('',#2520,#2506,#3839,.T.);
#3841=ORIENTED_EDGE('',*,*,#3840,.T.);
#3842=DIRECTION('',(0.000000,-1.000000,0.000000));
#3843=VECTOR('',#3842,24.000000);
#3844=LINE('',#2505,#3843);
#3845=EDGE_CURVE('',#2506,#2508,#3844,.T.);
#3846=ORIENTED_EDGE('',*,*,#3845,.T.);
#3847=DIRECTION('',(0.203954,0.978980,0.000000));
#3848=VECTOR('',#3847,12.257651);
#3849=LINE('',#2507,#3848);
#3850=EDGE_CURVE('',#2508,#2520,#3849,.T.);
#3851=ORIENTED_EDGE('',*,*,#3850,.T.);
#3852=EDGE_LOOP('',(#3841,#3846,#3851));
#3853=FACE_OUTER_BOUND('',#3852,.T.);
#3854=ADVANCED_FACE('',(#3853),#3836,.T.);
#3855=CARTESIAN_POINT('',(-33.000000,12.000000,-78.000000));
#3856=DIRECTION('',(-1.000000,0.000000,0.000000));
#3857=DIRECTION('',(0.000000,1.000000,0.000000));
#3858=AXIS2_PLACEMENT_3D('',#3855,#3856,#3857);
#3859=PLANE('',#3858);
#3860=DIRECTION('',(0.000000,-1.000000,0.000000));
#3861=VECTOR('',#3860,24.000000);
#3862=LINE('',#2465,#3861);
#3863=EDGE_CURVE('',#2466,#2468,#3862,.T.);
#3864=ORIENTED_EDGE('',*,*,#3863,.T.);
#3865=DIRECTION('',(0.000000,0.000000,1.000000));
#3866=VECTOR('',#3865,70.000000);
#3867=LINE('',#2467,#3866);
#3868=EDGE_CURVE('',#2468,#2508,#3867,.T.);
#3869=ORIENTED_EDGE('',*,*,#3868,.T.);
#3870=DIRECTION('',(0.000000,0.324324,-0.945946));
#3871=VECTOR('',#3870,74.000000);
#3872=LINE('',#2507,#3871);
#3873=EDGE_CURVE('',#2508,#2466,#3872,.T.);
#3874=ORIENTED_EDGE('',*,*,#3873,.T.);
#3875=EDGE_LOOP('',(#3864,#3869,#3874));
#3876=FACE_OUTER_BOUND('',#3875,.T.);
#3877=ADVANCED_FACE('',(#3876),#3859,.T.);
#3878=CARTESIAN_POINT('',(-33.000000,12.000000,-78.000000));
#3879=DIRECTION('',(-1.000000,0.000000,0.000000));
#3880=DIRECTION('',(0.000000,1.000000,0.000000));
#3881=AXIS2_PLACEMENT_3D('',#3878,#3879,#3880);
#3882=PLANE('',#3881);
#3883=DIRECTION('',(0.000000,-0.324324,0.945946));
#3884=VECTOR('',#3883,74.000000);
#3885=LINE('',#2465,#3884);
#3886=EDGE_CURVE('',#2466,#2508,#3885,.T.);
#3887=ORIENTED_EDGE('',*,*,#3886,.T.);
#3888=DIRECTION('',(0.000000,1.000000,0.000000));
#3889=VECTOR('',#3888,24.000000);
#3890=LINE('',#2507,#3889);
#3891=EDGE_CURVE('',#2508,#2506,#3890,.T.);
#3892=ORIENTED_EDGE('',*,*,#3891,.T.);
#3893=DIRECTION('',(0.000000,0.000000,-1.000000));
#3894=VECTOR('',#3893,70.000000);
#3895=LINE('',#2505,#3894);
#3896=EDGE_CURVE('',#2506,#2466,#3895,.T.);
#3897=ORIENTED_EDGE('',*,*,#3896,.T.);
#3898=EDGE_LOOP('',(#3887,#3892,#3897));
#3899=FACE_OUTER_BOUND('',#3898,.T.);
#3900=ADVANCED_FACE('',(#3899),#3882,.T.);
#3901=CARTESIAN_POINT('',(-30.500000,0.000000,-78.000000));
#3902=DIRECTION('',(0.000000,0.000000,-1.000000));
#3903=DIRECTION('',(1.000000,0.000000,0.000000));
#3904=AXIS2_PLACEMENT_3D('',#3901,#3902,#3903);
#3905=PLANE('',#3904);
#3906=DIRECTION('',(-0.180883,-0.983505,0.000000));
#3907=VECTOR('',#3906,12.979467);
#3908=LINE('',#2517,#3907);
#3909=EDGE_CURVE('',#2518,#2470,#3908,.T.);
#3910=ORIENTED_EDGE('',*,*,#3909,.T.);
#3911=DIRECTION('',(-0.195090,0.980785,0.000000));
#3912=VECTOR('',#3911,0.780361);
#3913=LINE('',#2469,#3912);
#3914=EDGE_CURVE('',#2470,#2468,#3913,.T.);
#3915=ORIENTED_EDGE('',*,*,#3914,.T.);
#3916=DIRECTION('',(0.203954,0.978980,0.000000));
#3917=VECTOR('',#3916,12.257651);
#3918=LINE('',#2467,#3917);
#3919=EDGE_CURVE('',#2468,#2518,#3918,.T.);
#3920=ORIENTED_EDGE('',*,*,#3919,.T.);
#3921=EDGE_LOOP('',(#3910,#3915,#3920));
#3922=FACE_OUTER_BOUND('',#3921,.T.);
#3923=ADVANCED_FACE('',(#3922),#3905,.T.);
#3924=CARTESIAN_POINT('',(-30.500000,0.000000,-8.000000));
#3925=DIRECTION('',(0.000000,0.000000,1.000000));
#3926=DIRECTION('',(1.000000,0.000000,0.000000));
#3927=AXIS2_PLACEMENT_3D('',#3924,#3925,#3926);
#3928=PLANE('',#3927);
#3929=DIRECTION('',(-0.203954,-0.978980,0.000000));
#3930=VECTOR('',#3929,12.257651);
#3931=LINE('',#2519,#3930);
#3932=EDGE_CURVE('',#2520,#2508,#3931,.T.);
#3933=ORIENTED_EDGE('',*,*,#3932,.T.);
#3934=DIRECTION('',(0.195090,-0.980785,0.000000));
#3935=VECTOR('',#3934,0.780361);
#3936=LINE('',#2507,#3935);
#3937=EDGE_CURVE('',#2508,#2510,#3936,.T.);
#3938=ORIENTED_EDGE('',*,*,#3937,.T.);
#3939=DIRECTION('',(0.180883,0.983505,0.000000));
#3940=VECTOR('',#3939,12.979467);
#3941=LINE('',#2509,#3940);
#3942=EDGE_CURVE('',#2510,#2520,#3941,.T.);
#3943=ORIENTED_EDGE('',*,*,#3942,.T.);
#3944=EDGE_LOOP('',(#3933,#3938,#3943));
#3945=FACE_OUTER_BOUND('',#3944,.T.);
#3946=ADVANCED_FACE('',(#3945),#3928,.T.);
#3947=CARTESIAN_POINT('',(-33.000000,-12.000000,-78.000000));
#3948=DIRECTION('',(-0.980785,-0.195090,0.000000));
#3949=DIRECTION('',(0.000000,0.000000,1.000000));
#3950=AXIS2_PLACEMENT_3D('',#3947,#3948,#3949);
#3951=PLANE('',#3950);
#3952=DIRECTION('',(0.195090,-0.980785,0.000000));
#3953=VECTOR('',#3952,0.780361);
#3954=LINE('',#2467,#3953);
#3955=EDGE_CURVE('',#2468,#2470,#3954,.T.);
#3956=ORIENTED_EDGE('',*,*,#3955,.T.);
#3957=DIRECTION('',(0.000000,0.000000,1.000000));
#3958=VECTOR('',#3957,70.000000);
#3959=LINE('',#2469,#3958);
#3960=EDGE_CURVE('',#2470,#2510,#3959,.T.);
#3961=ORIENTED_EDGE('',*,*,#3960,.T.);
#3962=DIRECTION('',(-0.002175,0.010933,-0.999938));
#3963=VECTOR('',#3962,70.004350);
#3964=LINE('',#2509,#3963);
#3965=EDGE_CURVE('',#2510,#2468,#3964,.T.);
#3966=ORIENTED_EDGE('',*,*,#3965,.T.);
#3967=EDGE_LOOP('',(#3956,#3961,#3966));
#3968=FACE_OUTER_BOUND('',#3967,.T.);
#3969=ADVANCED_FACE('',(#3968),#3951,.T.);
#3970=CARTESIAN_POINT('',(-33.000000,-12.000000,-78.000000));
#3971=DIRECTION('',(-0.980785,-0.195090,0.000000));
#3972=DIRECTION('',(0.000000,0.000000,1.000000));
#3973=AXIS2_PLACEMENT_3D('',#3970,#3971,#3972);
#3974=PLANE('',#3973);
#3975=DIRECTION('',(0.002175,-0.010933,0.999938));
#3976=VECTOR('',#3975,70.004350);
#3977=LINE('',#2467,#3976);
#3978=EDGE_CURVE('',#2468,#2510,#3977,.T.);
#3979=ORIENTED_EDGE('',*,*,#3978,.T.);
#3980=DIRECTION('',(-0.195090,0.980785,0.000000));
#3981=VECTOR('',#3980,0.780361);
#3982=LINE('',#2509,#3981);
#3983=EDGE_CURVE('',#2510,#2508,#3982,.T.);
#3984=ORIENTED_EDGE('',*,*,#3983,.T.);
#3985=DIRECTION('',(0.000000,0.000000,-1.000000));
#3986=VECTOR('',#3985,70.000000);
#3987=LINE('',#2507,#3986);
#3988=EDGE_CURVE('',#2508,#2468,#3987,.T.);
#3989=ORIENTED_EDGE('',*,*,#3988,.T.);
#3990=EDGE_LOOP('',(#3979,#3984,#3989));
#3991=FACE_OUTER_BOUND('',#3990,.T.);
#3992=ADVANCED_FACE('',(#3991),#3974,.T.);
#3993=CARTESIAN_POINT('',(-30.500000,0.000000,-78.000000));
#3994=DIRECTION('',(0.000000,0.000000,-1.000000));
#3995=DIRECTION('',(1.000000,0.000000,0.000000));
#3996=AXIS2_PLACEMENT_3D('',#3993,#3994,#3995);
#3997=PLANE('',#3996);
#3998=DIRECTION('',(-0.141269,-0.989971,0.000000));
#3999=VECTOR('',#3998,13.550105);
#4000=LINE('',#2517,#3999);
#4001=EDGE_CURVE('',#2518,#2472,#4000,.T.);
#4002=ORIENTED_EDGE('',*,*,#4001,.T.);
#4003=DIRECTION('',(-0.555570,0.831470,0.000000));
#4004=VECTOR('',#4003,0.780361);
#4005=LINE('',#2471,#4004);
#4006=EDGE_CURVE('',#2472,#2470,#4005,.T.);
#4007=ORIENTED_EDGE('',*,*,#4006,.T.);
#4008=DIRECTION('',(0.180883,0.983505,0.000000));
#4009=VECTOR('',#4008,12.979467);
#4010=LINE('',#2469,#4009);
#4011=EDGE_CURVE('',#2470,#2518,#4010,.T.);
#4012=ORIENTED_EDGE('',*,*,#4011,.T.);
#4013=EDGE_LOOP('',(#4002,#4007,#4012));
#4014=FACE_OUTER_BOUND('',#4013,.T.);
#4015=ADVANCED_FACE('',(#4014),#3997,.T.);
#4016=CARTESIAN_POINT('',(-30.500000,0.000000,-8.000000));
#4017=DIRECTION('',(0.000000,0.000000,1.000000));
#4018=DIRECTION('',(1.000000,0.000000,0.000000));
#4019=AXIS2_PLACEMENT_3D('',#4016,#4017,#4018);
#4020=PLANE('',#4019);
#4021=DIRECTION('',(-0.180883,-0.983505,0.000000));
#4022=VECTOR('',#4021,12.979467);
#4023=LINE('',#2519,#4022);
#4024=EDGE_CURVE('',#2520,#2510,#4023,.T.);
#4025=ORIENTED_EDGE('',*,*,#4024,.T.);
#4026=DIRECTION('',(0.555570,-0.831470,0.000000));
#4027=VECTOR('',#4026,0.780361);
#4028=LINE('',#2509,#4027);
#4029=EDGE_CURVE('',#2510,#2512,#4028,.T.);
#4030=ORIENTED_EDGE('',*,*,#4029,.T.);
#4031=DIRECTION('',(0.141269,0.989971,0.000000));
#4032=VECTOR('',#4031,13.550105);
#4033=LINE('',#2511,#4032);
#4034=EDGE_CURVE('',#2512,#2520,#4033,.T.);
#4035=ORIENTED_EDGE('',*,*,#4034,.T.);
#4036=EDGE_LOOP('',(#4025,#4030,#4035));
#4037=FACE_OUTER_BOUND('',#4036,.T.);
#4038=ADVANCED_FACE('',(#4037),#4020,.T.);
#4039=CARTESIAN_POINT('',(-32.847759,-12.765367,-78.000000));
#4040=DIRECTION('',(-0.831470,-0.555570,0.000000));
#4041=DIRECTION('',(0.000000,0.000000,1.000000));
#4042=AXIS2_PLACEMENT_3D('',#4039,#4040,#4041);
#4043=PLANE('',#4042);
#4044=DIRECTION('',(0.555570,-0.831470,0.000000));
#4045=VECTOR('',#4044,0.780361);
#4046=LINE('',#2469,#4045);
#4047=EDGE_CURVE('',#2470,#2472,#4046,.T.);
#4048=ORIENTED_EDGE('',*,*,#4047,.T.);
#4049=DIRECTION('',(0.000000,0.000000,1.000000));
#4050=VECTOR('',#4049,70.000000);
#4051=LINE('',#2471,#4050);
#4052=EDGE_CURVE('',#2472,#2512,#4051,.T.);
#4053=ORIENTED_EDGE('',*,*,#4052,.T.);
#4054=DIRECTION('',(-0.006193,0.009269,-0.999938));
#4055=VECTOR('',#4054,70.004350);
#4056=LINE('',#2511,#4055);
#4057=EDGE_CURVE('',#2512,#2470,#4056,.T.);
#4058=ORIENTED_EDGE('',*,*,#4057,.T.);
#4059=EDGE_LOOP('',(#4048,#4053,#4058));
#4060=FACE_OUTER_BOUND('',#4059,.T.);
#4061=ADVANCED_FACE('',(#4060),#4043,.T.);
#4062=CARTESIAN_POINT('',(-32.847759,-12.765367,-78.000000));
#4063=DIRECTION('',(-0.831470,-0.555570,0.000000));
#4064=DIRECTION('',(0.000000,0.000000,1.000000));
#4065=AXIS2_PLACEMENT_3D('',#4062,#4063,#4064);
#4066=PLANE('',#4065);
#4067=DIRECTION('',(0.006193,-0.009269,0.999938));
#4068=VECTOR('',#4067,70.004350);
#4069=LINE('',#2469,#4068);
#4070=EDGE_CURVE('',#2470,#2512,#4069,.T.);
#4071=ORIENTED_EDGE('',*,*,#4070,.T.);
#4072=DIRECTION('',(-0.555570,0.831470,0.000000));
#4073=VECTOR('',#4072,0.780361);
#4074=LINE('',#2511,#4073);
#4075=EDGE_CURVE('',#2512,#2510,#4074,.T.);
#4076=ORIENTED_EDGE('',*,*,#4075,.T.);
#4077=DIRECTION('',(0.000000,0.000000,-1.000000));
#4078=VECTOR('',#4077,70.000000);
#4079=LINE('',#2509,#4078);
#4080=EDGE_CURVE('',#2510,#2470,#4079,.T.);
#4081=ORIENTED_EDGE('',*,*,#4080,.T.);
#4082=EDGE_LOOP('',(#4071,#4076,#4081));
#4083=FACE_OUTER_BOUND('',#4082,.T.);
#4084=ADVANCED_FACE('',(#4083),#4066,.T.);
#4085=CARTESIAN_POINT('',(-30.500000,0.000000,-78.000000));
#4086=DIRECTION('',(0.000000,0.000000,-1.000000));
#4087=DIRECTION('',(1.000000,0.000000,0.000000));
#4088=AXIS2_PLACEMENT_3D('',#4085,#4086,#4087);
#4089=PLANE('',#4088);
#4090=DIRECTION('',(-0.090998,-0.995851,0.000000));
#4091=VECTOR('',#4090,13.905452);
#4092=LINE('',#2517,#4091);
#4093=EDGE_CURVE('',#2518,#2474,#4092,.T.);
#4094=ORIENTED_EDGE('',*,*,#4093,.T.);
#4095=DIRECTION('',(-0.831470,0.555570,0.000000));
#4096=VECTOR('',#4095,0.780361);
#4097=LINE('',#2473,#4096);
#4098=EDGE_CURVE('',#2474,#2472,#4097,.T.);
#4099=ORIENTED_EDGE('',*,*,#4098,.T.);
#4100=DIRECTION('',(0.141269,0.989971,0.000000));
#4101=VECTOR('',#4100,13.550105);
#4102=LINE('',#2471,#4101);
#4103=EDGE_CURVE('',#2472,#2518,#4102,.T.);
#4104=ORIENTED_EDGE('',*,*,#4103,.T.);
#4105=EDGE_LOOP('',(#4094,#4099,#4104));
#4106=FACE_OUTER_BOUND('',#4105,.T.);
#4107=ADVANCED_FACE('',(#4106),#4089,.T.);
#4108=CARTESIAN_POINT('',(-30.500000,0.000000,-8.000000));
#4109=DIRECTION('',(0.000000,0.000000,1.000000));
#4110=DIRECTION('',(1.000000,0.000000,0.000000));
#4111=AXIS2_PLACEMENT_3D('',#4108,#4109,#4110);
#4112=PLANE('',#4111);
#4113=DIRECTION('',(-0.141269,-0.989971,0.000000));
#4114=VECTOR('',#4113,13.550105);
#4115=LINE('',#2519,#4114);
#4116=EDGE_CURVE('',#2520,#2512,#4115,.T.);
#4117=ORIENTED_EDGE('',*,*,#4116,.T.);
#4118=DIRECTION('',(0.831470,-0.555570,0.000000));
#4119=VECTOR('',#4118,0.780361);
#4120=LINE('',#2511,#4119);
#4121=EDGE_CURVE('',#2512,#2514,#4120,.T.);
#4122=ORIENTED_EDGE('',*,*,#4121,.T.);
#4123=DIRECTION('',(0.090998,0.995851,0.000000));
#4124=VECTOR('',#4123,13.905452);
#4125=LINE('',#2513,#4124);
#4126=EDGE_CURVE('',#2514,#2520,#4125,.T.);
#4127=ORIENTED_EDGE('',*,*,#4126,.T.);
#4128=EDGE_LOOP('',(#4117,#4122,#4127));
#4129=FACE_OUTER_BOUND('',#4128,.T.);
#4130=ADVANCED_FACE('',(#4129),#4112,.T.);
#4131=CARTESIAN_POINT('',(-32.414214,-13.414214,-78.000000));
#4132=DIRECTION('',(-0.555570,-0.831470,0.000000));
#4133=DIRECTION('',(0.000000,0.000000,1.000000));
#4134=AXIS2_PLACEMENT_3D('',#4131,#4132,#4133);
#4135=PLANE('',#4134);
#4136=DIRECTION('',(0.831470,-0.555570,0.000000));
#4137=VECTOR('',#4136,0.780361);
#4138=LINE('',#2471,#4137);
#4139=EDGE_CURVE('',#2472,#2474,#4138,.T.);
#4140=ORIENTED_EDGE('',*,*,#4139,.T.);
#4141=DIRECTION('',(0.000000,0.000000,1.000000));
#4142=VECTOR('',#4141,70.000000);
#4143=LINE('',#2473,#4142);
#4144=EDGE_CURVE('',#2474,#2514,#4143,.T.);
#4145=ORIENTED_EDGE('',*,*,#4144,.T.);
#4146=DIRECTION('',(-0.009269,0.006193,-0.999938));
#4147=VECTOR('',#4146,70.004350);
#4148=LINE('',#2513,#4147);
#4149=EDGE_CURVE('',#2514,#2472,#4148,.T.);
#4150=ORIENTED_EDGE('',*,*,#4149,.T.);
#4151=EDGE_LOOP('',(#4140,#4145,#4150));
#4152=FACE_OUTER_BOUND('',#4151,.T.);
#4153=ADVANCED_FACE('',(#4152),#4135,.T.);
#4154=CARTESIAN_POINT('',(-32.414214,-13.414214,-78.000000));
#4155=DIRECTION('',(-0.555570,-0.831470,0.000000));
#4156=DIRECTION('',(0.000000,0.000000,1.000000));
#4157=AXIS2_PLACEMENT_3D('',#4154,#4155,#4156);
#4158=PLANE('',#4157);
#4159=DIRECTION('',(0.009269,-0.006193,0.999938));
#4160=VECTOR('',#4159,70.004350);
#4161=LINE('',#2471,#4160);
#4162=EDGE_CURVE('',#2472,#2514,#4161,.T.);
#4163=ORIENTED_EDGE('',*,*,#4162,.T.);
#4164=DIRECTION('',(-0.831470,0.555570,0.000000));
#4165=VECTOR('',#4164,0.780361);
#4166=LINE('',#2513,#4165);
#4167=EDGE_CURVE('',#2514,#2512,#4166,.T.);
#4168=ORIENTED_EDGE('',*,*,#4167,.T.);
#4169=DIRECTION('',(0.000000,0.000000,-1.000000));
#4170=VECTOR('',#4169,70.000000);
#4171=LINE('',#2511,#4170);
#4172=EDGE_CURVE('',#2512,#2472,#4171,.T.);
#4173=ORIENTED_EDGE('',*,*,#4172,.T.);
#4174=EDGE_LOOP('',(#4163,#4168,#4173));
#4175=FACE_OUTER_BOUND('',#4174,.T.);
#4176=ADVANCED_FACE('',(#4175),#4158,.T.);
#4177=CARTESIAN_POINT('',(-30.500000,0.000000,-78.000000));
#4178=DIRECTION('',(0.000000,0.000000,-1.000000));
#4179=DIRECTION('',(1.000000,0.000000,0.000000));
#4180=AXIS2_PLACEMENT_3D('',#4177,#4178,#4179);
#4181=PLANE('',#4180);
#4182=DIRECTION('',(-0.035692,-0.999363,0.000000));
#4183=VECTOR('',#4182,14.008926);
#4184=LINE('',#2517,#4183);
#4185=EDGE_CURVE('',#2518,#2476,#4184,.T.);
#4186=ORIENTED_EDGE('',*,*,#4185,.T.);
#4187=DIRECTION('',(-0.980785,0.195090,0.000000));
#4188=VECTOR('',#4187,0.780361);
#4189=LINE('',#2475,#4188);
#4190=EDGE_CURVE('',#2476,#2474,#4189,.T.);
#4191=ORIENTED_EDGE('',*,*,#4190,.T.);
#4192=DIRECTION('',(0.090998,0.995851,0.000000));
#4193=VECTOR('',#4192,13.905452);
#4194=LINE('',#2473,#4193);
#4195=EDGE_CURVE('',#2474,#2518,#4194,.T.);
#4196=ORIENTED_EDGE('',*,*,#4195,.T.);
#4197=EDGE_LOOP('',(#4186,#4191,#4196));
#4198=FACE_OUTER_BOUND('',#4197,.T.);
#4199=ADVANCED_FACE('',(#4198),#4181,.T.);
#4200=CARTESIAN_POINT('',(-30.500000,0.000000,-8.000000));
#4201=DIRECTION('',(0.000000,0.000000,1.000000));
#4202=DIRECTION('',(1.000000,0.000000,0.000000));
#4203=AXIS2_PLACEMENT_3D('',#4200,#4201,#4202);
#4204=PLANE('',#4203);
#4205=DIRECTION('',(-0.090998,-0.995851,0.000000));
#4206=VECTOR('',#4205,13.905452);
#4207=LINE('',#2519,#4206);
#4208=EDGE_CURVE('',#2520,#2514,#4207,.T.);
#4209=ORIENTED_EDGE('',*,*,#4208,.T.);
#4210=DIRECTION('',(0.980785,-0.195090,0.000000));
#4211=VECTOR('',#4210,0.780361);
#4212=LINE('',#2513,#4211);
#4213=EDGE_CURVE('',#2514,#2516,#4212,.T.);
#4214=ORIENTED_EDGE('',*,*,#4213,.T.);
#4215=DIRECTION('',(0.035692,0.999363,0.000000));
#4216=VECTOR('',#4215,14.008926);
#4217=LINE('',#2515,#4216);
#4218=EDGE_CURVE('',#2516,#2520,#4217,.T.);
#4219=ORIENTED_EDGE('',*,*,#4218,.T.);
#4220=EDGE_LOOP('',(#4209,#4214,#4219));
#4221=FACE_OUTER_BOUND('',#4220,.T.);
#4222=ADVANCED_FACE('',(#4221),#4204,.T.);
#4223=CARTESIAN_POINT('',(-31.765367,-13.847759,-78.000000));
#4224=DIRECTION('',(-0.195090,-0.980785,0.000000));
#4225=DIRECTION('',(0.000000,0.000000,1.000000));
#4226=AXIS2_PLACEMENT_3D('',#4223,#4224,#4225);
#4227=PLANE('',#4226);
#4228=DIRECTION('',(0.980785,-0.195090,0.000000));
#4229=VECTOR('',#4228,0.780361);
#4230=LINE('',#2473,#4229);
#4231=EDGE_CURVE('',#2474,#2476,#4230,.T.);
#4232=ORIENTED_EDGE('',*,*,#4231,.T.);
#4233=DIRECTION('',(0.000000,0.000000,1.000000));
#4234=VECTOR('',#4233,70.000000);
#4235=LINE('',#2475,#4234);
#4236=EDGE_CURVE('',#2476,#2516,#4235,.T.);
#4237=ORIENTED_EDGE('',*,*,#4236,.T.);
#4238=DIRECTION('',(-0.010933,0.002175,-0.999938));
#4239=VECTOR('',#4238,70.004350);
#4240=LINE('',#2515,#4239);
#4241=EDGE_CURVE('',#2516,#2474,#4240,.T.);
#4242=ORIENTED_EDGE('',*,*,#4241,.T.);
#4243=EDGE_LOOP('',(#4232,#4237,#4242));
#4244=FACE_OUTER_BOUND('',#4243,.T.);
#4245=ADVANCED_FACE('',(#4244),#4227,.T.);
#4246=CARTESIAN_POINT('',(-31.765367,-13.847759,-78.000000));
#4247=DIRECTION('',(-0.195090,-0.980785,0.000000));
#4248=DIRECTION('',(0.000000,0.000000,1.000000));
#4249=AXIS2_PLACEMENT_3D('',#4246,#4247,#4248);
#4250=PLANE('',#4249);
#4251=DIRECTION('',(0.010933,-0.002175,0.999938));
#4252=VECTOR('',#4251,70.004350);
#4253=LINE('',#2473,#4252);
#4254=EDGE_CURVE('',#2474,#2516,#4253,.T.);
#4255=ORIENTED_EDGE('',*,*,#4254,.T.);
#4256=DIRECTION('',(-0.980785,0.195090,0.000000));
#4257=VECTOR('',#4256,0.780361);
#4258=LINE('',#2515,#4257);
#4259=EDGE_CURVE('',#2516,#2514,#4258,.T.);
#4260=ORIENTED_EDGE('',*,*,#4259,.T.);
#4261=DIRECTION('',(0.000000,0.000000,-1.000000));
#4262=VECTOR('',#4261,70.000000);
#4263=LINE('',#2513,#4262);
#4264=EDGE_CURVE('',#2514,#2474,#4263,.T.);
#4265=ORIENTED_EDGE('',*,*,#4264,.T.);
#4266=EDGE_LOOP('',(#4255,#4260,#4265));
#4267=FACE_OUTER_BOUND('',#4266,.T.);
#4268=ADVANCED_FACE('',(#4267),#4250,.T.);
#4269=CARTESIAN_POINT('',(-30.500000,0.000000,-78.000000));
#4270=DIRECTION('',(0.000000,0.000000,-1.000000));
#4271=DIRECTION('',(1.000000,0.000000,0.000000));
#4272=AXIS2_PLACEMENT_3D('',#4269,#4270,#4271);
#4273=PLANE('',#4272);
#4274=DIRECTION('',(0.035692,-0.999363,0.000000));
#4275=VECTOR('',#4274,14.008926);
#4276=LINE('',#2517,#4275);
#4277=EDGE_CURVE('',#2518,#2438,#4276,.T.);
#4278=ORIENTED_EDGE('',*,*,#4277,.T.);
#4279=DIRECTION('',(-1.000000,0.000000,0.000000));
#4280=VECTOR('',#4279,1.000000);
#4281=LINE('',#2437,#4280);
#4282=EDGE_CURVE('',#2438,#2476,#4281,.T.);
#4283=ORIENTED_EDGE('',*,*,#4282,.T.);
#4284=DIRECTION('',(0.035692,0.999363,0.000000));
#4285=VECTOR('',#4284,14.008926);
#4286=LINE('',#2475,#4285);
#4287=EDGE_CURVE('',#2476,#2518,#4286,.T.);
#4288=ORIENTED_EDGE('',*,*,#4287,.T.);
#4289=EDGE_LOOP('',(#4278,#4283,#4288));
#4290=FACE_OUTER_BOUND('',#4289,.T.);
#4291=ADVANCED_FACE('',(#4290),#4273,.T.);
#4292=CARTESIAN_POINT('',(-30.500000,0.000000,-8.000000));
#4293=DIRECTION('',(0.000000,0.000000,1.000000));
#4294=DIRECTION('',(1.000000,0.000000,0.000000));
#4295=AXIS2_PLACEMENT_3D('',#4292,#4293,#4294);
#4296=PLANE('',#4295);
#4297=DIRECTION('',(-0.035692,-0.999363,0.000000));
#4298=VECTOR('',#4297,14.008926);
#4299=LINE('',#2519,#4298);
#4300=EDGE_CURVE('',#2520,#2516,#4299,.T.);
#4301=ORIENTED_EDGE('',*,*,#4300,.T.);
#4302=DIRECTION('',(1.000000,0.000000,0.000000));
#4303=VECTOR('',#4302,1.000000);
#4304=LINE('',#2515,#4303);
#4305=EDGE_CURVE('',#2516,#2478,#4304,.T.);
#4306=ORIENTED_EDGE('',*,*,#4305,.T.);
#4307=DIRECTION('',(-0.035692,0.999363,0.000000));
#4308=VECTOR('',#4307,14.008926);
#4309=LINE('',#2477,#4308);
#4310=EDGE_CURVE('',#2478,#2520,#4309,.T.);
#4311=ORIENTED_EDGE('',*,*,#4310,.T.);
#4312=EDGE_LOOP('',(#4301,#4306,#4311));
#4313=FACE_OUTER_BOUND('',#4312,.T.);
#4314=ADVANCED_FACE('',(#4313),#4296,.T.);
#4315=CARTESIAN_POINT('',(-31.000000,-14.000000,-78.000000));
#4316=DIRECTION('',(0.000000,-1.000000,0.000000));
#4317=DIRECTION('',(1.000000,0.000000,0.000000));
#4318=AXIS2_PLACEMENT_3D('',#4315,#4316,#4317);
#4319=PLANE('',#4318);
#4320=DIRECTION('',(1.000000,0.000000,0.000000));
#4321=VECTOR('',#4320,1.000000);
#4322=LINE('',#2475,#4321);
#4323=EDGE_CURVE('',#2476,#2438,#4322,.T.);
#4324=ORIENTED_EDGE('',*,*,#4323,.T.);
#4325=DIRECTION('',(0.000000,0.000000,1.000000));
#4326=VECTOR('',#4325,70.000000);
#4327=LINE('',#2437,#4326);
#4328=EDGE_CURVE('',#2438,#2478,#4327,.T.);
#4329=ORIENTED_EDGE('',*,*,#4328,.T.);
#4330=DIRECTION('',(-0.014284,0.000000,-0.999898));
#4331=VECTOR('',#4330,70.007142);
#4332=LINE('',#2477,#4331);
#4333=EDGE_CURVE('',#2478,#2476,#4332,.T.);
#4334=ORIENTED_EDGE('',*,*,#4333,.T.);
#4335=EDGE_LOOP('',(#4324,#4329,#4334));
#4336=FACE_OUTER_BOUND('',#4335,.T.);
#4337=ADVANCED_FACE('',(#4336),#4319,.T.);
#4338=CARTESIAN_POINT('',(-31.000000,-14.000000,-78.000000));
#4339=DIRECTION('',(0.000000,-1.000000,0.000000));
#4340=DIRECTION('',(1.000000,0.000000,0.000000));
#4341=AXIS2_PLACEMENT_3D('',#4338,#4339,#4340);
#4342=PLANE('',#4341);
#4343=DIRECTION('',(0.014284,0.000000,0.999898));
#4344=VECTOR('',#4343,70.007142);
#4345=LINE('',#2475,#4344);
#4346=EDGE_CURVE('',#2476,#2478,#4345,.T.);
#4347=ORIENTED_EDGE('',*,*,#4346,.T.);
#4348=DIRECTION('',(-1.000000,0.000000,0.000000));
#4349=VECTOR('',#4348,1.000000);
#4350=LINE('',#2477,#4349);
#4351=EDGE_CURVE('',#2478,#2516,#4350,.T.);
#4352=ORIENTED_EDGE('',*,*,#4351,.T.);
#4353=DIRECTION('',(0.000000,0.000000,-1.000000));
#4354=VECTOR('',#4353,70.000000);
#4355=LINE('',#2515,#4354);
#4356=EDGE_CURVE('',#2516,#2476,#4355,.T.);
#4357=ORIENTED_EDGE('',*,*,#4356,.T.);
#4358=EDGE_LOOP('',(#4347,#4352,#4357));
#4359=FACE_OUTER_BOUND('',#4358,.T.);
#4360=ADVANCED_FACE('',(#4359),#4342,.T.);
#4361=CLOSED_SHELL('',(#2543,#2566,#2589,#2612,#2635,#2658,#2681,#2704,#2727,#2750,#2773,#2796,#2819,#2842,#2865,#2888,#2911,#2934,#2957,#2980,#3003,#3026,#3049,#3072,#3095,#3118,#3141,#3164,#3187,#3210,#3233,#3256,#3279,#3302,#3325,#3348,#3371,#3394,#3417,#3440,#3463,#3486,#3509,#3532,#3555,#3578,#3601,#3624,#3647,#3670,#3693,#3716,#3739,#3762,#3785,#3808,#3831,#3854,#3877,#3900,#3923,#3946,#3969,#3992,#4015,#4038,#4061,#4084,#4107,#4130,#4153,#4176,#4199,#4222,#4245,#4268,#4291,#4314,#4337,#4360));
#4362=FACETED_BREP('grip_backstrap',#4361);
#4363=CARTESIAN_POINT('',(0.000000,-16.000000,-85.000000));
#4364=VERTEX_POINT('',#4363);
#4365=CARTESIAN_POINT('',(2.296101,-15.543277,-85.000000));
#4366=VERTEX_POINT('',#4365);
#4367=CARTESIAN_POINT('',(4.242641,-14.242641,-85.000000));
#4368=VERTEX_POINT('',#4367);
#4369=CARTESIAN_POINT('',(5.543277,-12.296101,-85.000000));
#4370=VERTEX_POINT('',#4369);
#4371=CARTESIAN_POINT('',(6.000000,-10.000000,-85.000000));
#4372=VERTEX_POINT('',#4371);
#4373=CARTESIAN_POINT('',(6.000000,10.000000,-85.000000));
#4374=VERTEX_POINT('',#4373);
#4375=CARTESIAN_POINT('',(5.543277,12.296101,-85.000000));
#4376=VERTEX_POINT('',#4375);
#4377=CARTESIAN_POINT('',(4.242641,14.242641,-85.000000));
#4378=VERTEX_POINT('',#4377);
#4379=CARTESIAN_POINT('',(2.296101,15.543277,-85.000000));
#4380=VERTEX_POINT('',#4379);
#4381=CARTESIAN_POINT('',(0.000000,16.000000,-85.000000));
#4382=VERTEX_POINT('',#4381);
#4383=CARTESIAN_POINT('',(-28.000000,16.000000,-85.000000));
#4384=VERTEX_POINT('',#4383);
#4385=CARTESIAN_POINT('',(-30.296101,15.543277,-85.000000));
#4386=VERTEX_POINT('',#4385);
#4387=CARTESIAN_POINT('',(-32.242641,14.242641,-85.000000));
#4388=VERTEX_POINT('',#4387);
#4389=CARTESIAN_POINT('',(-33.543277,12.296101,-85.000000));
#4390=VERTEX_POINT('',#4389);
#4391=CARTESIAN_POINT('',(-34.000000,10.000000,-85.000000));
#4392=VERTEX_POINT('',#4391);
#4393=CARTESIAN_POINT('',(-34.000000,-10.000000,-85.000000));
#4394=VERTEX_POINT('',#4393);
#4395=CARTESIAN_POINT('',(-33.543277,-12.296101,-85.000000));
#4396=VERTEX_POINT('',#4395);
#4397=CARTESIAN_POINT('',(-32.242641,-14.242641,-85.000000));
#4398=VERTEX_POINT('',#4397);
#4399=CARTESIAN_POINT('',(-30.296101,-15.543277,-85.000000));
#4400=VERTEX_POINT('',#4399);
#4401=CARTESIAN_POINT('',(-28.000000,-16.000000,-85.000000));
#4402=VERTEX_POINT('',#4401);
#4403=CARTESIAN_POINT('',(0.000000,-16.000000,1.000000));
#4404=VERTEX_POINT('',#4403);
#4405=CARTESIAN_POINT('',(2.296101,-15.543277,1.000000));
#4406=VERTEX_POINT('',#4405);
#4407=CARTESIAN_POINT('',(4.242641,-14.242641,1.000000));
#4408=VERTEX_POINT('',#4407);
#4409=CARTESIAN_POINT('',(5.543277,-12.296101,1.000000));
#4410=VERTEX_POINT('',#4409);
#4411=CARTESIAN_POINT('',(6.000000,-10.000000,1.000000));
#4412=VERTEX_POINT('',#4411);
#4413=CARTESIAN_POINT('',(6.000000,10.000000,1.000000));
#4414=VERTEX_POINT('',#4413);
#4415=CARTESIAN_POINT('',(5.543277,12.296101,1.000000));
#4416=VERTEX_POINT('',#4415);
#4417=CARTESIAN_POINT('',(4.242641,14.242641,1.000000));
#4418=VERTEX_POINT('',#4417);
#4419=CARTESIAN_POINT('',(2.296101,15.543277,1.000000));
#4420=VERTEX_POINT('',#4419);
#4421=CARTESIAN_POINT('',(0.000000,16.000000,1.000000));
#4422=VERTEX_POINT('',#4421);
#4423=CARTESIAN_POINT('',(-28.000000,16.000000,1.000000));
#4424=VERTEX_POINT('',#4423);
#4425=CARTESIAN_POINT('',(-30.296101,15.543277,1.000000));
#4426=VERTEX_POINT('',#4425);
#4427=CARTESIAN_POINT('',(-32.242641,14.242641,1.000000));
#4428=VERTEX_POINT('',#4427);
#4429=CARTESIAN_POINT('',(-33.543277,12.296101,1.000000));
#4430=VERTEX_POINT('',#4429);
#4431=CARTESIAN_POINT('',(-34.000000,10.000000,1.000000));
#4432=VERTEX_POINT('',#4431);
#4433=CARTESIAN_POINT('',(-34.000000,-10.000000,1.000000));
#4434=VERTEX_POINT('',#4433);
#4435=CARTESIAN_POINT('',(-33.543277,-12.296101,1.000000));
#4436=VERTEX_POINT('',#4435);
#4437=CARTESIAN_POINT('',(-32.242641,-14.242641,1.000000));
#4438=VERTEX_POINT('',#4437);
#4439=CARTESIAN_POINT('',(-30.296101,-15.543277,1.000000));
#4440=VERTEX_POINT('',#4439);
#4441=CARTESIAN_POINT('',(-28.000000,-16.000000,1.000000));
#4442=VERTEX_POINT('',#4441);
#4443=CARTESIAN_POINT('',(-14.000000,0.000000,-85.000000));
#4444=VERTEX_POINT('',#4443);
#4445=CARTESIAN_POINT('',(-14.000000,0.000000,1.000000));
#4446=VERTEX_POINT('',#4445);
#4447=CARTESIAN_POINT('',(-14.000000,0.000000,-85.000000));
#4448=DIRECTION('',(0.000000,0.000000,-1.000000));
#4449=DIRECTION('',(1.000000,0.000000,0.000000));
#4450=AXIS2_PLACEMENT_3D('',#4447,#4448,#4449);
#4451=PLANE('',#4450);
#4452=DIRECTION('',(0.723624,-0.690195,0.000000));
#4453=VECTOR('',#4452,22.520132);
#4454=LINE('',#4443,#4453);
#4455=EDGE_CURVE('',#4444,#4366,#4454,.T.);
#4456=ORIENTED_EDGE('',*,*,#4455,.T.);
#4457=DIRECTION('',(-0.980785,-0.195090,0.000000));
#4458=VECTOR('',#4457,2.341084);
#4459=LINE('',#4365,#4458);
#4460=EDGE_CURVE('',#4366,#4364,#4459,.T.);
#4461=ORIENTED_EDGE('',*,*,#4460,.T.);
#4462=DIRECTION('',(-0.658505,0.752577,0.000000));
#4463=VECTOR('',#4462,21.260292);
#4464=LINE('',#4363,#4463);
#4465=EDGE_CURVE('',#4364,#4444,#4464,.T.);
#4466=ORIENTED_EDGE('',*,*,#4465,.T.);
#4467=EDGE_LOOP('',(#4456,#4461,#4466));
#4468=FACE_OUTER_BOUND('',#4467,.T.);
#4469=ADVANCED_FACE('',(#4468),#4451,.T.);
#4470=CARTESIAN_POINT('',(-14.000000,0.000000,1.000000));
#4471=DIRECTION('',(0.000000,0.000000,1.000000));
#4472=DIRECTION('',(1.000000,0.000000,0.000000));
#4473=AXIS2_PLACEMENT_3D('',#4470,#4471,#4472);
#4474=PLANE('',#4473);
#4475=DIRECTION('',(0.658505,-0.752577,0.000000));
#4476=VECTOR('',#4475,21.260292);
#4477=LINE('',#4445,#4476);
#4478=EDGE_CURVE('',#4446,#4404,#4477,.T.);
#4479=ORIENTED_EDGE('',*,*,#4478,.T.);
#4480=DIRECTION('',(0.980785,0.195090,0.000000));
#4481=VECTOR('',#4480,2.341084);
#4482=LINE('',#4403,#4481);
#4483=EDGE_CURVE('',#4404,#4406,#4482,.T.);
#4484=ORIENTED_EDGE('',*,*,#4483,.T.);
#4485=DIRECTION('',(-0.723624,0.690195,0.000000));
#4486=VECTOR('',#4485,22.520132);
#4487=LINE('',#4405,#4486);
#4488=EDGE_CURVE('',#4406,#4446,#4487,.T.);
#4489=ORIENTED_EDGE('',*,*,#4488,.T.);
#4490=EDGE_LOOP('',(#4479,#4484,#4489));
#4491=FACE_OUTER_BOUND('',#4490,.T.);
#4492=ADVANCED_FACE('',(#4491),#4474,.T.);
#4493=CARTESIAN_POINT('',(0.000000,-16.000000,-85.000000));
#4494=DIRECTION('',(0.195090,-0.980785,0.000000));
#4495=DIRECTION('',(0.000000,0.000000,1.000000));
#4496=AXIS2_PLACEMENT_3D('',#4493,#4494,#4495);
#4497=PLANE('',#4496);
#4498=DIRECTION('',(0.980785,0.195090,0.000000));
#4499=VECTOR('',#4498,2.341084);
#4500=LINE('',#4363,#4499);
#4501=EDGE_CURVE('',#4364,#4366,#4500,.T.);
#4502=ORIENTED_EDGE('',*,*,#4501,.T.);
#4503=DIRECTION('',(0.000000,0.000000,1.000000));
#4504=VECTOR('',#4503,86.000000);
#4505=LINE('',#4365,#4504);
#4506=EDGE_CURVE('',#4366,#4406,#4505,.T.);
#4507=ORIENTED_EDGE('',*,*,#4506,.T.);
#4508=DIRECTION('',(-0.026689,-0.005309,-0.999630));
#4509=VECTOR('',#4508,86.031858);
#4510=LINE('',#4405,#4509);
#4511=EDGE_CURVE('',#4406,#4364,#4510,.T.);
#4512=ORIENTED_EDGE('',*,*,#4511,.T.);
#4513=EDGE_LOOP('',(#4502,#4507,#4512));
#4514=FACE_OUTER_BOUND('',#4513,.T.);
#4515=ADVANCED_FACE('',(#4514),#4497,.T.);
#4516=CARTESIAN_POINT('',(0.000000,-16.000000,-85.000000));
#4517=DIRECTION('',(0.195090,-0.980785,0.000000));
#4518=DIRECTION('',(0.000000,0.000000,1.000000));
#4519=AXIS2_PLACEMENT_3D('',#4516,#4517,#4518);
#4520=PLANE('',#4519);
#4521=DIRECTION('',(0.026689,0.005309,0.999630));
#4522=VECTOR('',#4521,86.031858);
#4523=LINE('',#4363,#4522);
#4524=EDGE_CURVE('',#4364,#4406,#4523,.T.);
#4525=ORIENTED_EDGE('',*,*,#4524,.T.);
#4526=DIRECTION('',(-0.980785,-0.195090,0.000000));
#4527=VECTOR('',#4526,2.341084);
#4528=LINE('',#4405,#4527);
#4529=EDGE_CURVE('',#4406,#4404,#4528,.T.);
#4530=ORIENTED_EDGE('',*,*,#4529,.T.);
#4531=DIRECTION('',(0.000000,0.000000,-1.000000));
#4532=VECTOR('',#4531,86.000000);
#4533=LINE('',#4403,#4532);
#4534=EDGE_CURVE('',#4404,#4364,#4533,.T.);
#4535=ORIENTED_EDGE('',*,*,#4534,.T.);
#4536=EDGE_LOOP('',(#4525,#4530,#4535));
#4537=FACE_OUTER_BOUND('',#4536,.T.);
#4538=ADVANCED_FACE('',(#4537),#4520,.T.);
#4539=CARTESIAN_POINT('',(-14.000000,0.000000,-85.000000));
#4540=DIRECTION('',(0.000000,0.000000,-1.000000));
#4541=DIRECTION('',(1.000000,0.000000,0.000000));
#4542=AXIS2_PLACEMENT_3D('',#4539,#4540,#4541);
#4543=PLANE('',#4542);
#4544=DIRECTION('',(0.788222,-0.615391,0.000000));
#4545=VECTOR('',#4544,23.144044);
#4546=LINE('',#4443,#4545);
#4547=EDGE_CURVE('',#4444,#4368,#4546,.T.);
#4548=ORIENTED_EDGE('',*,*,#4547,.T.);
#4549=DIRECTION('',(-0.831470,-0.555570,0.000000));
#4550=VECTOR('',#4549,2.341084);
#4551=LINE('',#4367,#4550);
#4552=EDGE_CURVE('',#4368,#4366,#4551,.T.);
#4553=ORIENTED_EDGE('',*,*,#4552,.T.);
#4554=DIRECTION('',(-0.723624,0.690195,0.000000));
#4555=VECTOR('',#4554,22.520132);
#4556=LINE('',#4365,#4555);
#4557=EDGE_CURVE('',#4366,#4444,#4556,.T.);
#4558=ORIENTED_EDGE('',*,*,#4557,.T.);
#4559=EDGE_LOOP('',(#4548,#4553,#4558));
#4560=FACE_OUTER_BOUND('',#4559,.T.);
#4561=ADVANCED_FACE('',(#4560),#4543,.T.);
#4562=CARTESIAN_POINT('',(-14.000000,0.000000,1.000000));
#4563=DIRECTION('',(0.000000,0.000000,1.000000));
#4564=DIRECTION('',(1.000000,0.000000,0.000000));
#4565=AXIS2_PLACEMENT_3D('',#4562,#4563,#4564);
#4566=PLANE('',#4565);
#4567=DIRECTION('',(0.723624,-0.690195,0.000000));
#4568=VECTOR('',#4567,22.520132);
#4569=LINE('',#4445,#4568);
#4570=EDGE_CURVE('',#4446,#4406,#4569,.T.);
#4571=ORIENTED_EDGE('',*,*,#4570,.T.);
#4572=DIRECTION('',(0.831470,0.555570,0.000000));
#4573=VECTOR('',#4572,2.341084);
#4574=LINE('',#4405,#4573);
#4575=EDGE_CURVE('',#4406,#4408,#4574,.T.);
#4576=ORIENTED_EDGE('',*,*,#4575,.T.);
#4577=DIRECTION('',(-0.788222,0.615391,0.000000));
#4578=VECTOR('',#4577,23.144044);
#4579=LINE('',#4407,#4578);
#4580=EDGE_CURVE('',#4408,#4446,#4579,.T.);
#4581=ORIENTED_EDGE('',*,*,#4580,.T.);
#4582=EDGE_LOOP('',(#4571,#4576,#4581));
#4583=FACE_OUTER_BOUND('',#4582,.T.);
#4584=ADVANCED_FACE('',(#4583),#4566,.T.);
#4585=CARTESIAN_POINT('',(2.296101,-15.543277,-85.000000));
#4586=DIRECTION('',(0.555570,-0.831470,0.000000));
#4587=DIRECTION('',(0.000000,0.000000,1.000000));
#4588=AXIS2_PLACEMENT_3D('',#4585,#4586,#4587);
#4589=PLANE('',#4588);
#4590=DIRECTION('',(0.831470,0.555570,0.000000));
#4591=VECTOR('',#4590,2.341084);
#4592=LINE('',#4365,#4591);
#4593=EDGE_CURVE('',#4366,#4368,#4592,.T.);
#4594=ORIENTED_EDGE('',*,*,#4593,.T.);
#4595=DIRECTION('',(0.000000,0.000000,1.000000));
#4596=VECTOR('',#4595,86.000000);
#4597=LINE('',#4367,#4596);
#4598=EDGE_CURVE('',#4368,#4408,#4597,.T.);
#4599=ORIENTED_EDGE('',*,*,#4598,.T.);
#4600=DIRECTION('',(-0.022626,-0.015118,-0.999630));
#4601=VECTOR('',#4600,86.031858);
#4602=LINE('',#4407,#4601);
#4603=EDGE_CURVE('',#4408,#4366,#4602,.T.);
#4604=ORIENTED_EDGE('',*,*,#4603,.T.);
#4605=EDGE_LOOP('',(#4594,#4599,#4604));
#4606=FACE_OUTER_BOUND('',#4605,.T.);
#4607=ADVANCED_FACE('',(#4606),#4589,.T.);
#4608=CARTESIAN_POINT('',(2.296101,-15.543277,-85.000000));
#4609=DIRECTION('',(0.555570,-0.831470,0.000000));
#4610=DIRECTION('',(0.000000,0.000000,1.000000));
#4611=AXIS2_PLACEMENT_3D('',#4608,#4609,#4610);
#4612=PLANE('',#4611);
#4613=DIRECTION('',(0.022626,0.015118,0.999630));
#4614=VECTOR('',#4613,86.031858);
#4615=LINE('',#4365,#4614);
#4616=EDGE_CURVE('',#4366,#4408,#4615,.T.);
#4617=ORIENTED_EDGE('',*,*,#4616,.T.);
#4618=DIRECTION('',(-0.831470,-0.555570,0.000000));
#4619=VECTOR('',#4618,2.341084);
#4620=LINE('',#4407,#4619);
#4621=EDGE_CURVE('',#4408,#4406,#4620,.T.);
#4622=ORIENTED_EDGE('',*,*,#4621,.T.);
#4623=DIRECTION('',(0.000000,0.000000,-1.000000));
#4624=VECTOR('',#4623,86.000000);
#4625=LINE('',#4405,#4624);
#4626=EDGE_CURVE('',#4406,#4366,#4625,.T.);
#4627=ORIENTED_EDGE('',*,*,#4626,.T.);
#4628=EDGE_LOOP('',(#4617,#4622,#4627));
#4629=FACE_OUTER_BOUND('',#4628,.T.);
#4630=ADVANCED_FACE('',(#4629),#4612,.T.);
#4631=CARTESIAN_POINT('',(-14.000000,0.000000,-85.000000));
#4632=DIRECTION('',(0.000000,0.000000,-1.000000));
#4633=DIRECTION('',(1.000000,0.000000,0.000000));
#4634=AXIS2_PLACEMENT_3D('',#4631,#4632,#4633);
#4635=PLANE('',#4634);
#4636=DIRECTION('',(0.846407,-0.532536,0.000000));
#4637=VECTOR('',#4636,23.089690);
#4638=LINE('',#4443,#4637);
#4639=EDGE_CURVE('',#4444,#4370,#4638,.T.);
#4640=ORIENTED_EDGE('',*,*,#4639,.T.);
#4641=DIRECTION('',(-0.555570,-0.831470,0.000000));
#4642=VECTOR('',#4641,2.341084);
#4643=LINE('',#4369,#4642);
#4644=EDGE_CURVE('',#4370,#4368,#4643,.T.);
#4645=ORIENTED_EDGE('',*,*,#4644,.T.);
#4646=DIRECTION('',(-0.788222,0.615391,0.000000));
#4647=VECTOR('',#4646,23.144044);
#4648=LINE('',#4367,#4647);
#4649=EDGE_CURVE('',#4368,#4444,#4648,.T.);
#4650=ORIENTED_EDGE('',*,*,#4649,.T.);
#4651=EDGE_LOOP('',(#4640,#4645,#4650));
#4652=FACE_OUTER_BOUND('',#4651,.T.);
#4653=ADVANCED_FACE('',(#4652),#4635,.T.);
#4654=CARTESIAN_POINT('',(-14.000000,0.000000,1.000000));
#4655=DIRECTION('',(0.000000,0.000000,1.000000));
#4656=DIRECTION('',(1.000000,0.000000,0.000000));
#4657=AXIS2_PLACEMENT_3D('',#4654,#4655,#4656);
#4658=PLANE('',#4657);
#4659=DIRECTION('',(0.788222,-0.615391,0.000000));
#4660=VECTOR('',#4659,23.144044);
#4661=LINE('',#4445,#4660);
#4662=EDGE_CURVE('',#4446,#4408,#4661,.T.);
#4663=ORIENTED_EDGE('',*,*,#4662,.T.);
#4664=DIRECTION('',(0.555570,0.831470,0.000000));
#4665=VECTOR('',#4664,2.341084);
#4666=LINE('',#4407,#4665);
#4667=EDGE_CURVE('',#4408,#4410,#4666,.T.);
#4668=ORIENTED_EDGE('',*,*,#4667,.T.);
#4669=DIRECTION('',(-0.846407,0.532536,0.000000));
#4670=VECTOR('',#4669,23.089690);
#4671=LINE('',#4409,#4670);
#4672=EDGE_CURVE('',#4410,#4446,#4671,.T.);
#4673=ORIENTED_EDGE('',*,*,#4672,.T.);
#4674=EDGE_LOOP('',(#4663,#4668,#4673));
#4675=FACE_OUTER_BOUND('',#4674,.T.);
#4676=ADVANCED_FACE('',(#4675),#4658,.T.);
#4677=CARTESIAN_POINT('',(4.242641,-14.242641,-85.000000));
#4678=DIRECTION('',(0.831470,-0.555570,0.000000));
#4679=DIRECTION('',(0.000000,0.000000,1.000000));
#4680=AXIS2_PLACEMENT_3D('',#4677,#4678,#4679);
#4681=PLANE('',#4680);
#4682=DIRECTION('',(0.555570,0.831470,0.000000));
#4683=VECTOR('',#4682,2.341084);
#4684=LINE('',#4367,#4683);
#4685=EDGE_CURVE('',#4368,#4370,#4684,.T.);
#4686=ORIENTED_EDGE('',*,*,#4685,.T.);
#4687=DIRECTION('',(0.000000,0.000000,1.000000));
#4688=VECTOR('',#4687,86.000000);
#4689=LINE('',#4369,#4688);
#4690=EDGE_CURVE('',#4370,#4410,#4689,.T.);
#4691=ORIENTED_EDGE('',*,*,#4690,.T.);
#4692=DIRECTION('',(-0.015118,-0.022626,-0.999630));
#4693=VECTOR('',#4692,86.031858);
#4694=LINE('',#4409,#4693);
#4695=EDGE_CURVE('',#4410,#4368,#4694,.T.);
#4696=ORIENTED_EDGE('',*,*,#4695,.T.);
#4697=EDGE_LOOP('',(#4686,#4691,#4696));
#4698=FACE_OUTER_BOUND('',#4697,.T.);
#4699=ADVANCED_FACE('',(#4698),#4681,.T.);
#4700=CARTESIAN_POINT('',(4.242641,-14.242641,-85.000000));
#4701=DIRECTION('',(0.831470,-0.555570,0.000000));
#4702=DIRECTION('',(0.000000,0.000000,1.000000));
#4703=AXIS2_PLACEMENT_3D('',#4700,#4701,#4702);
#4704=PLANE('',#4703);
#4705=DIRECTION('',(0.015118,0.022626,0.999630));
#4706=VECTOR('',#4705,86.031858);
#4707=LINE('',#4367,#4706);
#4708=EDGE_CURVE('',#4368,#4410,#4707,.T.);
#4709=ORIENTED_EDGE('',*,*,#4708,.T.);
#4710=DIRECTION('',(-0.555570,-0.831470,0.000000));
#4711=VECTOR('',#4710,2.341084);
#4712=LINE('',#4409,#4711);
#4713=EDGE_CURVE('',#4410,#4408,#4712,.T.);
#4714=ORIENTED_EDGE('',*,*,#4713,.T.);
#4715=DIRECTION('',(0.000000,0.000000,-1.000000));
#4716=VECTOR('',#4715,86.000000);
#4717=LINE('',#4407,#4716);
#4718=EDGE_CURVE('',#4408,#4368,#4717,.T.);
#4719=ORIENTED_EDGE('',*,*,#4718,.T.);
#4720=EDGE_LOOP('',(#4709,#4714,#4719));
#4721=FACE_OUTER_BOUND('',#4720,.T.);
#4722=ADVANCED_FACE('',(#4721),#4704,.T.);
#4723=CARTESIAN_POINT('',(-14.000000,0.000000,-85.000000));
#4724=DIRECTION('',(0.000000,0.000000,-1.000000));
#4725=DIRECTION('',(1.000000,0.000000,0.000000));
#4726=AXIS2_PLACEMENT_3D('',#4723,#4724,#4725);
#4727=PLANE('',#4726);
#4728=DIRECTION('',(0.894427,-0.447214,0.000000));
#4729=VECTOR('',#4728,22.360680);
#4730=LINE('',#4443,#4729);
#4731=EDGE_CURVE('',#4444,#4372,#4730,.T.);
#4732=ORIENTED_EDGE('',*,*,#4731,.T.);
#4733=DIRECTION('',(-0.195090,-0.980785,0.000000));
#4734=VECTOR('',#4733,2.341084);
#4735=LINE('',#4371,#4734);
#4736=EDGE_CURVE('',#4372,#4370,#4735,.T.);
#4737=ORIENTED_EDGE('',*,*,#4736,.T.);
#4738=DIRECTION('',(-0.846407,0.532536,0.000000));
#4739=VECTOR('',#4738,23.089690);
#4740=LINE('',#4369,#4739);
#4741=EDGE_CURVE('',#4370,#4444,#4740,.T.);
#4742=ORIENTED_EDGE('',*,*,#4741,.T.);
#4743=EDGE_LOOP('',(#4732,#4737,#4742));
#4744=FACE_OUTER_BOUND('',#4743,.T.);
#4745=ADVANCED_FACE('',(#4744),#4727,.T.);
#4746=CARTESIAN_POINT('',(-14.000000,0.000000,1.000000));
#4747=DIRECTION('',(0.000000,0.000000,1.000000));
#4748=DIRECTION('',(1.000000,0.000000,0.000000));
#4749=AXIS2_PLACEMENT_3D('',#4746,#4747,#4748);
#4750=PLANE('',#4749);
#4751=DIRECTION('',(0.846407,-0.532536,0.000000));
#4752=VECTOR('',#4751,23.089690);
#4753=LINE('',#4445,#4752);
#4754=EDGE_CURVE('',#4446,#4410,#4753,.T.);
#4755=ORIENTED_EDGE('',*,*,#4754,.T.);
#4756=DIRECTION('',(0.195090,0.980785,0.000000));
#4757=VECTOR('',#4756,2.341084);
#4758=LINE('',#4409,#4757);
#4759=EDGE_CURVE('',#4410,#4412,#4758,.T.);
#4760=ORIENTED_EDGE('',*,*,#4759,.T.);
#4761=DIRECTION('',(-0.894427,0.447214,0.000000));
#4762=VECTOR('',#4761,22.360680);
#4763=LINE('',#4411,#4762);
#4764=EDGE_CURVE('',#4412,#4446,#4763,.T.);
#4765=ORIENTED_EDGE('',*,*,#4764,.T.);
#4766=EDGE_LOOP('',(#4755,#4760,#4765));
#4767=FACE_OUTER_BOUND('',#4766,.T.);
#4768=ADVANCED_FACE('',(#4767),#4750,.T.);
#4769=CARTESIAN_POINT('',(5.543277,-12.296101,-85.000000));
#4770=DIRECTION('',(0.980785,-0.195090,0.000000));
#4771=DIRECTION('',(0.000000,0.000000,1.000000));
#4772=AXIS2_PLACEMENT_3D('',#4769,#4770,#4771);
#4773=PLANE('',#4772);
#4774=DIRECTION('',(0.195090,0.980785,0.000000));
#4775=VECTOR('',#4774,2.341084);
#4776=LINE('',#4369,#4775);
#4777=EDGE_CURVE('',#4370,#4372,#4776,.T.);
#4778=ORIENTED_EDGE('',*,*,#4777,.T.);
#4779=DIRECTION('',(0.000000,0.000000,1.000000));
#4780=VECTOR('',#4779,86.000000);
#4781=LINE('',#4371,#4780);
#4782=EDGE_CURVE('',#4372,#4412,#4781,.T.);
#4783=ORIENTED_EDGE('',*,*,#4782,.T.);
#4784=DIRECTION('',(-0.005309,-0.026689,-0.999630));
#4785=VECTOR('',#4784,86.031858);
#4786=LINE('',#4411,#4785);
#4787=EDGE_CURVE('',#4412,#4370,#4786,.T.);
#4788=ORIENTED_EDGE('',*,*,#4787,.T.);
#4789=EDGE_LOOP('',(#4778,#4783,#4788));
#4790=FACE_OUTER_BOUND('',#4789,.T.);
#4791=ADVANCED_FACE('',(#4790),#4773,.T.);
#4792=CARTESIAN_POINT('',(5.543277,-12.296101,-85.000000));
#4793=DIRECTION('',(0.980785,-0.195090,0.000000));
#4794=DIRECTION('',(0.000000,0.000000,1.000000));
#4795=AXIS2_PLACEMENT_3D('',#4792,#4793,#4794);
#4796=PLANE('',#4795);
#4797=DIRECTION('',(0.005309,0.026689,0.999630));
#4798=VECTOR('',#4797,86.031858);
#4799=LINE('',#4369,#4798);
#4800=EDGE_CURVE('',#4370,#4412,#4799,.T.);
#4801=ORIENTED_EDGE('',*,*,#4800,.T.);
#4802=DIRECTION('',(-0.195090,-0.980785,0.000000));
#4803=VECTOR('',#4802,2.341084);
#4804=LINE('',#4411,#4803);
#4805=EDGE_CURVE('',#4412,#4410,#4804,.T.);
#4806=ORIENTED_EDGE('',*,*,#4805,.T.);
#4807=DIRECTION('',(0.000000,0.000000,-1.000000));
#4808=VECTOR('',#4807,86.000000);
#4809=LINE('',#4409,#4808);
#4810=EDGE_CURVE('',#4410,#4370,#4809,.T.);
#4811=ORIENTED_EDGE('',*,*,#4810,.T.);
#4812=EDGE_LOOP('',(#4801,#4806,#4811));
#4813=FACE_OUTER_BOUND('',#4812,.T.);
#4814=ADVANCED_FACE('',(#4813),#4796,.T.);
#4815=CARTESIAN_POINT('',(-14.000000,0.000000,-85.000000));
#4816=DIRECTION('',(0.000000,0.000000,-1.000000));
#4817=DIRECTION('',(1.000000,0.000000,0.000000));
#4818=AXIS2_PLACEMENT_3D('',#4815,#4816,#4817);
#4819=PLANE('',#4818);
#4820=DIRECTION('',(0.894427,0.447214,0.000000));
#4821=VECTOR('',#4820,22.360680);
#4822=LINE('',#4443,#4821);
#4823=EDGE_CURVE('',#4444,#4374,#4822,.T.);
#4824=ORIENTED_EDGE('',*,*,#4823,.T.);
#4825=DIRECTION('',(0.000000,-1.000000,0.000000));
#4826=VECTOR('',#4825,20.000000);
#4827=LINE('',#4373,#4826);
#4828=EDGE_CURVE('',#4374,#4372,#4827,.T.);
#4829=ORIENTED_EDGE('',*,*,#4828,.T.);
#4830=DIRECTION('',(-0.894427,0.447214,0.000000));
#4831=VECTOR('',#4830,22.360680);
#4832=LINE('',#4371,#4831);
#4833=EDGE_CURVE('',#4372,#4444,#4832,.T.);
#4834=ORIENTED_EDGE('',*,*,#4833,.T.);
#4835=EDGE_LOOP('',(#4824,#4829,#4834));
#4836=FACE_OUTER_BOUND('',#4835,.T.);
#4837=ADVANCED_FACE('',(#4836),#4819,.T.);
#4838=CARTESIAN_POINT('',(-14.000000,0.000000,1.000000));
#4839=DIRECTION('',(0.000000,0.000000,1.000000));
#4840=DIRECTION('',(1.000000,0.000000,0.000000));
#4841=AXIS2_PLACEMENT_3D('',#4838,#4839,#4840);
#4842=PLANE('',#4841);
#4843=DIRECTION('',(0.894427,-0.447214,0.000000));
#4844=VECTOR('',#4843,22.360680);
#4845=LINE('',#4445,#4844);
#4846=EDGE_CURVE('',#4446,#4412,#4845,.T.);
#4847=ORIENTED_EDGE('',*,*,#4846,.T.);
#4848=DIRECTION('',(0.000000,1.000000,0.000000));
#4849=VECTOR('',#4848,20.000000);
#4850=LINE('',#4411,#4849);
#4851=EDGE_CURVE('',#4412,#4414,#4850,.T.);
#4852=ORIENTED_EDGE('',*,*,#4851,.T.);
#4853=DIRECTION('',(-0.894427,-0.447214,0.000000));
#4854=VECTOR('',#4853,22.360680);
#4855=LINE('',#4413,#4854);
#4856=EDGE_CURVE('',#4414,#4446,#4855,.T.);
#4857=ORIENTED_EDGE('',*,*,#4856,.T.);
#4858=EDGE_LOOP('',(#4847,#4852,#4857));
#4859=FACE_OUTER_BOUND('',#4858,.T.);
#4860=ADVANCED_FACE('',(#4859),#4842,.T.);
#4861=CARTESIAN_POINT('',(6.000000,-10.000000,-85.000000));
#4862=DIRECTION('',(1.000000,0.000000,0.000000));
#4863=DIRECTION('',(0.000000,1.000000,0.000000));
#4864=AXIS2_PLACEMENT_3D('',#4861,#4862,#4863);
#4865=PLANE('',#4864);
#4866=DIRECTION('',(0.000000,1.000000,0.000000));
#4867=VECTOR('',#4866,20.000000);
#4868=LINE('',#4371,#4867);
#4869=EDGE_CURVE('',#4372,#4374,#4868,.T.);
#4870=ORIENTED_EDGE('',*,*,#4869,.T.);
#4871=DIRECTION('',(0.000000,0.000000,1.000000));
#4872=VECTOR('',#4871,86.000000);
#4873=LINE('',#4373,#4872);
#4874=EDGE_CURVE('',#4374,#4414,#4873,.T.);
#4875=ORIENTED_EDGE('',*,*,#4874,.T.);
#4876=DIRECTION('',(0.000000,-0.226513,-0.974008));
#4877=VECTOR('',#4876,88.294960);
#4878=LINE('',#4413,#4877);
#4879=EDGE_CURVE('',#4414,#4372,#4878,.T.);
#4880=ORIENTED_EDGE('',*,*,#4879,.T.);
#4881=EDGE_LOOP('',(#4870,#4875,#4880));
#4882=FACE_OUTER_BOUND('',#4881,.T.);
#4883=ADVANCED_FACE('',(#4882),#4865,.T.);
#4884=CARTESIAN_POINT('',(6.000000,-10.000000,-85.000000));
#4885=DIRECTION('',(1.000000,0.000000,0.000000));
#4886=DIRECTION('',(0.000000,1.000000,0.000000));
#4887=AXIS2_PLACEMENT_3D('',#4884,#4885,#4886);
#4888=PLANE('',#4887);
#4889=DIRECTION('',(0.000000,0.226513,0.974008));
#4890=VECTOR('',#4889,88.294960);
#4891=LINE('',#4371,#4890);
#4892=EDGE_CURVE('',#4372,#4414,#4891,.T.);
#4893=ORIENTED_EDGE('',*,*,#4892,.T.);
#4894=DIRECTION('',(0.000000,-1.000000,0.000000));
#4895=VECTOR('',#4894,20.000000);
#4896=LINE('',#4413,#4895);
#4897=EDGE_CURVE('',#4414,#4412,#4896,.T.);
#4898=ORIENTED_EDGE('',*,*,#4897,.T.);
#4899=DIRECTION('',(0.000000,0.000000,-1.000000));
#4900=VECTOR('',#4899,86.000000);
#4901=LINE('',#4411,#4900);
#4902=EDGE_CURVE('',#4412,#4372,#4901,.T.);
#4903=ORIENTED_EDGE('',*,*,#4902,.T.);
#4904=EDGE_LOOP('',(#4893,#4898,#4903));
#4905=FACE_OUTER_BOUND('',#4904,.T.);
#4906=ADVANCED_FACE('',(#4905),#4888,.T.);
#4907=CARTESIAN_POINT('',(-14.000000,0.000000,-85.000000));
#4908=DIRECTION('',(0.000000,0.000000,-1.000000));
#4909=DIRECTION('',(1.000000,0.000000,0.000000));
#4910=AXIS2_PLACEMENT_3D('',#4907,#4908,#4909);
#4911=PLANE('',#4910);
#4912=DIRECTION('',(0.846407,0.532536,0.000000));
#4913=VECTOR('',#4912,23.089690);
#4914=LINE('',#4443,#4913);
#4915=EDGE_CURVE('',#4444,#4376,#4914,.T.);
#4916=ORIENTED_EDGE('',*,*,#4915,.T.);
#4917=DIRECTION('',(0.195090,-0.980785,0.000000));
#4918=VECTOR('',#4917,2.341084);
#4919=LINE('',#4375,#4918);
#4920=EDGE_CURVE('',#4376,#4374,#4919,.T.);
#4921=ORIENTED_EDGE('',*,*,#4920,.T.);
#4922=DIRECTION('',(-0.894427,-0.447214,0.000000));
#4923=VECTOR('',#4922,22.360680);
#4924=LINE('',#4373,#4923);
#4925=EDGE_CURVE('',#4374,#4444,#4924,.T.);
#4926=ORIENTED_EDGE('',*,*,#4925,.T.);
#4927=EDGE_LOOP('',(#4916,#4921,#4926));
#4928=FACE_OUTER_BOUND('',#4927,.T.);
#4929=ADVANCED_FACE('',(#4928),#4911,.T.);
#4930=CARTESIAN_POINT('',(-14.000000,0.000000,1.000000));
#4931=DIRECTION('',(0.000000,0.000000,1.000000));
#4932=DIRECTION('',(1.000000,0.000000,0.000000));
#4933=AXIS2_PLACEMENT_3D('',#4930,#4931,#4932);
#4934=PLANE('',#4933);
#4935=DIRECTION('',(0.894427,0.447214,0.000000));
#4936=VECTOR('',#4935,22.360680);
#4937=LINE('',#4445,#4936);
#4938=EDGE_CURVE('',#4446,#4414,#4937,.T.);
#4939=ORIENTED_EDGE('',*,*,#4938,.T.);
#4940=DIRECTION('',(-0.195090,0.980785,0.000000));
#4941=VECTOR('',#4940,2.341084);
#4942=LINE('',#4413,#4941);
#4943=EDGE_CURVE('',#4414,#4416,#4942,.T.);
#4944=ORIENTED_EDGE('',*,*,#4943,.T.);
#4945=DIRECTION('',(-0.846407,-0.532536,0.000000));
#4946=VECTOR('',#4945,23.089690);
#4947=LINE('',#4415,#4946);
#4948=EDGE_CURVE('',#4416,#4446,#4947,.T.);
#4949=ORIENTED_EDGE('',*,*,#4948,.T.);
#4950=EDGE_LOOP('',(#4939,#4944,#4949));
#4951=FACE_OUTER_BOUND('',#4950,.T.);
#4952=ADVANCED_FACE('',(#4951),#4934,.T.);
#4953=CARTESIAN_POINT('',(6.000000,10.000000,-85.000000));
#4954=DIRECTION('',(0.980785,0.195090,0.000000));
#4955=DIRECTION('',(0.000000,0.000000,1.000000));
#4956=AXIS2_PLACEMENT_3D('',#4953,#4954,#4955);
#4957=PLANE('',#4956);
#4958=DIRECTION('',(-0.195090,0.980785,0.000000));
#4959=VECTOR('',#4958,2.341084);
#4960=LINE('',#4373,#4959);
#4961=EDGE_CURVE('',#4374,#4376,#4960,.T.);
#4962=ORIENTED_EDGE('',*,*,#4961,.T.);
#4963=DIRECTION('',(0.000000,0.000000,1.000000));
#4964=VECTOR('',#4963,86.000000);
#4965=LINE('',#4375,#4964);
#4966=EDGE_CURVE('',#4376,#4416,#4965,.T.);
#4967=ORIENTED_EDGE('',*,*,#4966,.T.);
#4968=DIRECTION('',(0.005309,-0.026689,-0.999630));
#4969=VECTOR('',#4968,86.031858);
#4970=LINE('',#4415,#4969);
#4971=EDGE_CURVE('',#4416,#4374,#4970,.T.);
#4972=ORIENTED_EDGE('',*,*,#4971,.T.);
#4973=EDGE_LOOP('',(#4962,#4967,#4972));
#4974=FACE_OUTER_BOUND('',#4973,.T.);
#4975=ADVANCED_FACE('',(#4974),#4957,.T.);
#4976=CARTESIAN_POINT('',(6.000000,10.000000,-85.000000));
#4977=DIRECTION('',(0.980785,0.195090,0.000000));
#4978=DIRECTION('',(0.000000,0.000000,1.000000));
#4979=AXIS2_PLACEMENT_3D('',#4976,#4977,#4978);
#4980=PLANE('',#4979);
#4981=DIRECTION('',(-0.005309,0.026689,0.999630));
#4982=VECTOR('',#4981,86.031858);
#4983=LINE('',#4373,#4982);
#4984=EDGE_CURVE('',#4374,#4416,#4983,.T.);
#4985=ORIENTED_EDGE('',*,*,#4984,.T.);
#4986=DIRECTION('',(0.195090,-0.980785,0.000000));
#4987=VECTOR('',#4986,2.341084);
#4988=LINE('',#4415,#4987);
#4989=EDGE_CURVE('',#4416,#4414,#4988,.T.);
#4990=ORIENTED_EDGE('',*,*,#4989,.T.);
#4991=DIRECTION('',(0.000000,0.000000,-1.000000));
#4992=VECTOR('',#4991,86.000000);
#4993=LINE('',#4413,#4992);
#4994=EDGE_CURVE('',#4414,#4374,#4993,.T.);
#4995=ORIENTED_EDGE('',*,*,#4994,.T.);
#4996=EDGE_LOOP('',(#4985,#4990,#4995));
#4997=FACE_OUTER_BOUND('',#4996,.T.);
#4998=ADVANCED_FACE('',(#4997),#4980,.T.);
#4999=CARTESIAN_POINT('',(-14.000000,0.000000,-85.000000));
#5000=DIRECTION('',(0.000000,0.000000,-1.000000));
#5001=DIRECTION('',(1.000000,0.000000,0.000000));
#5002=AXIS2_PLACEMENT_3D('',#4999,#5000,#5001);
#5003=PLANE('',#5002);
#5004=DIRECTION('',(0.788222,0.615391,0.000000));
#5005=VECTOR('',#5004,23.144044);
#5006=LINE('',#4443,#5005);
#5007=EDGE_CURVE('',#4444,#4378,#5006,.T.);
#5008=ORIENTED_EDGE('',*,*,#5007,.T.);
#5009=DIRECTION('',(0.555570,-0.831470,0.000000));
#5010=VECTOR('',#5009,2.341084);
#5011=LINE('',#4377,#5010);
#5012=EDGE_CURVE('',#4378,#4376,#5011,.T.);
#5013=ORIENTED_EDGE('',*,*,#5012,.T.);
#5014=DIRECTION('',(-0.846407,-0.532536,0.000000));
#5015=VECTOR('',#5014,23.089690);
#5016=LINE('',#4375,#5015);
#5017=EDGE_CURVE('',#4376,#4444,#5016,.T.);
#5018=ORIENTED_EDGE('',*,*,#5017,.T.);
#5019=EDGE_LOOP('',(#5008,#5013,#5018));
#5020=FACE_OUTER_BOUND('',#5019,.T.);
#5021=ADVANCED_FACE('',(#5020),#5003,.T.);
#5022=CARTESIAN_POINT('',(-14.000000,0.000000,1.000000));
#5023=DIRECTION('',(0.000000,0.000000,1.000000));
#5024=DIRECTION('',(1.000000,0.000000,0.000000));
#5025=AXIS2_PLACEMENT_3D('',#5022,#5023,#5024);
#5026=PLANE('',#5025);
#5027=DIRECTION('',(0.846407,0.532536,0.000000));
#5028=VECTOR('',#5027,23.089690);
#5029=LINE('',#4445,#5028);
#5030=EDGE_CURVE('',#4446,#4416,#5029,.T.);
#5031=ORIENTED_EDGE('',*,*,#5030,.T.);
#5032=DIRECTION('',(-0.555570,0.831470,0.000000));
#5033=VECTOR('',#5032,2.341084);
#5034=LINE('',#4415,#5033);
#5035=EDGE_CURVE('',#4416,#4418,#5034,.T.);
#5036=ORIENTED_EDGE('',*,*,#5035,.T.);
#5037=DIRECTION('',(-0.788222,-0.615391,0.000000));
#5038=VECTOR('',#5037,23.144044);
#5039=LINE('',#4417,#5038);
#5040=EDGE_CURVE('',#4418,#4446,#5039,.T.);
#5041=ORIENTED_EDGE('',*,*,#5040,.T.);
#5042=EDGE_LOOP('',(#5031,#5036,#5041));
#5043=FACE_OUTER_BOUND('',#5042,.T.);
#5044=ADVANCED_FACE('',(#5043),#5026,.T.);
#5045=CARTESIAN_POINT('',(5.543277,12.296101,-85.000000));
#5046=DIRECTION('',(0.831470,0.555570,0.000000));
#5047=DIRECTION('',(0.000000,0.000000,1.000000));
#5048=AXIS2_PLACEMENT_3D('',#5045,#5046,#5047);
#5049=PLANE('',#5048);
#5050=DIRECTION('',(-0.555570,0.831470,0.000000));
#5051=VECTOR('',#5050,2.341084);
#5052=LINE('',#4375,#5051);
#5053=EDGE_CURVE('',#4376,#4378,#5052,.T.);
#5054=ORIENTED_EDGE('',*,*,#5053,.T.);
#5055=DIRECTION('',(0.000000,0.000000,1.000000));
#5056=VECTOR('',#5055,86.000000);
#5057=LINE('',#4377,#5056);
#5058=EDGE_CURVE('',#4378,#4418,#5057,.T.);
#5059=ORIENTED_EDGE('',*,*,#5058,.T.);
#5060=DIRECTION('',(0.015118,-0.022626,-0.999630));
#5061=VECTOR('',#5060,86.031858);
#5062=LINE('',#4417,#5061);
#5063=EDGE_CURVE('',#4418,#4376,#5062,.T.);
#5064=ORIENTED_EDGE('',*,*,#5063,.T.);
#5065=EDGE_LOOP('',(#5054,#5059,#5064));
#5066=FACE_OUTER_BOUND('',#5065,.T.);
#5067=ADVANCED_FACE('',(#5066),#5049,.T.);
#5068=CARTESIAN_POINT('',(5.543277,12.296101,-85.000000));
#5069=DIRECTION('',(0.831470,0.555570,0.000000));
#5070=DIRECTION('',(0.000000,0.000000,1.000000));
#5071=AXIS2_PLACEMENT_3D('',#5068,#5069,#5070);
#5072=PLANE('',#5071);
#5073=DIRECTION('',(-0.015118,0.022626,0.999630));
#5074=VECTOR('',#5073,86.031858);
#5075=LINE('',#4375,#5074);
#5076=EDGE_CURVE('',#4376,#4418,#5075,.T.);
#5077=ORIENTED_EDGE('',*,*,#5076,.T.);
#5078=DIRECTION('',(0.555570,-0.831470,0.000000));
#5079=VECTOR('',#5078,2.341084);
#5080=LINE('',#4417,#5079);
#5081=EDGE_CURVE('',#4418,#4416,#5080,.T.);
#5082=ORIENTED_EDGE('',*,*,#5081,.T.);
#5083=DIRECTION('',(0.000000,0.000000,-1.000000));
#5084=VECTOR('',#5083,86.000000);
#5085=LINE('',#4415,#5084);
#5086=EDGE_CURVE('',#4416,#4376,#5085,.T.);
#5087=ORIENTED_EDGE('',*,*,#5086,.T.);
#5088=EDGE_LOOP('',(#5077,#5082,#5087));
#5089=FACE_OUTER_BOUND('',#5088,.T.);
#5090=ADVANCED_FACE('',(#5089),#5072,.T.);
#5091=CARTESIAN_POINT('',(-14.000000,0.000000,-85.000000));
#5092=DIRECTION('',(0.000000,0.000000,-1.000000));
#5093=DIRECTION('',(1.000000,0.000000,0.000000));
#5094=AXIS2_PLACEMENT_3D('',#5091,#5092,#5093);
#5095=PLANE('',#5094);
#5096=DIRECTION('',(0.723624,0.690195,0.000000));
#5097=VECTOR('',#5096,22.520132);
#5098=LINE('',#4443,#5097);
#5099=EDGE_CURVE('',#4444,#4380,#5098,.T.);
#5100=ORIENTED_EDGE('',*,*,#5099,.T.);
#5101=DIRECTION('',(0.831470,-0.555570,0.000000));
#5102=VECTOR('',#5101,2.341084);
#5103=LINE('',#4379,#5102);
#5104=EDGE_CURVE('',#4380,#4378,#5103,.T.);
#5105=ORIENTED_EDGE('',*,*,#5104,.T.);
#5106=DIRECTION('',(-0.788222,-0.615391,0.000000));
#5107=VECTOR('',#5106,23.144044);
#5108=LINE('',#4377,#5107);
#5109=EDGE_CURVE('',#4378,#4444,#5108,.T.);
#5110=ORIENTED_EDGE('',*,*,#5109,.T.);
#5111=EDGE_LOOP('',(#5100,#5105,#5110));
#5112=FACE_OUTER_BOUND('',#5111,.T.);
#5113=ADVANCED_FACE('',(#5112),#5095,.T.);
#5114=CARTESIAN_POINT('',(-14.000000,0.000000,1.000000));
#5115=DIRECTION('',(0.000000,0.000000,1.000000));
#5116=DIRECTION('',(1.000000,0.000000,0.000000));
#5117=AXIS2_PLACEMENT_3D('',#5114,#5115,#5116);
#5118=PLANE('',#5117);
#5119=DIRECTION('',(0.788222,0.615391,0.000000));
#5120=VECTOR('',#5119,23.144044);
#5121=LINE('',#4445,#5120);
#5122=EDGE_CURVE('',#4446,#4418,#5121,.T.);
#5123=ORIENTED_EDGE('',*,*,#5122,.T.);
#5124=DIRECTION('',(-0.831470,0.555570,0.000000));
#5125=VECTOR('',#5124,2.341084);
#5126=LINE('',#4417,#5125);
#5127=EDGE_CURVE('',#4418,#4420,#5126,.T.);
#5128=ORIENTED_EDGE('',*,*,#5127,.T.);
#5129=DIRECTION('',(-0.723624,-0.690195,0.000000));
#5130=VECTOR('',#5129,22.520132);
#5131=LINE('',#4419,#5130);
#5132=EDGE_CURVE('',#4420,#4446,#5131,.T.);
#5133=ORIENTED_EDGE('',*,*,#5132,.T.);
#5134=EDGE_LOOP('',(#5123,#5128,#5133));
#5135=FACE_OUTER_BOUND('',#5134,.T.);
#5136=ADVANCED_FACE('',(#5135),#5118,.T.);
#5137=CARTESIAN_POINT('',(4.242641,14.242641,-85.000000));
#5138=DIRECTION('',(0.555570,0.831470,0.000000));
#5139=DIRECTION('',(0.000000,0.000000,1.000000));
#5140=AXIS2_PLACEMENT_3D('',#5137,#5138,#5139);
#5141=PLANE('',#5140);
#5142=DIRECTION('',(-0.831470,0.555570,0.000000));
#5143=VECTOR('',#5142,2.341084);
#5144=LINE('',#4377,#5143);
#5145=EDGE_CURVE('',#4378,#4380,#5144,.T.);
#5146=ORIENTED_EDGE('',*,*,#5145,.T.);
#5147=DIRECTION('',(0.000000,0.000000,1.000000));
#5148=VECTOR('',#5147,86.000000);
#5149=LINE('',#4379,#5148);
#5150=EDGE_CURVE('',#4380,#4420,#5149,.T.);
#5151=ORIENTED_EDGE('',*,*,#5150,.T.);
#5152=DIRECTION('',(0.022626,-0.015118,-0.999630));
#5153=VECTOR('',#5152,86.031858);
#5154=LINE('',#4419,#5153);
#5155=EDGE_CURVE('',#4420,#4378,#5154,.T.);
#5156=ORIENTED_EDGE('',*,*,#5155,.T.);
#5157=EDGE_LOOP('',(#5146,#5151,#5156));
#5158=FACE_OUTER_BOUND('',#5157,.T.);
#5159=ADVANCED_FACE('',(#5158),#5141,.T.);
#5160=CARTESIAN_POINT('',(4.242641,14.242641,-85.000000));
#5161=DIRECTION('',(0.555570,0.831470,0.000000));
#5162=DIRECTION('',(0.000000,0.000000,1.000000));
#5163=AXIS2_PLACEMENT_3D('',#5160,#5161,#5162);
#5164=PLANE('',#5163);
#5165=DIRECTION('',(-0.022626,0.015118,0.999630));
#5166=VECTOR('',#5165,86.031858);
#5167=LINE('',#4377,#5166);
#5168=EDGE_CURVE('',#4378,#4420,#5167,.T.);
#5169=ORIENTED_EDGE('',*,*,#5168,.T.);
#5170=DIRECTION('',(0.831470,-0.555570,0.000000));
#5171=VECTOR('',#5170,2.341084);
#5172=LINE('',#4419,#5171);
#5173=EDGE_CURVE('',#4420,#4418,#5172,.T.);
#5174=ORIENTED_EDGE('',*,*,#5173,.T.);
#5175=DIRECTION('',(0.000000,0.000000,-1.000000));
#5176=VECTOR('',#5175,86.000000);
#5177=LINE('',#4417,#5176);
#5178=EDGE_CURVE('',#4418,#4378,#5177,.T.);
#5179=ORIENTED_EDGE('',*,*,#5178,.T.);
#5180=EDGE_LOOP('',(#5169,#5174,#5179));
#5181=FACE_OUTER_BOUND('',#5180,.T.);
#5182=ADVANCED_FACE('',(#5181),#5164,.T.);
#5183=CARTESIAN_POINT('',(-14.000000,0.000000,-85.000000));
#5184=DIRECTION('',(0.000000,0.000000,-1.000000));
#5185=DIRECTION('',(1.000000,0.000000,0.000000));
#5186=AXIS2_PLACEMENT_3D('',#5183,#5184,#5185);
#5187=PLANE('',#5186);
#5188=DIRECTION('',(0.658505,0.752577,0.000000));
#5189=VECTOR('',#5188,21.260292);
#5190=LINE('',#4443,#5189);
#5191=EDGE_CURVE('',#4444,#4382,#5190,.T.);
#5192=ORIENTED_EDGE('',*,*,#5191,.T.);
#5193=DIRECTION('',(0.980785,-0.195090,0.000000));
#5194=VECTOR('',#5193,2.341084);
#5195=LINE('',#4381,#5194);
#5196=EDGE_CURVE('',#4382,#4380,#5195,.T.);
#5197=ORIENTED_EDGE('',*,*,#5196,.T.);
#5198=DIRECTION('',(-0.723624,-0.690195,0.000000));
#5199=VECTOR('',#5198,22.520132);
#5200=LINE('',#4379,#5199);
#5201=EDGE_CURVE('',#4380,#4444,#5200,.T.);
#5202=ORIENTED_EDGE('',*,*,#5201,.T.);
#5203=EDGE_LOOP('',(#5192,#5197,#5202));
#5204=FACE_OUTER_BOUND('',#5203,.T.);
#5205=ADVANCED_FACE('',(#5204),#5187,.T.);
#5206=CARTESIAN_POINT('',(-14.000000,0.000000,1.000000));
#5207=DIRECTION('',(0.000000,0.000000,1.000000));
#5208=DIRECTION('',(1.000000,0.000000,0.000000));
#5209=AXIS2_PLACEMENT_3D('',#5206,#5207,#5208);
#5210=PLANE('',#5209);
#5211=DIRECTION('',(0.723624,0.690195,0.000000));
#5212=VECTOR('',#5211,22.520132);
#5213=LINE('',#4445,#5212);
#5214=EDGE_CURVE('',#4446,#4420,#5213,.T.);
#5215=ORIENTED_EDGE('',*,*,#5214,.T.);
#5216=DIRECTION('',(-0.980785,0.195090,0.000000));
#5217=VECTOR('',#5216,2.341084);
#5218=LINE('',#4419,#5217);
#5219=EDGE_CURVE('',#4420,#4422,#5218,.T.);
#5220=ORIENTED_EDGE('',*,*,#5219,.T.);
#5221=DIRECTION('',(-0.658505,-0.752577,0.000000));
#5222=VECTOR('',#5221,21.260292);
#5223=LINE('',#4421,#5222);
#5224=EDGE_CURVE('',#4422,#4446,#5223,.T.);
#5225=ORIENTED_EDGE('',*,*,#5224,.T.);
#5226=EDGE_LOOP('',(#5215,#5220,#5225));
#5227=FACE_OUTER_BOUND('',#5226,.T.);
#5228=ADVANCED_FACE('',(#5227),#5210,.T.);
#5229=CARTESIAN_POINT('',(2.296101,15.543277,-85.000000));
#5230=DIRECTION('',(0.195090,0.980785,0.000000));
#5231=DIRECTION('',(0.000000,0.000000,1.000000));
#5232=AXIS2_PLACEMENT_3D('',#5229,#5230,#5231);
#5233=PLANE('',#5232);
#5234=DIRECTION('',(-0.980785,0.195090,0.000000));
#5235=VECTOR('',#5234,2.341084);
#5236=LINE('',#4379,#5235);
#5237=EDGE_CURVE('',#4380,#4382,#5236,.T.);
#5238=ORIENTED_EDGE('',*,*,#5237,.T.);
#5239=DIRECTION('',(0.000000,0.000000,1.000000));
#5240=VECTOR('',#5239,86.000000);
#5241=LINE('',#4381,#5240);
#5242=EDGE_CURVE('',#4382,#4422,#5241,.T.);
#5243=ORIENTED_EDGE('',*,*,#5242,.T.);
#5244=DIRECTION('',(0.026689,-0.005309,-0.999630));
#5245=VECTOR('',#5244,86.031858);
#5246=LINE('',#4421,#5245);
#5247=EDGE_CURVE('',#4422,#4380,#5246,.T.);
#5248=ORIENTED_EDGE('',*,*,#5247,.T.);
#5249=EDGE_LOOP('',(#5238,#5243,#5248));
#5250=FACE_OUTER_BOUND('',#5249,.T.);
#5251=ADVANCED_FACE('',(#5250),#5233,.T.);
#5252=CARTESIAN_POINT('',(2.296101,15.543277,-85.000000));
#5253=DIRECTION('',(0.195090,0.980785,0.000000));
#5254=DIRECTION('',(0.000000,0.000000,1.000000));
#5255=AXIS2_PLACEMENT_3D('',#5252,#5253,#5254);
#5256=PLANE('',#5255);
#5257=DIRECTION('',(-0.026689,0.005309,0.999630));
#5258=VECTOR('',#5257,86.031858);
#5259=LINE('',#4379,#5258);
#5260=EDGE_CURVE('',#4380,#4422,#5259,.T.);
#5261=ORIENTED_EDGE('',*,*,#5260,.T.);
#5262=DIRECTION('',(0.980785,-0.195090,0.000000));
#5263=VECTOR('',#5262,2.341084);
#5264=LINE('',#4421,#5263);
#5265=EDGE_CURVE('',#4422,#4420,#5264,.T.);
#5266=ORIENTED_EDGE('',*,*,#5265,.T.);
#5267=DIRECTION('',(0.000000,0.000000,-1.000000));
#5268=VECTOR('',#5267,86.000000);
#5269=LINE('',#4419,#5268);
#5270=EDGE_CURVE('',#4420,#4380,#5269,.T.);
#5271=ORIENTED_EDGE('',*,*,#5270,.T.);
#5272=EDGE_LOOP('',(#5261,#5266,#5271));
#5273=FACE_OUTER_BOUND('',#5272,.T.);
#5274=ADVANCED_FACE('',(#5273),#5256,.T.);
#5275=CARTESIAN_POINT('',(-14.000000,0.000000,-85.000000));
#5276=DIRECTION('',(0.000000,0.000000,-1.000000));
#5277=DIRECTION('',(1.000000,0.000000,0.000000));
#5278=AXIS2_PLACEMENT_3D('',#5275,#5276,#5277);
#5279=PLANE('',#5278);
#5280=DIRECTION('',(-0.658505,0.752577,0.000000));
#5281=VECTOR('',#5280,21.260292);
#5282=LINE('',#4443,#5281);
#5283=EDGE_CURVE('',#4444,#4384,#5282,.T.);
#5284=ORIENTED_EDGE('',*,*,#5283,.T.);
#5285=DIRECTION('',(1.000000,0.000000,0.000000));
#5286=VECTOR('',#5285,28.000000);
#5287=LINE('',#4383,#5286);
#5288=EDGE_CURVE('',#4384,#4382,#5287,.T.);
#5289=ORIENTED_EDGE('',*,*,#5288,.T.);
#5290=DIRECTION('',(-0.658505,-0.752577,0.000000));
#5291=VECTOR('',#5290,21.260292);
#5292=LINE('',#4381,#5291);
#5293=EDGE_CURVE('',#4382,#4444,#5292,.T.);
#5294=ORIENTED_EDGE('',*,*,#5293,.T.);
#5295=EDGE_LOOP('',(#5284,#5289,#5294));
#5296=FACE_OUTER_BOUND('',#5295,.T.);
#5297=ADVANCED_FACE('',(#5296),#5279,.T.);
#5298=CARTESIAN_POINT('',(-14.000000,0.000000,1.000000));
#5299=DIRECTION('',(0.000000,0.000000,1.000000));
#5300=DIRECTION('',(1.000000,0.000000,0.000000));
#5301=AXIS2_PLACEMENT_3D('',#5298,#5299,#5300);
#5302=PLANE('',#5301);
#5303=DIRECTION('',(0.658505,0.752577,0.000000));
#5304=VECTOR('',#5303,21.260292);
#5305=LINE('',#4445,#5304);
#5306=EDGE_CURVE('',#4446,#4422,#5305,.T.);
#5307=ORIENTED_EDGE('',*,*,#5306,.T.);
#5308=DIRECTION('',(-1.000000,0.000000,0.000000));
#5309=VECTOR('',#5308,28.000000);
#5310=LINE('',#4421,#5309);
#5311=EDGE_CURVE('',#4422,#4424,#5310,.T.);
#5312=ORIENTED_EDGE('',*,*,#5311,.T.);
#5313=DIRECTION('',(0.658505,-0.752577,0.000000));
#5314=VECTOR('',#5313,21.260292);
#5315=LINE('',#4423,#5314);
#5316=EDGE_CURVE('',#4424,#4446,#5315,.T.);
#5317=ORIENTED_EDGE('',*,*,#5316,.T.);
#5318=EDGE_LOOP('',(#5307,#5312,#5317));
#5319=FACE_OUTER_BOUND('',#5318,.T.);
#5320=ADVANCED_FACE('',(#5319),#5302,.T.);
#5321=CARTESIAN_POINT('',(0.000000,16.000000,-85.000000));
#5322=DIRECTION('',(0.000000,1.000000,0.000000));
#5323=DIRECTION('',(1.000000,0.000000,0.000000));
#5324=AXIS2_PLACEMENT_3D('',#5321,#5322,#5323);
#5325=PLANE('',#5324);
#5326=DIRECTION('',(-1.000000,0.000000,0.000000));
#5327=VECTOR('',#5326,28.000000);
#5328=LINE('',#4381,#5327);
#5329=EDGE_CURVE('',#4382,#4384,#5328,.T.);
#5330=ORIENTED_EDGE('',*,*,#5329,.T.);
#5331=DIRECTION('',(0.000000,0.000000,1.000000));
#5332=VECTOR('',#5331,86.000000);
#5333=LINE('',#4383,#5332);
#5334=EDGE_CURVE('',#4384,#4424,#5333,.T.);
#5335=ORIENTED_EDGE('',*,*,#5334,.T.);
#5336=DIRECTION('',(0.309586,0.000000,-0.950871));
#5337=VECTOR('',#5336,90.443352);
#5338=LINE('',#4423,#5337);
#5339=EDGE_CURVE('',#4424,#4382,#5338,.T.);
#5340=ORIENTED_EDGE('',*,*,#5339,.T.);
#5341=EDGE_LOOP('',(#5330,#5335,#5340));
#5342=FACE_OUTER_BOUND('',#5341,.T.);
#5343=ADVANCED_FACE('',(#5342),#5325,.T.);
#5344=CARTESIAN_POINT('',(0.000000,16.000000,-85.000000));
#5345=DIRECTION('',(0.000000,1.000000,0.000000));
#5346=DIRECTION('',(1.000000,0.000000,0.000000));
#5347=AXIS2_PLACEMENT_3D('',#5344,#5345,#5346);
#5348=PLANE('',#5347);
#5349=DIRECTION('',(-0.309586,0.000000,0.950871));
#5350=VECTOR('',#5349,90.443352);
#5351=LINE('',#4381,#5350);
#5352=EDGE_CURVE('',#4382,#4424,#5351,.T.);
#5353=ORIENTED_EDGE('',*,*,#5352,.T.);
#5354=DIRECTION('',(1.000000,0.000000,0.000000));
#5355=VECTOR('',#5354,28.000000);
#5356=LINE('',#4423,#5355);
#5357=EDGE_CURVE('',#4424,#4422,#5356,.T.);
#5358=ORIENTED_EDGE('',*,*,#5357,.T.);
#5359=DIRECTION('',(0.000000,0.000000,-1.000000));
#5360=VECTOR('',#5359,86.000000);
#5361=LINE('',#4421,#5360);
#5362=EDGE_CURVE('',#4422,#4382,#5361,.T.);
#5363=ORIENTED_EDGE('',*,*,#5362,.T.);
#5364=EDGE_LOOP('',(#5353,#5358,#5363));
#5365=FACE_OUTER_BOUND('',#5364,.T.);
#5366=ADVANCED_FACE('',(#5365),#5348,.T.);
#5367=CARTESIAN_POINT('',(-14.000000,0.000000,-85.000000));
#5368=DIRECTION('',(0.000000,0.000000,-1.000000));
#5369=DIRECTION('',(1.000000,0.000000,0.000000));
#5370=AXIS2_PLACEMENT_3D('',#5367,#5368,#5369);
#5371=PLANE('',#5370);
#5372=DIRECTION('',(-0.723624,0.690195,0.000000));
#5373=VECTOR('',#5372,22.520132);
#5374=LINE('',#4443,#5373);
#5375=EDGE_CURVE('',#4444,#4386,#5374,.T.);
#5376=ORIENTED_EDGE('',*,*,#5375,.T.);
#5377=DIRECTION('',(0.980785,0.195090,0.000000));
#5378=VECTOR('',#5377,2.341084);
#5379=LINE('',#4385,#5378);
#5380=EDGE_CURVE('',#4386,#4384,#5379,.T.);
#5381=ORIENTED_EDGE('',*,*,#5380,.T.);
#5382=DIRECTION('',(0.658505,-0.752577,0.000000));
#5383=VECTOR('',#5382,21.260292);
#5384=LINE('',#4383,#5383);
#5385=EDGE_CURVE('',#4384,#4444,#5384,.T.);
#5386=ORIENTED_EDGE('',*,*,#5385,.T.);
#5387=EDGE_LOOP('',(#5376,#5381,#5386));
#5388=FACE_OUTER_BOUND('',#5387,.T.);
#5389=ADVANCED_FACE('',(#5388),#5371,.T.);
#5390=CARTESIAN_POINT('',(-14.000000,0.000000,1.000000));
#5391=DIRECTION('',(0.000000,0.000000,1.000000));
#5392=DIRECTION('',(1.000000,0.000000,0.000000));
#5393=AXIS2_PLACEMENT_3D('',#5390,#5391,#5392);
#5394=PLANE('',#5393);
#5395=DIRECTION('',(-0.658505,0.752577,0.000000));
#5396=VECTOR('',#5395,21.260292);
#5397=LINE('',#4445,#5396);
#5398=EDGE_CURVE('',#4446,#4424,#5397,.T.);
#5399=ORIENTED_EDGE('',*,*,#5398,.T.);
#5400=DIRECTION('',(-0.980785,-0.195090,0.000000));
#5401=VECTOR('',#5400,2.341084);
#5402=LINE('',#4423,#5401);
#5403=EDGE_CURVE('',#4424,#4426,#5402,.T.);
#5404=ORIENTED_EDGE('',*,*,#5403,.T.);
#5405=DIRECTION('',(0.723624,-0.690195,0.000000));
#5406=VECTOR('',#5405,22.520132);
#5407=LINE('',#4425,#5406);
#5408=EDGE_CURVE('',#4426,#4446,#5407,.T.);
#5409=ORIENTED_EDGE('',*,*,#5408,.T.);
#5410=EDGE_LOOP('',(#5399,#5404,#5409));
#5411=FACE_OUTER_BOUND('',#5410,.T.);
#5412=ADVANCED_FACE('',(#5411),#5394,.T.);
#5413=CARTESIAN_POINT('',(-28.000000,16.000000,-85.000000));
#5414=DIRECTION('',(-0.195090,0.980785,0.000000));
#5415=DIRECTION('',(0.000000,0.000000,1.000000));
#5416=AXIS2_PLACEMENT_3D('',#5413,#5414,#5415);
#5417=PLANE('',#5416);
#5418=DIRECTION('',(-0.980785,-0.195090,0.000000));
#5419=VECTOR('',#5418,2.341084);
#5420=LINE('',#4383,#5419);
#5421=EDGE_CURVE('',#4384,#4386,#5420,.T.);
#5422=ORIENTED_EDGE('',*,*,#5421,.T.);
#5423=DIRECTION('',(0.000000,0.000000,1.000000));
#5424=VECTOR('',#5423,86.000000);
#5425=LINE('',#4385,#5424);
#5426=EDGE_CURVE('',#4386,#4426,#5425,.T.);
#5427=ORIENTED_EDGE('',*,*,#5426,.T.);
#5428=DIRECTION('',(0.026689,0.005309,-0.999630));
#5429=VECTOR('',#5428,86.031858);
#5430=LINE('',#4425,#5429);
#5431=EDGE_CURVE('',#4426,#4384,#5430,.T.);
#5432=ORIENTED_EDGE('',*,*,#5431,.T.);
#5433=EDGE_LOOP('',(#5422,#5427,#5432));
#5434=FACE_OUTER_BOUND('',#5433,.T.);
#5435=ADVANCED_FACE('',(#5434),#5417,.T.);
#5436=CARTESIAN_POINT('',(-28.000000,16.000000,-85.000000));
#5437=DIRECTION('',(-0.195090,0.980785,0.000000));
#5438=DIRECTION('',(0.000000,0.000000,1.000000));
#5439=AXIS2_PLACEMENT_3D('',#5436,#5437,#5438);
#5440=PLANE('',#5439);
#5441=DIRECTION('',(-0.026689,-0.005309,0.999630));
#5442=VECTOR('',#5441,86.031858);
#5443=LINE('',#4383,#5442);
#5444=EDGE_CURVE('',#4384,#4426,#5443,.T.);
#5445=ORIENTED_EDGE('',*,*,#5444,.T.);
#5446=DIRECTION('',(0.980785,0.195090,0.000000));
#5447=VECTOR('',#5446,2.341084);
#5448=LINE('',#4425,#5447);
#5449=EDGE_CURVE('',#4426,#4424,#5448,.T.);
#5450=ORIENTED_EDGE('',*,*,#5449,.T.);
#5451=DIRECTION('',(0.000000,0.000000,-1.000000));
#5452=VECTOR('',#5451,86.000000);
#5453=LINE('',#4423,#5452);
#5454=EDGE_CURVE('',#4424,#4384,#5453,.T.);
#5455=ORIENTED_EDGE('',*,*,#5454,.T.);
#5456=EDGE_LOOP('',(#5445,#5450,#5455));
#5457=FACE_OUTER_BOUND('',#5456,.T.);
#5458=ADVANCED_FACE('',(#5457),#5440,.T.);
#5459=CARTESIAN_POINT('',(-14.000000,0.000000,-85.000000));
#5460=DIRECTION('',(0.000000,0.000000,-1.000000));
#5461=DIRECTION('',(1.000000,0.000000,0.000000));
#5462=AXIS2_PLACEMENT_3D('',#5459,#5460,#5461);
#5463=PLANE('',#5462);
#5464=DIRECTION('',(-0.788222,0.615391,0.000000));
#5465=VECTOR('',#5464,23.144044);
#5466=LINE('',#4443,#5465);
#5467=EDGE_CURVE('',#4444,#4388,#5466,.T.);
#5468=ORIENTED_EDGE('',*,*,#5467,.T.);
#5469=DIRECTION('',(0.831470,0.555570,0.000000));
#5470=VECTOR('',#5469,2.341084);
#5471=LINE('',#4387,#5470);
#5472=EDGE_CURVE('',#4388,#4386,#5471,.T.);
#5473=ORIENTED_EDGE('',*,*,#5472,.T.);
#5474=DIRECTION('',(0.723624,-0.690195,0.000000));
#5475=VECTOR('',#5474,22.520132);
#5476=LINE('',#4385,#5475);
#5477=EDGE_CURVE('',#4386,#4444,#5476,.T.);
#5478=ORIENTED_EDGE('',*,*,#5477,.T.);
#5479=EDGE_LOOP('',(#5468,#5473,#5478));
#5480=FACE_OUTER_BOUND('',#5479,.T.);
#5481=ADVANCED_FACE('',(#5480),#5463,.T.);
#5482=CARTESIAN_POINT('',(-14.000000,0.000000,1.000000));
#5483=DIRECTION('',(0.000000,0.000000,1.000000));
#5484=DIRECTION('',(1.000000,0.000000,0.000000));
#5485=AXIS2_PLACEMENT_3D('',#5482,#5483,#5484);
#5486=PLANE('',#5485);
#5487=DIRECTION('',(-0.723624,0.690195,0.000000));
#5488=VECTOR('',#5487,22.520132);
#5489=LINE('',#4445,#5488);
#5490=EDGE_CURVE('',#4446,#4426,#5489,.T.);
#5491=ORIENTED_EDGE('',*,*,#5490,.T.);
#5492=DIRECTION('',(-0.831470,-0.555570,0.000000));
#5493=VECTOR('',#5492,2.341084);
#5494=LINE('',#4425,#5493);
#5495=EDGE_CURVE('',#4426,#4428,#5494,.T.);
#5496=ORIENTED_EDGE('',*,*,#5495,.T.);
#5497=DIRECTION('',(0.788222,-0.615391,0.000000));
#5498=VECTOR('',#5497,23.144044);
#5499=LINE('',#4427,#5498);
#5500=EDGE_CURVE('',#4428,#4446,#5499,.T.);
#5501=ORIENTED_EDGE('',*,*,#5500,.T.);
#5502=EDGE_LOOP('',(#5491,#5496,#5501));
#5503=FACE_OUTER_BOUND('',#5502,.T.);
#5504=ADVANCED_FACE('',(#5503),#5486,.T.);
#5505=CARTESIAN_POINT('',(-30.296101,15.543277,-85.000000));
#5506=DIRECTION('',(-0.555570,0.831470,0.000000));
#5507=DIRECTION('',(0.000000,0.000000,1.000000));
#5508=AXIS2_PLACEMENT_3D('',#5505,#5506,#5507);
#5509=PLANE('',#5508);
#5510=DIRECTION('',(-0.831470,-0.555570,0.000000));
#5511=VECTOR('',#5510,2.341084);
#5512=LINE('',#4385,#5511);
#5513=EDGE_CURVE('',#4386,#4388,#5512,.T.);
#5514=ORIENTED_EDGE('',*,*,#5513,.T.);
#5515=DIRECTION('',(0.000000,0.000000,1.000000));
#5516=VECTOR('',#5515,86.000000);
#5517=LINE('',#4387,#5516);
#5518=EDGE_CURVE('',#4388,#4428,#5517,.T.);
#5519=ORIENTED_EDGE('',*,*,#5518,.T.);
#5520=DIRECTION('',(0.022626,0.015118,-0.999630));
#5521=VECTOR('',#5520,86.031858);
#5522=LINE('',#4427,#5521);
#5523=EDGE_CURVE('',#4428,#4386,#5522,.T.);
#5524=ORIENTED_EDGE('',*,*,#5523,.T.);
#5525=EDGE_LOOP('',(#5514,#5519,#5524));
#5526=FACE_OUTER_BOUND('',#5525,.T.);
#5527=ADVANCED_FACE('',(#5526),#5509,.T.);
#5528=CARTESIAN_POINT('',(-30.296101,15.543277,-85.000000));
#5529=DIRECTION('',(-0.555570,0.831470,0.000000));
#5530=DIRECTION('',(0.000000,0.000000,1.000000));
#5531=AXIS2_PLACEMENT_3D('',#5528,#5529,#5530);
#5532=PLANE('',#5531);
#5533=DIRECTION('',(-0.022626,-0.015118,0.999630));
#5534=VECTOR('',#5533,86.031858);
#5535=LINE('',#4385,#5534);
#5536=EDGE_CURVE('',#4386,#4428,#5535,.T.);
#5537=ORIENTED_EDGE('',*,*,#5536,.T.);
#5538=DIRECTION('',(0.831470,0.555570,0.000000));
#5539=VECTOR('',#5538,2.341084);
#5540=LINE('',#4427,#5539);
#5541=EDGE_CURVE('',#4428,#4426,#5540,.T.);
#5542=ORIENTED_EDGE('',*,*,#5541,.T.);
#5543=DIRECTION('',(0.000000,0.000000,-1.000000));
#5544=VECTOR('',#5543,86.000000);
#5545=LINE('',#4425,#5544);
#5546=EDGE_CURVE('',#4426,#4386,#5545,.T.);
#5547=ORIENTED_EDGE('',*,*,#5546,.T.);
#5548=EDGE_LOOP('',(#5537,#5542,#5547));
#5549=FACE_OUTER_BOUND('',#5548,.T.);
#5550=ADVANCED_FACE('',(#5549),#5532,.T.);
#5551=CARTESIAN_POINT('',(-14.000000,0.000000,-85.000000));
#5552=DIRECTION('',(0.000000,0.000000,-1.000000));
#5553=DIRECTION('',(1.000000,0.000000,0.000000));
#5554=AXIS2_PLACEMENT_3D('',#5551,#5552,#5553);
#5555=PLANE('',#5554);
#5556=DIRECTION('',(-0.846407,0.532536,0.000000));
#5557=VECTOR('',#5556,23.089690);
#5558=LINE('',#4443,#5557);
#5559=EDGE_CURVE('',#4444,#4390,#5558,.T.);
#5560=ORIENTED_EDGE('',*,*,#5559,.T.);
#5561=DIRECTION('',(0.555570,0.831470,0.000000));
#5562=VECTOR('',#5561,2.341084);
#5563=LINE('',#4389,#5562);
#5564=EDGE_CURVE('',#4390,#4388,#5563,.T.);
#5565=ORIENTED_EDGE('',*,*,#5564,.T.);
#5566=DIRECTION('',(0.788222,-0.615391,0.000000));
#5567=VECTOR('',#5566,23.144044);
#5568=LINE('',#4387,#5567);
#5569=EDGE_CURVE('',#4388,#4444,#5568,.T.);
#5570=ORIENTED_EDGE('',*,*,#5569,.T.);
#5571=EDGE_LOOP('',(#5560,#5565,#5570));
#5572=FACE_OUTER_BOUND('',#5571,.T.);
#5573=ADVANCED_FACE('',(#5572),#5555,.T.);
#5574=CARTESIAN_POINT('',(-14.000000,0.000000,1.000000));
#5575=DIRECTION('',(0.000000,0.000000,1.000000));
#5576=DIRECTION('',(1.000000,0.000000,0.000000));
#5577=AXIS2_PLACEMENT_3D('',#5574,#5575,#5576);
#5578=PLANE('',#5577);
#5579=DIRECTION('',(-0.788222,0.615391,0.000000));
#5580=VECTOR('',#5579,23.144044);
#5581=LINE('',#4445,#5580);
#5582=EDGE_CURVE('',#4446,#4428,#5581,.T.);
#5583=ORIENTED_EDGE('',*,*,#5582,.T.);
#5584=DIRECTION('',(-0.555570,-0.831470,0.000000));
#5585=VECTOR('',#5584,2.341084);
#5586=LINE('',#4427,#5585);
#5587=EDGE_CURVE('',#4428,#4430,#5586,.T.);
#5588=ORIENTED_EDGE('',*,*,#5587,.T.);
#5589=DIRECTION('',(0.846407,-0.532536,0.000000));
#5590=VECTOR('',#5589,23.089690);
#5591=LINE('',#4429,#5590);
#5592=EDGE_CURVE('',#4430,#4446,#5591,.T.);
#5593=ORIENTED_EDGE('',*,*,#5592,.T.);
#5594=EDGE_LOOP('',(#5583,#5588,#5593));
#5595=FACE_OUTER_BOUND('',#5594,.T.);
#5596=ADVANCED_FACE('',(#5595),#5578,.T.);
#5597=CARTESIAN_POINT('',(-32.242641,14.242641,-85.000000));
#5598=DIRECTION('',(-0.831470,0.555570,0.000000));
#5599=DIRECTION('',(0.000000,0.000000,1.000000));
#5600=AXIS2_PLACEMENT_3D('',#5597,#5598,#5599);
#5601=PLANE('',#5600);
#5602=DIRECTION('',(-0.555570,-0.831470,0.000000));
#5603=VECTOR('',#5602,2.341084);
#5604=LINE('',#4387,#5603);
#5605=EDGE_CURVE('',#4388,#4390,#5604,.T.);
#5606=ORIENTED_EDGE('',*,*,#5605,.T.);
#5607=DIRECTION('',(0.000000,0.000000,1.000000));
#5608=VECTOR('',#5607,86.000000);
#5609=LINE('',#4389,#5608);
#5610=EDGE_CURVE('',#4390,#4430,#5609,.T.);
#5611=ORIENTED_EDGE('',*,*,#5610,.T.);
#5612=DIRECTION('',(0.015118,0.022626,-0.999630));
#5613=VECTOR('',#5612,86.031858);
#5614=LINE('',#4429,#5613);
#5615=EDGE_CURVE('',#4430,#4388,#5614,.T.);
#5616=ORIENTED_EDGE('',*,*,#5615,.T.);
#5617=EDGE_LOOP('',(#5606,#5611,#5616));
#5618=FACE_OUTER_BOUND('',#5617,.T.);
#5619=ADVANCED_FACE('',(#5618),#5601,.T.);
#5620=CARTESIAN_POINT('',(-32.242641,14.242641,-85.000000));
#5621=DIRECTION('',(-0.831470,0.555570,0.000000));
#5622=DIRECTION('',(0.000000,0.000000,1.000000));
#5623=AXIS2_PLACEMENT_3D('',#5620,#5621,#5622);
#5624=PLANE('',#5623);
#5625=DIRECTION('',(-0.015118,-0.022626,0.999630));
#5626=VECTOR('',#5625,86.031858);
#5627=LINE('',#4387,#5626);
#5628=EDGE_CURVE('',#4388,#4430,#5627,.T.);
#5629=ORIENTED_EDGE('',*,*,#5628,.T.);
#5630=DIRECTION('',(0.555570,0.831470,0.000000));
#5631=VECTOR('',#5630,2.341084);
#5632=LINE('',#4429,#5631);
#5633=EDGE_CURVE('',#4430,#4428,#5632,.T.);
#5634=ORIENTED_EDGE('',*,*,#5633,.T.);
#5635=DIRECTION('',(0.000000,0.000000,-1.000000));
#5636=VECTOR('',#5635,86.000000);
#5637=LINE('',#4427,#5636);
#5638=EDGE_CURVE('',#4428,#4388,#5637,.T.);
#5639=ORIENTED_EDGE('',*,*,#5638,.T.);
#5640=EDGE_LOOP('',(#5629,#5634,#5639));
#5641=FACE_OUTER_BOUND('',#5640,.T.);
#5642=ADVANCED_FACE('',(#5641),#5624,.T.);
#5643=CARTESIAN_POINT('',(-14.000000,0.000000,-85.000000));
#5644=DIRECTION('',(0.000000,0.000000,-1.000000));
#5645=DIRECTION('',(1.000000,0.000000,0.000000));
#5646=AXIS2_PLACEMENT_3D('',#5643,#5644,#5645);
#5647=PLANE('',#5646);
#5648=DIRECTION('',(-0.894427,0.447214,0.000000));
#5649=VECTOR('',#5648,22.360680);
#5650=LINE('',#4443,#5649);
#5651=EDGE_CURVE('',#4444,#4392,#5650,.T.);
#5652=ORIENTED_EDGE('',*,*,#5651,.T.);
#5653=DIRECTION('',(0.195090,0.980785,0.000000));
#5654=VECTOR('',#5653,2.341084);
#5655=LINE('',#4391,#5654);
#5656=EDGE_CURVE('',#4392,#4390,#5655,.T.);
#5657=ORIENTED_EDGE('',*,*,#5656,.T.);
#5658=DIRECTION('',(0.846407,-0.532536,0.000000));
#5659=VECTOR('',#5658,23.089690);
#5660=LINE('',#4389,#5659);
#5661=EDGE_CURVE('',#4390,#4444,#5660,.T.);
#5662=ORIENTED_EDGE('',*,*,#5661,.T.);
#5663=EDGE_LOOP('',(#5652,#5657,#5662));
#5664=FACE_OUTER_BOUND('',#5663,.T.);
#5665=ADVANCED_FACE('',(#5664),#5647,.T.);
#5666=CARTESIAN_POINT('',(-14.000000,0.000000,1.000000));
#5667=DIRECTION('',(0.000000,0.000000,1.000000));
#5668=DIRECTION('',(1.000000,0.000000,0.000000));
#5669=AXIS2_PLACEMENT_3D('',#5666,#5667,#5668);
#5670=PLANE('',#5669);
#5671=DIRECTION('',(-0.846407,0.532536,0.000000));
#5672=VECTOR('',#5671,23.089690);
#5673=LINE('',#4445,#5672);
#5674=EDGE_CURVE('',#4446,#4430,#5673,.T.);
#5675=ORIENTED_EDGE('',*,*,#5674,.T.);
#5676=DIRECTION('',(-0.195090,-0.980785,0.000000));
#5677=VECTOR('',#5676,2.341084);
#5678=LINE('',#4429,#5677);
#5679=EDGE_CURVE('',#4430,#4432,#5678,.T.);
#5680=ORIENTED_EDGE('',*,*,#5679,.T.);
#5681=DIRECTION('',(0.894427,-0.447214,0.000000));
#5682=VECTOR('',#5681,22.360680);
#5683=LINE('',#4431,#5682);
#5684=EDGE_CURVE('',#4432,#4446,#5683,.T.);
#5685=ORIENTED_EDGE('',*,*,#5684,.T.);
#5686=EDGE_LOOP('',(#5675,#5680,#5685));
#5687=FACE_OUTER_BOUND('',#5686,.T.);
#5688=ADVANCED_FACE('',(#5687),#5670,.T.);
#5689=CARTESIAN_POINT('',(-33.543277,12.296101,-85.000000));
#5690=DIRECTION('',(-0.980785,0.195090,0.000000));
#5691=DIRECTION('',(0.000000,0.000000,1.000000));
#5692=AXIS2_PLACEMENT_3D('',#5689,#5690,#5691);
#5693=PLANE('',#5692);
#5694=DIRECTION('',(-0.195090,-0.980785,0.000000));
#5695=VECTOR('',#5694,2.341084);
#5696=LINE('',#4389,#5695);
#5697=EDGE_CURVE('',#4390,#4392,#5696,.T.);
#5698=ORIENTED_EDGE('',*,*,#5697,.T.);
#5699=DIRECTION('',(0.000000,0.000000,1.000000));
#5700=VECTOR('',#5699,86.000000);
#5701=LINE('',#4391,#5700);
#5702=EDGE_CURVE('',#4392,#4432,#5701,.T.);
#5703=ORIENTED_EDGE('',*,*,#5702,.T.);
#5704=DIRECTION('',(0.005309,0.026689,-0.999630));
#5705=VECTOR('',#5704,86.031858);
#5706=LINE('',#4431,#5705);
#5707=EDGE_CURVE('',#4432,#4390,#5706,.T.);
#5708=ORIENTED_EDGE('',*,*,#5707,.T.);
#5709=EDGE_LOOP('',(#5698,#5703,#5708));
#5710=FACE_OUTER_BOUND('',#5709,.T.);
#5711=ADVANCED_FACE('',(#5710),#5693,.T.);
#5712=CARTESIAN_POINT('',(-33.543277,12.296101,-85.000000));
#5713=DIRECTION('',(-0.980785,0.195090,0.000000));
#5714=DIRECTION('',(0.000000,0.000000,1.000000));
#5715=AXIS2_PLACEMENT_3D('',#5712,#5713,#5714);
#5716=PLANE('',#5715);
#5717=DIRECTION('',(-0.005309,-0.026689,0.999630));
#5718=VECTOR('',#5717,86.031858);
#5719=LINE('',#4389,#5718);
#5720=EDGE_CURVE('',#4390,#4432,#5719,.T.);
#5721=ORIENTED_EDGE('',*,*,#5720,.T.);
#5722=DIRECTION('',(0.195090,0.980785,0.000000));
#5723=VECTOR('',#5722,2.341084);
#5724=LINE('',#4431,#5723);
#5725=EDGE_CURVE('',#4432,#4430,#5724,.T.);
#5726=ORIENTED_EDGE('',*,*,#5725,.T.);
#5727=DIRECTION('',(0.000000,0.000000,-1.000000));
#5728=VECTOR('',#5727,86.000000);
#5729=LINE('',#4429,#5728);
#5730=EDGE_CURVE('',#4430,#4390,#5729,.T.);
#5731=ORIENTED_EDGE('',*,*,#5730,.T.);
#5732=EDGE_LOOP('',(#5721,#5726,#5731));
#5733=FACE_OUTER_BOUND('',#5732,.T.);
#5734=ADVANCED_FACE('',(#5733),#5716,.T.);
#5735=CARTESIAN_POINT('',(-14.000000,0.000000,-85.000000));
#5736=DIRECTION('',(0.000000,0.000000,-1.000000));
#5737=DIRECTION('',(1.000000,0.000000,0.000000));
#5738=AXIS2_PLACEMENT_3D('',#5735,#5736,#5737);
#5739=PLANE('',#5738);
#5740=DIRECTION('',(-0.894427,-0.447214,0.000000));
#5741=VECTOR('',#5740,22.360680);
#5742=LINE('',#4443,#5741);
#5743=EDGE_CURVE('',#4444,#4394,#5742,.T.);
#5744=ORIENTED_EDGE('',*,*,#5743,.T.);
#5745=DIRECTION('',(0.000000,1.000000,0.000000));
#5746=VECTOR('',#5745,20.000000);
#5747=LINE('',#4393,#5746);
#5748=EDGE_CURVE('',#4394,#4392,#5747,.T.);
#5749=ORIENTED_EDGE('',*,*,#5748,.T.);
#5750=DIRECTION('',(0.894427,-0.447214,0.000000));
#5751=VECTOR('',#5750,22.360680);
#5752=LINE('',#4391,#5751);
#5753=EDGE_CURVE('',#4392,#4444,#5752,.T.);
#5754=ORIENTED_EDGE('',*,*,#5753,.T.);
#5755=EDGE_LOOP('',(#5744,#5749,#5754));
#5756=FACE_OUTER_BOUND('',#5755,.T.);
#5757=ADVANCED_FACE('',(#5756),#5739,.T.);
#5758=CARTESIAN_POINT('',(-14.000000,0.000000,1.000000));
#5759=DIRECTION('',(0.000000,0.000000,1.000000));
#5760=DIRECTION('',(1.000000,0.000000,0.000000));
#5761=AXIS2_PLACEMENT_3D('',#5758,#5759,#5760);
#5762=PLANE('',#5761);
#5763=DIRECTION('',(-0.894427,0.447214,0.000000));
#5764=VECTOR('',#5763,22.360680);
#5765=LINE('',#4445,#5764);
#5766=EDGE_CURVE('',#4446,#4432,#5765,.T.);
#5767=ORIENTED_EDGE('',*,*,#5766,.T.);
#5768=DIRECTION('',(0.000000,-1.000000,0.000000));
#5769=VECTOR('',#5768,20.000000);
#5770=LINE('',#4431,#5769);
#5771=EDGE_CURVE('',#4432,#4434,#5770,.T.);
#5772=ORIENTED_EDGE('',*,*,#5771,.T.);
#5773=DIRECTION('',(0.894427,0.447214,0.000000));
#5774=VECTOR('',#5773,22.360680);
#5775=LINE('',#4433,#5774);
#5776=EDGE_CURVE('',#4434,#4446,#5775,.T.);
#5777=ORIENTED_EDGE('',*,*,#5776,.T.);
#5778=EDGE_LOOP('',(#5767,#5772,#5777));
#5779=FACE_OUTER_BOUND('',#5778,.T.);
#5780=ADVANCED_FACE('',(#5779),#5762,.T.);
#5781=CARTESIAN_POINT('',(-34.000000,10.000000,-85.000000));
#5782=DIRECTION('',(-1.000000,0.000000,0.000000));
#5783=DIRECTION('',(0.000000,1.000000,0.000000));
#5784=AXIS2_PLACEMENT_3D('',#5781,#5782,#5783);
#5785=PLANE('',#5784);
#5786=DIRECTION('',(0.000000,-1.000000,0.000000));
#5787=VECTOR('',#5786,20.000000);
#5788=LINE('',#4391,#5787);
#5789=EDGE_CURVE('',#4392,#4394,#5788,.T.);
#5790=ORIENTED_EDGE('',*,*,#5789,.T.);
#5791=DIRECTION('',(0.000000,0.000000,1.000000));
#5792=VECTOR('',#5791,86.000000);
#5793=LINE('',#4393,#5792);
#5794=EDGE_CURVE('',#4394,#4434,#5793,.T.);
#5795=ORIENTED_EDGE('',*,*,#5794,.T.);
#5796=DIRECTION('',(0.000000,0.226513,-0.974008));
#5797=VECTOR('',#5796,88.294960);
#5798=LINE('',#4433,#5797);
#5799=EDGE_CURVE('',#4434,#4392,#5798,.T.);
#5800=ORIENTED_EDGE('',*,*,#5799,.T.);
#5801=EDGE_LOOP('',(#5790,#5795,#5800));
#5802=FACE_OUTER_BOUND('',#5801,.T.);
#5803=ADVANCED_FACE('',(#5802),#5785,.T.);
#5804=CARTESIAN_POINT('',(-34.000000,10.000000,-85.000000));
#5805=DIRECTION('',(-1.000000,0.000000,0.000000));
#5806=DIRECTION('',(0.000000,1.000000,0.000000));
#5807=AXIS2_PLACEMENT_3D('',#5804,#5805,#5806);
#5808=PLANE('',#5807);
#5809=DIRECTION('',(0.000000,-0.226513,0.974008));
#5810=VECTOR('',#5809,88.294960);
#5811=LINE('',#4391,#5810);
#5812=EDGE_CURVE('',#4392,#4434,#5811,.T.);
#5813=ORIENTED_EDGE('',*,*,#5812,.T.);
#5814=DIRECTION('',(0.000000,1.000000,0.000000));
#5815=VECTOR('',#5814,20.000000);
#5816=LINE('',#4433,#5815);
#5817=EDGE_CURVE('',#4434,#4432,#5816,.T.);
#5818=ORIENTED_EDGE('',*,*,#5817,.T.);
#5819=DIRECTION('',(0.000000,0.000000,-1.000000));
#5820=VECTOR('',#5819,86.000000);
#5821=LINE('',#4431,#5820);
#5822=EDGE_CURVE('',#4432,#4392,#5821,.T.);
#5823=ORIENTED_EDGE('',*,*,#5822,.T.);
#5824=EDGE_LOOP('',(#5813,#5818,#5823));
#5825=FACE_OUTER_BOUND('',#5824,.T.);
#5826=ADVANCED_FACE('',(#5825),#5808,.T.);
#5827=CARTESIAN_POINT('',(-14.000000,0.000000,-85.000000));
#5828=DIRECTION('',(0.000000,0.000000,-1.000000));
#5829=DIRECTION('',(1.000000,0.000000,0.000000));
#5830=AXIS2_PLACEMENT_3D('',#5827,#5828,#5829);
#5831=PLANE('',#5830);
#5832=DIRECTION('',(-0.846407,-0.532536,0.000000));
#5833=VECTOR('',#5832,23.089690);
#5834=LINE('',#4443,#5833);
#5835=EDGE_CURVE('',#4444,#4396,#5834,.T.);
#5836=ORIENTED_EDGE('',*,*,#5835,.T.);
#5837=DIRECTION('',(-0.195090,0.980785,0.000000));
#5838=VECTOR('',#5837,2.341084);
#5839=LINE('',#4395,#5838);
#5840=EDGE_CURVE('',#4396,#4394,#5839,.T.);
#5841=ORIENTED_EDGE('',*,*,#5840,.T.);
#5842=DIRECTION('',(0.894427,0.447214,0.000000));
#5843=VECTOR('',#5842,22.360680);
#5844=LINE('',#4393,#5843);
#5845=EDGE_CURVE('',#4394,#4444,#5844,.T.);
#5846=ORIENTED_EDGE('',*,*,#5845,.T.);
#5847=EDGE_LOOP('',(#5836,#5841,#5846));
#5848=FACE_OUTER_BOUND('',#5847,.T.);
#5849=ADVANCED_FACE('',(#5848),#5831,.T.);
#5850=CARTESIAN_POINT('',(-14.000000,0.000000,1.000000));
#5851=DIRECTION('',(0.000000,0.000000,1.000000));
#5852=DIRECTION('',(1.000000,0.000000,0.000000));
#5853=AXIS2_PLACEMENT_3D('',#5850,#5851,#5852);
#5854=PLANE('',#5853);
#5855=DIRECTION('',(-0.894427,-0.447214,0.000000));
#5856=VECTOR('',#5855,22.360680);
#5857=LINE('',#4445,#5856);
#5858=EDGE_CURVE('',#4446,#4434,#5857,.T.);
#5859=ORIENTED_EDGE('',*,*,#5858,.T.);
#5860=DIRECTION('',(0.195090,-0.980785,0.000000));
#5861=VECTOR('',#5860,2.341084);
#5862=LINE('',#4433,#5861);
#5863=EDGE_CURVE('',#4434,#4436,#5862,.T.);
#5864=ORIENTED_EDGE('',*,*,#5863,.T.);
#5865=DIRECTION('',(0.846407,0.532536,0.000000));
#5866=VECTOR('',#5865,23.089690);
#5867=LINE('',#4435,#5866);
#5868=EDGE_CURVE('',#4436,#4446,#5867,.T.);
#5869=ORIENTED_EDGE('',*,*,#5868,.T.);
#5870=EDGE_LOOP('',(#5859,#5864,#5869));
#5871=FACE_OUTER_BOUND('',#5870,.T.);
#5872=ADVANCED_FACE('',(#5871),#5854,.T.);
#5873=CARTESIAN_POINT('',(-34.000000,-10.000000,-85.000000));
#5874=DIRECTION('',(-0.980785,-0.195090,0.000000));
#5875=DIRECTION('',(0.000000,0.000000,1.000000));
#5876=AXIS2_PLACEMENT_3D('',#5873,#5874,#5875);
#5877=PLANE('',#5876);
#5878=DIRECTION('',(0.195090,-0.980785,0.000000));
#5879=VECTOR('',#5878,2.341084);
#5880=LINE('',#4393,#5879);
#5881=EDGE_CURVE('',#4394,#4396,#5880,.T.);
#5882=ORIENTED_EDGE('',*,*,#5881,.T.);
#5883=DIRECTION('',(0.000000,0.000000,1.000000));
#5884=VECTOR('',#5883,86.000000);
#5885=LINE('',#4395,#5884);
#5886=EDGE_CURVE('',#4396,#4436,#5885,.T.);
#5887=ORIENTED_EDGE('',*,*,#5886,.T.);
#5888=DIRECTION('',(-0.005309,0.026689,-0.999630));
#5889=VECTOR('',#5888,86.031858);
#5890=LINE('',#4435,#5889);
#5891=EDGE_CURVE('',#4436,#4394,#5890,.T.);
#5892=ORIENTED_EDGE('',*,*,#5891,.T.);
#5893=EDGE_LOOP('',(#5882,#5887,#5892));
#5894=FACE_OUTER_BOUND('',#5893,.T.);
#5895=ADVANCED_FACE('',(#5894),#5877,.T.);
#5896=CARTESIAN_POINT('',(-34.000000,-10.000000,-85.000000));
#5897=DIRECTION('',(-0.980785,-0.195090,0.000000));
#5898=DIRECTION('',(0.000000,0.000000,1.000000));
#5899=AXIS2_PLACEMENT_3D('',#5896,#5897,#5898);
#5900=PLANE('',#5899);
#5901=DIRECTION('',(0.005309,-0.026689,0.999630));
#5902=VECTOR('',#5901,86.031858);
#5903=LINE('',#4393,#5902);
#5904=EDGE_CURVE('',#4394,#4436,#5903,.T.);
#5905=ORIENTED_EDGE('',*,*,#5904,.T.);
#5906=DIRECTION('',(-0.195090,0.980785,0.000000));
#5907=VECTOR('',#5906,2.341084);
#5908=LINE('',#4435,#5907);
#5909=EDGE_CURVE('',#4436,#4434,#5908,.T.);
#5910=ORIENTED_EDGE('',*,*,#5909,.T.);
#5911=DIRECTION('',(0.000000,0.000000,-1.000000));
#5912=VECTOR('',#5911,86.000000);
#5913=LINE('',#4433,#5912);
#5914=EDGE_CURVE('',#4434,#4394,#5913,.T.);
#5915=ORIENTED_EDGE('',*,*,#5914,.T.);
#5916=EDGE_LOOP('',(#5905,#5910,#5915));
#5917=FACE_OUTER_BOUND('',#5916,.T.);
#5918=ADVANCED_FACE('',(#5917),#5900,.T.);
#5919=CARTESIAN_POINT('',(-14.000000,0.000000,-85.000000));
#5920=DIRECTION('',(0.000000,0.000000,-1.000000));
#5921=DIRECTION('',(1.000000,0.000000,0.000000));
#5922=AXIS2_PLACEMENT_3D('',#5919,#5920,#5921);
#5923=PLANE('',#5922);
#5924=DIRECTION('',(-0.788222,-0.615391,0.000000));
#5925=VECTOR('',#5924,23.144044);
#5926=LINE('',#4443,#5925);
#5927=EDGE_CURVE('',#4444,#4398,#5926,.T.);
#5928=ORIENTED_EDGE('',*,*,#5927,.T.);
#5929=DIRECTION('',(-0.555570,0.831470,0.000000));
#5930=VECTOR('',#5929,2.341084);
#5931=LINE('',#4397,#5930);
#5932=EDGE_CURVE('',#4398,#4396,#5931,.T.);
#5933=ORIENTED_EDGE('',*,*,#5932,.T.);
#5934=DIRECTION('',(0.846407,0.532536,0.000000));
#5935=VECTOR('',#5934,23.089690);
#5936=LINE('',#4395,#5935);
#5937=EDGE_CURVE('',#4396,#4444,#5936,.T.);
#5938=ORIENTED_EDGE('',*,*,#5937,.T.);
#5939=EDGE_LOOP('',(#5928,#5933,#5938));
#5940=FACE_OUTER_BOUND('',#5939,.T.);
#5941=ADVANCED_FACE('',(#5940),#5923,.T.);
#5942=CARTESIAN_POINT('',(-14.000000,0.000000,1.000000));
#5943=DIRECTION('',(0.000000,0.000000,1.000000));
#5944=DIRECTION('',(1.000000,0.000000,0.000000));
#5945=AXIS2_PLACEMENT_3D('',#5942,#5943,#5944);
#5946=PLANE('',#5945);
#5947=DIRECTION('',(-0.846407,-0.532536,0.000000));
#5948=VECTOR('',#5947,23.089690);
#5949=LINE('',#4445,#5948);
#5950=EDGE_CURVE('',#4446,#4436,#5949,.T.);
#5951=ORIENTED_EDGE('',*,*,#5950,.T.);
#5952=DIRECTION('',(0.555570,-0.831470,0.000000));
#5953=VECTOR('',#5952,2.341084);
#5954=LINE('',#4435,#5953);
#5955=EDGE_CURVE('',#4436,#4438,#5954,.T.);
#5956=ORIENTED_EDGE('',*,*,#5955,.T.);
#5957=DIRECTION('',(0.788222,0.615391,0.000000));
#5958=VECTOR('',#5957,23.144044);
#5959=LINE('',#4437,#5958);
#5960=EDGE_CURVE('',#4438,#4446,#5959,.T.);
#5961=ORIENTED_EDGE('',*,*,#5960,.T.);
#5962=EDGE_LOOP('',(#5951,#5956,#5961));
#5963=FACE_OUTER_BOUND('',#5962,.T.);
#5964=ADVANCED_FACE('',(#5963),#5946,.T.);
#5965=CARTESIAN_POINT('',(-33.543277,-12.296101,-85.000000));
#5966=DIRECTION('',(-0.831470,-0.555570,0.000000));
#5967=DIRECTION('',(0.000000,0.000000,1.000000));
#5968=AXIS2_PLACEMENT_3D('',#5965,#5966,#5967);
#5969=PLANE('',#5968);
#5970=DIRECTION('',(0.555570,-0.831470,0.000000));
#5971=VECTOR('',#5970,2.341084);
#5972=LINE('',#4395,#5971);
#5973=EDGE_CURVE('',#4396,#4398,#5972,.T.);
#5974=ORIENTED_EDGE('',*,*,#5973,.T.);
#5975=DIRECTION('',(0.000000,0.000000,1.000000));
#5976=VECTOR('',#5975,86.000000);
#5977=LINE('',#4397,#5976);
#5978=EDGE_CURVE('',#4398,#4438,#5977,.T.);
#5979=ORIENTED_EDGE('',*,*,#5978,.T.);
#5980=DIRECTION('',(-0.015118,0.022626,-0.999630));
#5981=VECTOR('',#5980,86.031858);
#5982=LINE('',#4437,#5981);
#5983=EDGE_CURVE('',#4438,#4396,#5982,.T.);
#5984=ORIENTED_EDGE('',*,*,#5983,.T.);
#5985=EDGE_LOOP('',(#5974,#5979,#5984));
#5986=FACE_OUTER_BOUND('',#5985,.T.);
#5987=ADVANCED_FACE('',(#5986),#5969,.T.);
#5988=CARTESIAN_POINT('',(-33.543277,-12.296101,-85.000000));
#5989=DIRECTION('',(-0.831470,-0.555570,0.000000));
#5990=DIRECTION('',(0.000000,0.000000,1.000000));
#5991=AXIS2_PLACEMENT_3D('',#5988,#5989,#5990);
#5992=PLANE('',#5991);
#5993=DIRECTION('',(0.015118,-0.022626,0.999630));
#5994=VECTOR('',#5993,86.031858);
#5995=LINE('',#4395,#5994);
#5996=EDGE_CURVE('',#4396,#4438,#5995,.T.);
#5997=ORIENTED_EDGE('',*,*,#5996,.T.);
#5998=DIRECTION('',(-0.555570,0.831470,0.000000));
#5999=VECTOR('',#5998,2.341084);
#6000=LINE('',#4437,#5999);
#6001=EDGE_CURVE('',#4438,#4436,#6000,.T.);
#6002=ORIENTED_EDGE('',*,*,#6001,.T.);
#6003=DIRECTION('',(0.000000,0.000000,-1.000000));
#6004=VECTOR('',#6003,86.000000);
#6005=LINE('',#4435,#6004);
#6006=EDGE_CURVE('',#4436,#4396,#6005,.T.);
#6007=ORIENTED_EDGE('',*,*,#6006,.T.);
#6008=EDGE_LOOP('',(#5997,#6002,#6007));
#6009=FACE_OUTER_BOUND('',#6008,.T.);
#6010=ADVANCED_FACE('',(#6009),#5992,.T.);
#6011=CARTESIAN_POINT('',(-14.000000,0.000000,-85.000000));
#6012=DIRECTION('',(0.000000,0.000000,-1.000000));
#6013=DIRECTION('',(1.000000,0.000000,0.000000));
#6014=AXIS2_PLACEMENT_3D('',#6011,#6012,#6013);
#6015=PLANE('',#6014);
#6016=DIRECTION('',(-0.723624,-0.690195,0.000000));
#6017=VECTOR('',#6016,22.520132);
#6018=LINE('',#4443,#6017);
#6019=EDGE_CURVE('',#4444,#4400,#6018,.T.);
#6020=ORIENTED_EDGE('',*,*,#6019,.T.);
#6021=DIRECTION('',(-0.831470,0.555570,0.000000));
#6022=VECTOR('',#6021,2.341084);
#6023=LINE('',#4399,#6022);
#6024=EDGE_CURVE('',#4400,#4398,#6023,.T.);
#6025=ORIENTED_EDGE('',*,*,#6024,.T.);
#6026=DIRECTION('',(0.788222,0.615391,0.000000));
#6027=VECTOR('',#6026,23.144044);
#6028=LINE('',#4397,#6027);
#6029=EDGE_CURVE('',#4398,#4444,#6028,.T.);
#6030=ORIENTED_EDGE('',*,*,#6029,.T.);
#6031=EDGE_LOOP('',(#6020,#6025,#6030));
#6032=FACE_OUTER_BOUND('',#6031,.T.);
#6033=ADVANCED_FACE('',(#6032),#6015,.T.);
#6034=CARTESIAN_POINT('',(-14.000000,0.000000,1.000000));
#6035=DIRECTION('',(0.000000,0.000000,1.000000));
#6036=DIRECTION('',(1.000000,0.000000,0.000000));
#6037=AXIS2_PLACEMENT_3D('',#6034,#6035,#6036);
#6038=PLANE('',#6037);
#6039=DIRECTION('',(-0.788222,-0.615391,0.000000));
#6040=VECTOR('',#6039,23.144044);
#6041=LINE('',#4445,#6040);
#6042=EDGE_CURVE('',#4446,#4438,#6041,.T.);
#6043=ORIENTED_EDGE('',*,*,#6042,.T.);
#6044=DIRECTION('',(0.831470,-0.555570,0.000000));
#6045=VECTOR('',#6044,2.341084);
#6046=LINE('',#4437,#6045);
#6047=EDGE_CURVE('',#4438,#4440,#6046,.T.);
#6048=ORIENTED_EDGE('',*,*,#6047,.T.);
#6049=DIRECTION('',(0.723624,0.690195,0.000000));
#6050=VECTOR('',#6049,22.520132);
#6051=LINE('',#4439,#6050);
#6052=EDGE_CURVE('',#4440,#4446,#6051,.T.);
#6053=ORIENTED_EDGE('',*,*,#6052,.T.);
#6054=EDGE_LOOP('',(#6043,#6048,#6053));
#6055=FACE_OUTER_BOUND('',#6054,.T.);
#6056=ADVANCED_FACE('',(#6055),#6038,.T.);
#6057=CARTESIAN_POINT('',(-32.242641,-14.242641,-85.000000));
#6058=DIRECTION('',(-0.555570,-0.831470,0.000000));
#6059=DIRECTION('',(0.000000,0.000000,1.000000));
#6060=AXIS2_PLACEMENT_3D('',#6057,#6058,#6059);
#6061=PLANE('',#6060);
#6062=DIRECTION('',(0.831470,-0.555570,0.000000));
#6063=VECTOR('',#6062,2.341084);
#6064=LINE('',#4397,#6063);
#6065=EDGE_CURVE('',#4398,#4400,#6064,.T.);
#6066=ORIENTED_EDGE('',*,*,#6065,.T.);
#6067=DIRECTION('',(0.000000,0.000000,1.000000));
#6068=VECTOR('',#6067,86.000000);
#6069=LINE('',#4399,#6068);
#6070=EDGE_CURVE('',#4400,#4440,#6069,.T.);
#6071=ORIENTED_EDGE('',*,*,#6070,.T.);
#6072=DIRECTION('',(-0.022626,0.015118,-0.999630));
#6073=VECTOR('',#6072,86.031858);
#6074=LINE('',#4439,#6073);
#6075=EDGE_CURVE('',#4440,#4398,#6074,.T.);
#6076=ORIENTED_EDGE('',*,*,#6075,.T.);
#6077=EDGE_LOOP('',(#6066,#6071,#6076));
#6078=FACE_OUTER_BOUND('',#6077,.T.);
#6079=ADVANCED_FACE('',(#6078),#6061,.T.);
#6080=CARTESIAN_POINT('',(-32.242641,-14.242641,-85.000000));
#6081=DIRECTION('',(-0.555570,-0.831470,0.000000));
#6082=DIRECTION('',(0.000000,0.000000,1.000000));
#6083=AXIS2_PLACEMENT_3D('',#6080,#6081,#6082);
#6084=PLANE('',#6083);
#6085=DIRECTION('',(0.022626,-0.015118,0.999630));
#6086=VECTOR('',#6085,86.031858);
#6087=LINE('',#4397,#6086);
#6088=EDGE_CURVE('',#4398,#4440,#6087,.T.);
#6089=ORIENTED_EDGE('',*,*,#6088,.T.);
#6090=DIRECTION('',(-0.831470,0.555570,0.000000));
#6091=VECTOR('',#6090,2.341084);
#6092=LINE('',#4439,#6091);
#6093=EDGE_CURVE('',#4440,#4438,#6092,.T.);
#6094=ORIENTED_EDGE('',*,*,#6093,.T.);
#6095=DIRECTION('',(0.000000,0.000000,-1.000000));
#6096=VECTOR('',#6095,86.000000);
#6097=LINE('',#4437,#6096);
#6098=EDGE_CURVE('',#4438,#4398,#6097,.T.);
#6099=ORIENTED_EDGE('',*,*,#6098,.T.);
#6100=EDGE_LOOP('',(#6089,#6094,#6099));
#6101=FACE_OUTER_BOUND('',#6100,.T.);
#6102=ADVANCED_FACE('',(#6101),#6084,.T.);
#6103=CARTESIAN_POINT('',(-14.000000,0.000000,-85.000000));
#6104=DIRECTION('',(0.000000,0.000000,-1.000000));
#6105=DIRECTION('',(1.000000,0.000000,0.000000));
#6106=AXIS2_PLACEMENT_3D('',#6103,#6104,#6105);
#6107=PLANE('',#6106);
#6108=DIRECTION('',(-0.658505,-0.752577,0.000000));
#6109=VECTOR('',#6108,21.260292);
#6110=LINE('',#4443,#6109);
#6111=EDGE_CURVE('',#4444,#4402,#6110,.T.);
#6112=ORIENTED_EDGE('',*,*,#6111,.T.);
#6113=DIRECTION('',(-0.980785,0.195090,0.000000));
#6114=VECTOR('',#6113,2.341084);
#6115=LINE('',#4401,#6114);
#6116=EDGE_CURVE('',#4402,#4400,#6115,.T.);
#6117=ORIENTED_EDGE('',*,*,#6116,.T.);
#6118=DIRECTION('',(0.723624,0.690195,0.000000));
#6119=VECTOR('',#6118,22.520132);
#6120=LINE('',#4399,#6119);
#6121=EDGE_CURVE('',#4400,#4444,#6120,.T.);
#6122=ORIENTED_EDGE('',*,*,#6121,.T.);
#6123=EDGE_LOOP('',(#6112,#6117,#6122));
#6124=FACE_OUTER_BOUND('',#6123,.T.);
#6125=ADVANCED_FACE('',(#6124),#6107,.T.);
#6126=CARTESIAN_POINT('',(-14.000000,0.000000,1.000000));
#6127=DIRECTION('',(0.000000,0.000000,1.000000));
#6128=DIRECTION('',(1.000000,0.000000,0.000000));
#6129=AXIS2_PLACEMENT_3D('',#6126,#6127,#6128);
#6130=PLANE('',#6129);
#6131=DIRECTION('',(-0.723624,-0.690195,0.000000));
#6132=VECTOR('',#6131,22.520132);
#6133=LINE('',#4445,#6132);
#6134=EDGE_CURVE('',#4446,#4440,#6133,.T.);
#6135=ORIENTED_EDGE('',*,*,#6134,.T.);
#6136=DIRECTION('',(0.980785,-0.195090,0.000000));
#6137=VECTOR('',#6136,2.341084);
#6138=LINE('',#4439,#6137);
#6139=EDGE_CURVE('',#4440,#4442,#6138,.T.);
#6140=ORIENTED_EDGE('',*,*,#6139,.T.);
#6141=DIRECTION('',(0.658505,0.752577,0.000000));
#6142=VECTOR('',#6141,21.260292);
#6143=LINE('',#4441,#6142);
#6144=EDGE_CURVE('',#4442,#4446,#6143,.T.);
#6145=ORIENTED_EDGE('',*,*,#6144,.T.);
#6146=EDGE_LOOP('',(#6135,#6140,#6145));
#6147=FACE_OUTER_BOUND('',#6146,.T.);
#6148=ADVANCED_FACE('',(#6147),#6130,.T.);
#6149=CARTESIAN_POINT('',(-30.296101,-15.543277,-85.000000));
#6150=DIRECTION('',(-0.195090,-0.980785,0.000000));
#6151=DIRECTION('',(0.000000,0.000000,1.000000));
#6152=AXIS2_PLACEMENT_3D('',#6149,#6150,#6151);
#6153=PLANE('',#6152);
#6154=DIRECTION('',(0.980785,-0.195090,0.000000));
#6155=VECTOR('',#6154,2.341084);
#6156=LINE('',#4399,#6155);
#6157=EDGE_CURVE('',#4400,#4402,#6156,.T.);
#6158=ORIENTED_EDGE('',*,*,#6157,.T.);
#6159=DIRECTION('',(0.000000,0.000000,1.000000));
#6160=VECTOR('',#6159,86.000000);
#6161=LINE('',#4401,#6160);
#6162=EDGE_CURVE('',#4402,#4442,#6161,.T.);
#6163=ORIENTED_EDGE('',*,*,#6162,.T.);
#6164=DIRECTION('',(-0.026689,0.005309,-0.999630));
#6165=VECTOR('',#6164,86.031858);
#6166=LINE('',#4441,#6165);
#6167=EDGE_CURVE('',#4442,#4400,#6166,.T.);
#6168=ORIENTED_EDGE('',*,*,#6167,.T.);
#6169=EDGE_LOOP('',(#6158,#6163,#6168));
#6170=FACE_OUTER_BOUND('',#6169,.T.);
#6171=ADVANCED_FACE('',(#6170),#6153,.T.);
#6172=CARTESIAN_POINT('',(-30.296101,-15.543277,-85.000000));
#6173=DIRECTION('',(-0.195090,-0.980785,0.000000));
#6174=DIRECTION('',(0.000000,0.000000,1.000000));
#6175=AXIS2_PLACEMENT_3D('',#6172,#6173,#6174);
#6176=PLANE('',#6175);
#6177=DIRECTION('',(0.026689,-0.005309,0.999630));
#6178=VECTOR('',#6177,86.031858);
#6179=LINE('',#4399,#6178);
#6180=EDGE_CURVE('',#4400,#4442,#6179,.T.);
#6181=ORIENTED_EDGE('',*,*,#6180,.T.);
#6182=DIRECTION('',(-0.980785,0.195090,0.000000));
#6183=VECTOR('',#6182,2.341084);
#6184=LINE('',#4441,#6183);
#6185=EDGE_CURVE('',#4442,#4440,#6184,.T.);
#6186=ORIENTED_EDGE('',*,*,#6185,.T.);
#6187=DIRECTION('',(0.000000,0.000000,-1.000000));
#6188=VECTOR('',#6187,86.000000);
#6189=LINE('',#4439,#6188);
#6190=EDGE_CURVE('',#4440,#4400,#6189,.T.);
#6191=ORIENTED_EDGE('',*,*,#6190,.T.);
#6192=EDGE_LOOP('',(#6181,#6186,#6191));
#6193=FACE_OUTER_BOUND('',#6192,.T.);
#6194=ADVANCED_FACE('',(#6193),#6176,.T.);
#6195=CARTESIAN_POINT('',(-14.000000,0.000000,-85.000000));
#6196=DIRECTION('',(0.000000,0.000000,-1.000000));
#6197=DIRECTION('',(1.000000,0.000000,0.000000));
#6198=AXIS2_PLACEMENT_3D('',#6195,#6196,#6197);
#6199=PLANE('',#6198);
#6200=DIRECTION('',(0.658505,-0.752577,0.000000));
#6201=VECTOR('',#6200,21.260292);
#6202=LINE('',#4443,#6201);
#6203=EDGE_CURVE('',#4444,#4364,#6202,.T.);
#6204=ORIENTED_EDGE('',*,*,#6203,.T.);
#6205=DIRECTION('',(-1.000000,0.000000,0.000000));
#6206=VECTOR('',#6205,28.000000);
#6207=LINE('',#4363,#6206);
#6208=EDGE_CURVE('',#4364,#4402,#6207,.T.);
#6209=ORIENTED_EDGE('',*,*,#6208,.T.);
#6210=DIRECTION('',(0.658505,0.752577,0.000000));
#6211=VECTOR('',#6210,21.260292);
#6212=LINE('',#4401,#6211);
#6213=EDGE_CURVE('',#4402,#4444,#6212,.T.);
#6214=ORIENTED_EDGE('',*,*,#6213,.T.);
#6215=EDGE_LOOP('',(#6204,#6209,#6214));
#6216=FACE_OUTER_BOUND('',#6215,.T.);
#6217=ADVANCED_FACE('',(#6216),#6199,.T.);
#6218=CARTESIAN_POINT('',(-14.000000,0.000000,1.000000));
#6219=DIRECTION('',(0.000000,0.000000,1.000000));
#6220=DIRECTION('',(1.000000,0.000000,0.000000));
#6221=AXIS2_PLACEMENT_3D('',#6218,#6219,#6220);
#6222=PLANE('',#6221);
#6223=DIRECTION('',(-0.658505,-0.752577,0.000000));
#6224=VECTOR('',#6223,21.260292);
#6225=LINE('',#4445,#6224);
#6226=EDGE_CURVE('',#4446,#4442,#6225,.T.);
#6227=ORIENTED_EDGE('',*,*,#6226,.T.);
#6228=DIRECTION('',(1.000000,0.000000,0.000000));
#6229=VECTOR('',#6228,28.000000);
#6230=LINE('',#4441,#6229);
#6231=EDGE_CURVE('',#4442,#4404,#6230,.T.);
#6232=ORIENTED_EDGE('',*,*,#6231,.T.);
#6233=DIRECTION('',(-0.658505,0.752577,0.000000));
#6234=VECTOR('',#6233,21.260292);
#6235=LINE('',#4403,#6234);
#6236=EDGE_CURVE('',#4404,#4446,#6235,.T.);
#6237=ORIENTED_EDGE('',*,*,#6236,.T.);
#6238=EDGE_LOOP('',(#6227,#6232,#6237));
#6239=FACE_OUTER_BOUND('',#6238,.T.);
#6240=ADVANCED_FACE('',(#6239),#6222,.T.);
#6241=CARTESIAN_POINT('',(-28.000000,-16.000000,-85.000000));
#6242=DIRECTION('',(0.000000,-1.000000,0.000000));
#6243=DIRECTION('',(1.000000,0.000000,0.000000));
#6244=AXIS2_PLACEMENT_3D('',#6241,#6242,#6243);
#6245=PLANE('',#6244);
#6246=DIRECTION('',(1.000000,0.000000,0.000000));
#6247=VECTOR('',#6246,28.000000);
#6248=LINE('',#4401,#6247);
#6249=EDGE_CURVE('',#4402,#4364,#6248,.T.);
#6250=ORIENTED_EDGE('',*,*,#6249,.T.);
#6251=DIRECTION('',(0.000000,0.000000,1.000000));
#6252=VECTOR('',#6251,86.000000);
#6253=LINE('',#4363,#6252);
#6254=EDGE_CURVE('',#4364,#4404,#6253,.T.);
#6255=ORIENTED_EDGE('',*,*,#6254,.T.);
#6256=DIRECTION('',(-0.309586,0.000000,-0.950871));
#6257=VECTOR('',#6256,90.443352);
#6258=LINE('',#4403,#6257);
#6259=EDGE_CURVE('',#4404,#4402,#6258,.T.);
#6260=ORIENTED_EDGE('',*,*,#6259,.T.);
#6261=EDGE_LOOP('',(#6250,#6255,#6260));
#6262=FACE_OUTER_BOUND('',#6261,.T.);
#6263=ADVANCED_FACE('',(#6262),#6245,.T.);
#6264=CARTESIAN_POINT('',(-28.000000,-16.000000,-85.000000));
#6265=DIRECTION('',(0.000000,-1.000000,0.000000));
#6266=DIRECTION('',(1.000000,0.000000,0.000000));
#6267=AXIS2_PLACEMENT_3D('',#6264,#6265,#6266);
#6268=PLANE('',#6267);
#6269=DIRECTION('',(0.309586,0.000000,0.950871));
#6270=VECTOR('',#6269,90.443352);
#6271=LINE('',#4401,#6270);
#6272=EDGE_CURVE('',#4402,#4404,#6271,.T.);
#6273=ORIENTED_EDGE('',*,*,#6272,.T.);
#6274=DIRECTION('',(-1.000000,0.000000,0.000000));
#6275=VECTOR('',#6274,28.000000);
#6276=LINE('',#4403,#6275);
#6277=EDGE_CURVE('',#4404,#4442,#6276,.T.);
#6278=ORIENTED_EDGE('',*,*,#6277,.T.);
#6279=DIRECTION('',(0.000000,0.000000,-1.000000));
#6280=VECTOR('',#6279,86.000000);
#6281=LINE('',#4441,#6280);
#6282=EDGE_CURVE('',#4442,#4402,#6281,.T.);
#6283=ORIENTED_EDGE('',*,*,#6282,.T.);
#6284=EDGE_LOOP('',(#6273,#6278,#6283));
#6285=FACE_OUTER_BOUND('',#6284,.T.);
#6286=ADVANCED_FACE('',(#6285),#6268,.T.);
#6287=CLOSED_SHELL('',(#4469,#4492,#4515,#4538,#4561,#4584,#4607,#4630,#4653,#4676,#4699,#4722,#4745,#4768,#4791,#4814,#4837,#4860,#4883,#4906,#4929,#4952,#4975,#4998,#5021,#5044,#5067,#5090,#5113,#5136,#5159,#5182,#5205,#5228,#5251,#5274,#5297,#5320,#5343,#5366,#5389,#5412,#5435,#5458,#5481,#5504,#5527,#5550,#5573,#5596,#5619,#5642,#5665,#5688,#5711,#5734,#5757,#5780,#5803,#5826,#5849,#5872,#5895,#5918,#5941,#5964,#5987,#6010,#6033,#6056,#6079,#6102,#6125,#6148,#6171,#6194,#6217,#6240,#6263,#6286));
#6288=FACETED_BREP('grip_body',#6287);
#6289=CARTESIAN_POINT('',(26.000000,-51.000000,8.000000));
#6290=VERTEX_POINT('',#6289);
#6291=CARTESIAN_POINT('',(26.000000,-33.000000,8.000000));
#6292=VERTEX_POINT('',#6291);
#6293=CARTESIAN_POINT('',(26.000000,-33.000000,15.000000));
#6294=VERTEX_POINT('',#6293);
#6295=CARTESIAN_POINT('',(26.000000,-51.000000,15.000000));
#6296=VERTEX_POINT('',#6295);
#6297=CARTESIAN_POINT('',(42.000000,-51.000000,8.000000));
#6298=VERTEX_POINT('',#6297);
#6299=CARTESIAN_POINT('',(42.000000,-33.000000,8.000000));
#6300=VERTEX_POINT('',#6299);
#6301=CARTESIAN_POINT('',(42.000000,-33.000000,15.000000));
#6302=VERTEX_POINT('',#6301);
#6303=CARTESIAN_POINT('',(42.000000,-51.000000,15.000000));
#6304=VERTEX_POINT('',#6303);
#6305=CARTESIAN_POINT('',(26.000000,-51.000000,15.000000));
#6306=DIRECTION('',(-1.000000,0.000000,0.000000));
#6307=DIRECTION('',(0.000000,1.000000,0.000000));
#6308=AXIS2_PLACEMENT_3D('',#6305,#6306,#6307);
#6309=PLANE('',#6308);
#6310=DIRECTION('',(0.000000,1.000000,0.000000));
#6311=VECTOR('',#6310,18.000000);
#6312=LINE('',#6295,#6311);
#6313=EDGE_CURVE('',#6296,#6294,#6312,.T.);
#6314=ORIENTED_EDGE('',*,*,#6313,.T.);
#6315=DIRECTION('',(0.000000,0.000000,-1.000000));
#6316=VECTOR('',#6315,7.000000);
#6317=LINE('',#6293,#6316);
#6318=EDGE_CURVE('',#6294,#6292,#6317,.T.);
#6319=ORIENTED_EDGE('',*,*,#6318,.T.);
#6320=DIRECTION('',(0.000000,-0.932005,0.362446));
#6321=VECTOR('',#6320,19.313208);
#6322=LINE('',#6291,#6321);
#6323=EDGE_CURVE('',#6292,#6296,#6322,.T.);
#6324=ORIENTED_EDGE('',*,*,#6323,.T.);
#6325=EDGE_LOOP('',(#6314,#6319,#6324));
#6326=FACE_OUTER_BOUND('',#6325,.T.);
#6327=ADVANCED_FACE('',(#6326),#6309,.T.);
#6328=CARTESIAN_POINT('',(26.000000,-51.000000,15.000000));
#6329=DIRECTION('',(-1.000000,0.000000,0.000000));
#6330=DIRECTION('',(0.000000,1.000000,0.000000));
#6331=AXIS2_PLACEMENT_3D('',#6328,#6329,#6330);
#6332=PLANE('',#6331);
#6333=DIRECTION('',(0.000000,0.932005,-0.362446));
#6334=VECTOR('',#6333,19.313208);
#6335=LINE('',#6295,#6334);
#6336=EDGE_CURVE('',#6296,#6292,#6335,.T.);
#6337=ORIENTED_EDGE('',*,*,#6336,.T.);
#6338=DIRECTION('',(0.000000,-1.000000,0.000000));
#6339=VECTOR('',#6338,18.000000);
#6340=LINE('',#6291,#6339);
#6341=EDGE_CURVE('',#6292,#6290,#6340,.T.);
#6342=ORIENTED_EDGE('',*,*,#6341,.T.);
#6343=DIRECTION('',(0.000000,0.000000,1.000000));
#6344=VECTOR('',#6343,7.000000);
#6345=LINE('',#6289,#6344);
#6346=EDGE_CURVE('',#6290,#6296,#6345,.T.);
#6347=ORIENTED_EDGE('',*,*,#6346,.T.);
#6348=EDGE_LOOP('',(#6337,#6342,#6347));
#6349=FACE_OUTER_BOUND('',#6348,.T.);
#6350=ADVANCED_FACE('',(#6349),#6332,.T.);
#6351=CARTESIAN_POINT('',(42.000000,-51.000000,8.000000));
#6352=DIRECTION('',(1.000000,0.000000,0.000000));
#6353=DIRECTION('',(0.000000,1.000000,0.000000));
#6354=AXIS2_PLACEMENT_3D('',#6351,#6352,#6353);
#6355=PLANE('',#6354);
#6356=DIRECTION('',(0.000000,1.000000,0.000000));
#6357=VECTOR('',#6356,18.000000);
#6358=LINE('',#6297,#6357);
#6359=EDGE_CURVE('',#6298,#6300,#6358,.T.);
#6360=ORIENTED_EDGE('',*,*,#6359,.T.);
#6361=DIRECTION('',(0.000000,0.000000,1.000000));
#6362=VECTOR('',#6361,7.000000);
#6363=LINE('',#6299,#6362);
#6364=EDGE_CURVE('',#6300,#6302,#6363,.T.);
#6365=ORIENTED_EDGE('',*,*,#6364,.T.);
#6366=DIRECTION('',(0.000000,-0.932005,-0.362446));
#6367=VECTOR('',#6366,19.313208);
#6368=LINE('',#6301,#6367);
#6369=EDGE_CURVE('',#6302,#6298,#6368,.T.);
#6370=ORIENTED_EDGE('',*,*,#6369,.T.);
#6371=EDGE_LOOP('',(#6360,#6365,#6370));
#6372=FACE_OUTER_BOUND('',#6371,.T.);
#6373=ADVANCED_FACE('',(#6372),#6355,.T.);
#6374=CARTESIAN_POINT('',(42.000000,-51.000000,8.000000));
#6375=DIRECTION('',(1.000000,0.000000,0.000000));
#6376=DIRECTION('',(0.000000,1.000000,0.000000));
#6377=AXIS2_PLACEMENT_3D('',#6374,#6375,#6376);
#6378=PLANE('',#6377);
#6379=DIRECTION('',(0.000000,0.932005,0.362446));
#6380=VECTOR('',#6379,19.313208);
#6381=LINE('',#6297,#6380);
#6382=EDGE_CURVE('',#6298,#6302,#6381,.T.);
#6383=ORIENTED_EDGE('',*,*,#6382,.T.);
#6384=DIRECTION('',(0.000000,-1.000000,0.000000));
#6385=VECTOR('',#6384,18.000000);
#6386=LINE('',#6301,#6385);
#6387=EDGE_CURVE('',#6302,#6304,#6386,.T.);
#6388=ORIENTED_EDGE('',*,*,#6387,.T.);
#6389=DIRECTION('',(0.000000,0.000000,-1.000000));
#6390=VECTOR('',#6389,7.000000);
#6391=LINE('',#6303,#6390);
#6392=EDGE_CURVE('',#6304,#6298,#6391,.T.);
#6393=ORIENTED_EDGE('',*,*,#6392,.T.);
#6394=EDGE_LOOP('',(#6383,#6388,#6393));
#6395=FACE_OUTER_BOUND('',#6394,.T.);
#6396=ADVANCED_FACE('',(#6395),#6378,.T.);
#6397=CARTESIAN_POINT('',(42.000000,-51.000000,8.000000));
#6398=DIRECTION('',(0.000000,-1.000000,0.000000));
#6399=DIRECTION('',(1.000000,0.000000,0.000000));
#6400=AXIS2_PLACEMENT_3D('',#6397,#6398,#6399);
#6401=PLANE('',#6400);
#6402=DIRECTION('',(0.000000,0.000000,1.000000));
#6403=VECTOR('',#6402,7.000000);
#6404=LINE('',#6297,#6403);
#6405=EDGE_CURVE('',#6298,#6304,#6404,.T.);
#6406=ORIENTED_EDGE('',*,*,#6405,.T.);
#6407=DIRECTION('',(-1.000000,0.000000,0.000000));
#6408=VECTOR('',#6407,16.000000);
#6409=LINE('',#6303,#6408);
#6410=EDGE_CURVE('',#6304,#6296,#6409,.T.);
#6411=ORIENTED_EDGE('',*,*,#6410,.T.);
#6412=DIRECTION('',(0.916157,0.000000,-0.400819));
#6413=VECTOR('',#6412,17.464249);
#6414=LINE('',#6295,#6413);
#6415=EDGE_CURVE('',#6296,#6298,#6414,.T.);
#6416=ORIENTED_EDGE('',*,*,#6415,.T.);
#6417=EDGE_LOOP('',(#6406,#6411,#6416));
#6418=FACE_OUTER_BOUND('',#6417,.T.);
#6419=ADVANCED_FACE('',(#6418),#6401,.T.);
#6420=CARTESIAN_POINT('',(42.000000,-51.000000,8.000000));
#6421=DIRECTION('',(0.000000,-1.000000,0.000000));
#6422=DIRECTION('',(1.000000,0.000000,0.000000));
#6423=AXIS2_PLACEMENT_3D('',#6420,#6421,#6422);
#6424=PLANE('',#6423);
#6425=DIRECTION('',(-0.916157,0.000000,0.400819));
#6426=VECTOR('',#6425,17.464249);
#6427=LINE('',#6297,#6426);
#6428=EDGE_CURVE('',#6298,#6296,#6427,.T.);
#6429=ORIENTED_EDGE('',*,*,#6428,.T.);
#6430=DIRECTION('',(0.000000,0.000000,-1.000000));
#6431=VECTOR('',#6430,7.000000);
#6432=LINE('',#6295,#6431);
#6433=EDGE_CURVE('',#6296,#6290,#6432,.T.);
#6434=ORIENTED_EDGE('',*,*,#6433,.T.);
#6435=DIRECTION('',(1.000000,0.000000,0.000000));
#6436=VECTOR('',#6435,16.000000);
#6437=LINE('',#6289,#6436);
#6438=EDGE_CURVE('',#6290,#6298,#6437,.T.);
#6439=ORIENTED_EDGE('',*,*,#6438,.T.);
#6440=EDGE_LOOP('',(#6429,#6434,#6439));
#6441=FACE_OUTER_BOUND('',#6440,.T.);
#6442=ADVANCED_FACE('',(#6441),#6424,.T.);
#6443=CARTESIAN_POINT('',(26.000000,-33.000000,8.000000));
#6444=DIRECTION('',(0.000000,1.000000,0.000000));
#6445=DIRECTION('',(1.000000,0.000000,0.000000));
#6446=AXIS2_PLACEMENT_3D('',#6443,#6444,#6445);
#6447=PLANE('',#6446);
#6448=DIRECTION('',(0.000000,0.000000,1.000000));
#6449=VECTOR('',#6448,7.000000);
#6450=LINE('',#6291,#6449);
#6451=EDGE_CURVE('',#6292,#6294,#6450,.T.);
#6452=ORIENTED_EDGE('',*,*,#6451,.T.);
#6453=DIRECTION('',(1.000000,0.000000,0.000000));
#6454=VECTOR('',#6453,16.000000);
#6455=LINE('',#6293,#6454);
#6456=EDGE_CURVE('',#6294,#6302,#6455,.T.);
#6457=ORIENTED_EDGE('',*,*,#6456,.T.);
#6458=DIRECTION('',(-0.916157,0.000000,-0.400819));
#6459=VECTOR('',#6458,17.464249);
#6460=LINE('',#6301,#6459);
#6461=EDGE_CURVE('',#6302,#6292,#6460,.T.);
#6462=ORIENTED_EDGE('',*,*,#6461,.T.);
#6463=EDGE_LOOP('',(#6452,#6457,#6462));
#6464=FACE_OUTER_BOUND('',#6463,.T.);
#6465=ADVANCED_FACE('',(#6464),#6447,.T.);
#6466=CARTESIAN_POINT('',(26.000000,-33.000000,8.000000));
#6467=DIRECTION('',(0.000000,1.000000,0.000000));
#6468=DIRECTION('',(1.000000,0.000000,0.000000));
#6469=AXIS2_PLACEMENT_3D('',#6466,#6467,#6468);
#6470=PLANE('',#6469);
#6471=DIRECTION('',(0.916157,0.000000,0.400819));
#6472=VECTOR('',#6471,17.464249);
#6473=LINE('',#6291,#6472);
#6474=EDGE_CURVE('',#6292,#6302,#6473,.T.);
#6475=ORIENTED_EDGE('',*,*,#6474,.T.);
#6476=DIRECTION('',(0.000000,0.000000,-1.000000));
#6477=VECTOR('',#6476,7.000000);
#6478=LINE('',#6301,#6477);
#6479=EDGE_CURVE('',#6302,#6300,#6478,.T.);
#6480=ORIENTED_EDGE('',*,*,#6479,.T.);
#6481=DIRECTION('',(-1.000000,0.000000,0.000000));
#6482=VECTOR('',#6481,16.000000);
#6483=LINE('',#6299,#6482);
#6484=EDGE_CURVE('',#6300,#6292,#6483,.T.);
#6485=ORIENTED_EDGE('',*,*,#6484,.T.);
#6486=EDGE_LOOP('',(#6475,#6480,#6485));
#6487=FACE_OUTER_BOUND('',#6486,.T.);
#6488=ADVANCED_FACE('',(#6487),#6470,.T.);
#6489=CARTESIAN_POINT('',(26.000000,-33.000000,8.000000));
#6490=DIRECTION('',(0.000000,0.000000,-1.000000));
#6491=DIRECTION('',(1.000000,0.000000,0.000000));
#6492=AXIS2_PLACEMENT_3D('',#6489,#6490,#6491);
#6493=PLANE('',#6492);
#6494=DIRECTION('',(1.000000,0.000000,0.000000));
#6495=VECTOR('',#6494,16.000000);
#6496=LINE('',#6291,#6495);
#6497=EDGE_CURVE('',#6292,#6300,#6496,.T.);
#6498=ORIENTED_EDGE('',*,*,#6497,.T.);
#6499=DIRECTION('',(0.000000,-1.000000,0.000000));
#6500=VECTOR('',#6499,18.000000);
#6501=LINE('',#6299,#6500);
#6502=EDGE_CURVE('',#6300,#6298,#6501,.T.);
#6503=ORIENTED_EDGE('',*,*,#6502,.T.);
#6504=DIRECTION('',(-0.664364,0.747409,0.000000));
#6505=VECTOR('',#6504,24.083189);
#6506=LINE('',#6297,#6505);
#6507=EDGE_CURVE('',#6298,#6292,#6506,.T.);
#6508=ORIENTED_EDGE('',*,*,#6507,.T.);
#6509=EDGE_LOOP('',(#6498,#6503,#6508));
#6510=FACE_OUTER_BOUND('',#6509,.T.);
#6511=ADVANCED_FACE('',(#6510),#6493,.T.);
#6512=CARTESIAN_POINT('',(26.000000,-33.000000,8.000000));
#6513=DIRECTION('',(0.000000,0.000000,-1.000000));
#6514=DIRECTION('',(1.000000,0.000000,0.000000));
#6515=AXIS2_PLACEMENT_3D('',#6512,#6513,#6514);
#6516=PLANE('',#6515);
#6517=DIRECTION('',(0.664364,-0.747409,0.000000));
#6518=VECTOR('',#6517,24.083189);
#6519=LINE('',#6291,#6518);
#6520=EDGE_CURVE('',#6292,#6298,#6519,.T.);
#6521=ORIENTED_EDGE('',*,*,#6520,.T.);
#6522=DIRECTION('',(-1.000000,0.000000,0.000000));
#6523=VECTOR('',#6522,16.000000);
#6524=LINE('',#6297,#6523);
#6525=EDGE_CURVE('',#6298,#6290,#6524,.T.);
#6526=ORIENTED_EDGE('',*,*,#6525,.T.);
#6527=DIRECTION('',(0.000000,1.000000,0.000000));
#6528=VECTOR('',#6527,18.000000);
#6529=LINE('',#6289,#6528);
#6530=EDGE_CURVE('',#6290,#6292,#6529,.T.);
#6531=ORIENTED_EDGE('',*,*,#6530,.T.);
#6532=EDGE_LOOP('',(#6521,#6526,#6531));
#6533=FACE_OUTER_BOUND('',#6532,.T.);
#6534=ADVANCED_FACE('',(#6533),#6516,.T.);
#6535=CARTESIAN_POINT('',(26.000000,-51.000000,15.000000));
#6536=DIRECTION('',(0.000000,0.000000,1.000000));
#6537=DIRECTION('',(1.000000,0.000000,0.000000));
#6538=AXIS2_PLACEMENT_3D('',#6535,#6536,#6537);
#6539=PLANE('',#6538);
#6540=DIRECTION('',(1.000000,0.000000,0.000000));
#6541=VECTOR('',#6540,16.000000);
#6542=LINE('',#6295,#6541);
#6543=EDGE_CURVE('',#6296,#6304,#6542,.T.);
#6544=ORIENTED_EDGE('',*,*,#6543,.T.);
#6545=DIRECTION('',(0.000000,1.000000,0.000000));
#6546=VECTOR('',#6545,18.000000);
#6547=LINE('',#6303,#6546);
#6548=EDGE_CURVE('',#6304,#6302,#6547,.T.);
#6549=ORIENTED_EDGE('',*,*,#6548,.T.);
#6550=DIRECTION('',(-0.664364,-0.747409,0.000000));
#6551=VECTOR('',#6550,24.083189);
#6552=LINE('',#6301,#6551);
#6553=EDGE_CURVE('',#6302,#6296,#6552,.T.);
#6554=ORIENTED_EDGE('',*,*,#6553,.T.);
#6555=EDGE_LOOP('',(#6544,#6549,#6554));
#6556=FACE_OUTER_BOUND('',#6555,.T.);
#6557=ADVANCED_FACE('',(#6556),#6539,.T.);
#6558=CARTESIAN_POINT('',(26.000000,-51.000000,15.000000));
#6559=DIRECTION('',(0.000000,0.000000,1.000000));
#6560=DIRECTION('',(1.000000,0.000000,0.000000));
#6561=AXIS2_PLACEMENT_3D('',#6558,#6559,#6560);
#6562=PLANE('',#6561);
#6563=DIRECTION('',(0.664364,0.747409,0.000000));
#6564=VECTOR('',#6563,24.083189);
#6565=LINE('',#6295,#6564);
#6566=EDGE_CURVE('',#6296,#6302,#6565,.T.);
#6567=ORIENTED_EDGE('',*,*,#6566,.T.);
#6568=DIRECTION('',(-1.000000,0.000000,0.000000));
#6569=VECTOR('',#6568,16.000000);
#6570=LINE('',#6301,#6569);
#6571=EDGE_CURVE('',#6302,#6294,#6570,.T.);
#6572=ORIENTED_EDGE('',*,*,#6571,.T.);
#6573=DIRECTION('',(0.000000,-1.000000,0.000000));
#6574=VECTOR('',#6573,18.000000);
#6575=LINE('',#6293,#6574);
#6576=EDGE_CURVE('',#6294,#6296,#6575,.T.);
#6577=ORIENTED_EDGE('',*,*,#6576,.T.);
#6578=EDGE_LOOP('',(#6567,#6572,#6577));
#6579=FACE_OUTER_BOUND('',#6578,.T.);
#6580=ADVANCED_FACE('',(#6579),#6562,.T.);
#6581=CLOSED_SHELL('',(#6327,#6350,#6373,#6396,#6419,#6442,#6465,#6488,#6511,#6534,#6557,#6580));
#6582=FACETED_BREP('imu_mount',#6581);
#6583=CARTESIAN_POINT('',(-55.500000,-43.800000,10.000000));
#6584=VERTEX_POINT('',#6583);
#6585=CARTESIAN_POINT('',(-55.500000,43.800000,10.000000));
#6586=VERTEX_POINT('',#6585);
#6587=CARTESIAN_POINT('',(-55.500000,43.800000,169.600000));
#6588=VERTEX_POINT('',#6587);
#6589=CARTESIAN_POINT('',(-55.500000,-43.800000,169.600000));
#6590=VERTEX_POINT('',#6589);
#6591=CARTESIAN_POINT('',(-52.500000,-43.800000,10.000000));
#6592=VERTEX_POINT('',#6591);
#6593=CARTESIAN_POINT('',(-52.500000,43.800000,10.000000));
#6594=VERTEX_POINT('',#6593);
#6595=CARTESIAN_POINT('',(-52.500000,43.800000,169.600000));
#6596=VERTEX_POINT('',#6595);
#6597=CARTESIAN_POINT('',(-52.500000,-43.800000,169.600000));
#6598=VERTEX_POINT('',#6597);
#6599=CARTESIAN_POINT('',(-55.500000,-43.800000,169.600000));
#6600=DIRECTION('',(-1.000000,0.000000,0.000000));
#6601=DIRECTION('',(0.000000,1.000000,0.000000));
#6602=AXIS2_PLACEMENT_3D('',#6599,#6600,#6601);
#6603=PLANE('',#6602);
#6604=DIRECTION('',(0.000000,1.000000,0.000000));
#6605=VECTOR('',#6604,87.600000);
#6606=LINE('',#6589,#6605);
#6607=EDGE_CURVE('',#6590,#6588,#6606,.T.);
#6608=ORIENTED_EDGE('',*,*,#6607,.T.);
#6609=DIRECTION('',(0.000000,0.000000,-1.000000));
#6610=VECTOR('',#6609,159.600000);
#6611=LINE('',#6587,#6610);
#6612=EDGE_CURVE('',#6588,#6586,#6611,.T.);
#6613=ORIENTED_EDGE('',*,*,#6612,.T.);
#6614=DIRECTION('',(0.000000,-0.481160,0.876633));
#6615=VECTOR('',#6614,182.060210);
#6616=LINE('',#6585,#6615);
#6617=EDGE_CURVE('',#6586,#6590,#6616,.T.);
#6618=ORIENTED_EDGE('',*,*,#6617,.T.);
#6619=EDGE_LOOP('',(#6608,#6613,#6618));
#6620=FACE_OUTER_BOUND('',#6619,.T.);
#6621=ADVANCED_FACE('',(#6620),#6603,.T.);
#6622=CARTESIAN_POINT('',(-55.500000,-43.800000,169.600000));
#6623=DIRECTION('',(-1.000000,0.000000,0.000000));
#6624=DIRECTION('',(0.000000,1.000000,0.000000));
#6625=AXIS2_PLACEMENT_3D('',#6622,#6623,#6624);
#6626=PLANE('',#6625);
#6627=DIRECTION('',(0.000000,0.481160,-0.876633));
#6628=VECTOR('',#6627,182.060210);
#6629=LINE('',#6589,#6628);
#6630=EDGE_CURVE('',#6590,#6586,#6629,.T.);
#6631=ORIENTED_EDGE('',*,*,#6630,.T.);
#6632=DIRECTION('',(0.000000,-1.000000,0.000000));
#6633=VECTOR('',#6632,87.600000);
#6634=LINE('',#6585,#6633);
#6635=EDGE_CURVE('',#6586,#6584,#6634,.T.);
#6636=ORIENTED_EDGE('',*,*,#6635,.T.);
#6637=DIRECTION('',(0.000000,0.000000,1.000000));
#6638=VECTOR('',#6637,159.600000);
#6639=LINE('',#6583,#6638);
#6640=EDGE_CURVE('',#6584,#6590,#6639,.T.);
#6641=ORIENTED_EDGE('',*,*,#6640,.T.);
#6642=EDGE_LOOP('',(#6631,#6636,#6641));
#6643=FACE_OUTER_BOUND('',#6642,.T.);
#6644=ADVANCED_FACE('',(#6643),#6626,.T.);
#6645=CARTESIAN_POINT('',(-52.500000,-43.800000,10.000000));
#6646=DIRECTION('',(1.000000,0.000000,0.000000));
#6647=DIRECTION('',(0.000000,1.000000,0.000000));
#6648=AXIS2_PLACEMENT_3D('',#6645,#6646,#6647);
#6649=PLANE('',#6648);
#6650=DIRECTION('',(0.000000,1.000000,0.000000));
#6651=VECTOR('',#6650,87.600000);
#6652=LINE('',#6591,#6651);
#6653=EDGE_CURVE('',#6592,#6594,#6652,.T.);
#6654=ORIENTED_EDGE('',*,*,#6653,.T.);
#6655=DIRECTION('',(0.000000,0.000000,1.000000));
#6656=VECTOR('',#6655,159.600000);
#6657=LINE('',#6593,#6656);
#6658=EDGE_CURVE('',#6594,#6596,#6657,.T.);
#6659=ORIENTED_EDGE('',*,*,#6658,.T.);
#6660=DIRECTION('',(0.000000,-0.481160,-0.876633));
#6661=VECTOR('',#6660,182.060210);
#6662=LINE('',#6595,#6661);
#6663=EDGE_CURVE('',#6596,#6592,#6662,.T.);
#6664=ORIENTED_EDGE('',*,*,#6663,.T.);
#6665=EDGE_LOOP('',(#6654,#6659,#6664));
#6666=FACE_OUTER_BOUND('',#6665,.T.);
#6667=ADVANCED_FACE('',(#6666),#6649,.T.);
#6668=CARTESIAN_POINT('',(-52.500000,-43.800000,10.000000));
#6669=DIRECTION('',(1.000000,0.000000,0.000000));
#6670=DIRECTION('',(0.000000,1.000000,0.000000));
#6671=AXIS2_PLACEMENT_3D('',#6668,#6669,#6670);
#6672=PLANE('',#6671);
#6673=DIRECTION('',(0.000000,0.481160,0.876633));
#6674=VECTOR('',#6673,182.060210);
#6675=LINE('',#6591,#6674);
#6676=EDGE_CURVE('',#6592,#6596,#6675,.T.);
#6677=ORIENTED_EDGE('',*,*,#6676,.T.);
#6678=DIRECTION('',(0.000000,-1.000000,0.000000));
#6679=VECTOR('',#6678,87.600000);
#6680=LINE('',#6595,#6679);
#6681=EDGE_CURVE('',#6596,#6598,#6680,.T.);
#6682=ORIENTED_EDGE('',*,*,#6681,.T.);
#6683=DIRECTION('',(0.000000,0.000000,-1.000000));
#6684=VECTOR('',#6683,159.600000);
#6685=LINE('',#6597,#6684);
#6686=EDGE_CURVE('',#6598,#6592,#6685,.T.);
#6687=ORIENTED_EDGE('',*,*,#6686,.T.);
#6688=EDGE_LOOP('',(#6677,#6682,#6687));
#6689=FACE_OUTER_BOUND('',#6688,.T.);
#6690=ADVANCED_FACE('',(#6689),#6672,.T.);
#6691=CARTESIAN_POINT('',(-52.500000,-43.800000,10.000000));
#6692=DIRECTION('',(0.000000,-1.000000,0.000000));
#6693=DIRECTION('',(1.000000,0.000000,0.000000));
#6694=AXIS2_PLACEMENT_3D('',#6691,#6692,#6693);
#6695=PLANE('',#6694);
#6696=DIRECTION('',(0.000000,0.000000,1.000000));
#6697=VECTOR('',#6696,159.600000);
#6698=LINE('',#6591,#6697);
#6699=EDGE_CURVE('',#6592,#6598,#6698,.T.);
#6700=ORIENTED_EDGE('',*,*,#6699,.T.);
#6701=DIRECTION('',(-1.000000,0.000000,0.000000));
#6702=VECTOR('',#6701,3.000000);
#6703=LINE('',#6597,#6702);
#6704=EDGE_CURVE('',#6598,#6590,#6703,.T.);
#6705=ORIENTED_EDGE('',*,*,#6704,.T.);
#6706=DIRECTION('',(0.018794,0.000000,-0.999823));
#6707=VECTOR('',#6706,159.628193);
#6708=LINE('',#6589,#6707);
#6709=EDGE_CURVE('',#6590,#6592,#6708,.T.);
#6710=ORIENTED_EDGE('',*,*,#6709,.T.);
#6711=EDGE_LOOP('',(#6700,#6705,#6710));
#6712=FACE_OUTER_BOUND('',#6711,.T.);
#6713=ADVANCED_FACE('',(#6712),#6695,.T.);
#6714=CARTESIAN_POINT('',(-52.500000,-43.800000,10.000000));
#6715=DIRECTION('',(0.000000,-1.000000,0.000000));
#6716=DIRECTION('',(1.000000,0.000000,0.000000));
#6717=AXIS2_PLACEMENT_3D('',#6714,#6715,#6716);
#6718=PLANE('',#6717);
#6719=DIRECTION('',(-0.018794,0.000000,0.999823));
#6720=VECTOR('',#6719,159.628193);
#6721=LINE('',#6591,#6720);
#6722=EDGE_CURVE('',#6592,#6590,#6721,.T.);
#6723=ORIENTED_EDGE('',*,*,#6722,.T.);
#6724=DIRECTION('',(0.000000,0.000000,-1.000000));
#6725=VECTOR('',#6724,159.600000);
#6726=LINE('',#6589,#6725);
#6727=EDGE_CURVE('',#6590,#6584,#6726,.T.);
#6728=ORIENTED_EDGE('',*,*,#6727,.T.);
#6729=DIRECTION('',(1.000000,0.000000,0.000000));
#6730=VECTOR('',#6729,3.000000);
#6731=LINE('',#6583,#6730);
#6732=EDGE_CURVE('',#6584,#6592,#6731,.T.);
#6733=ORIENTED_EDGE('',*,*,#6732,.T.);
#6734=EDGE_LOOP('',(#6723,#6728,#6733));
#6735=FACE_OUTER_BOUND('',#6734,.T.);
#6736=ADVANCED_FACE('',(#6735),#6718,.T.);
#6737=CARTESIAN_POINT('',(-55.500000,43.800000,10.000000));
#6738=DIRECTION('',(0.000000,1.000000,0.000000));
#6739=DIRECTION('',(1.000000,0.000000,0.000000));
#6740=AXIS2_PLACEMENT_3D('',#6737,#6738,#6739);
#6741=PLANE('',#6740);
#6742=DIRECTION('',(0.000000,0.000000,1.000000));
#6743=VECTOR('',#6742,159.600000);
#6744=LINE('',#6585,#6743);
#6745=EDGE_CURVE('',#6586,#6588,#6744,.T.);
#6746=ORIENTED_EDGE('',*,*,#6745,.T.);
#6747=DIRECTION('',(1.000000,0.000000,0.000000));
#6748=VECTOR('',#6747,3.000000);
#6749=LINE('',#6587,#6748);
#6750=EDGE_CURVE('',#6588,#6596,#6749,.T.);
#6751=ORIENTED_EDGE('',*,*,#6750,.T.);
#6752=DIRECTION('',(-0.018794,0.000000,-0.999823));
#6753=VECTOR('',#6752,159.628193);
#6754=LINE('',#6595,#6753);
#6755=EDGE_CURVE('',#6596,#6586,#6754,.T.);
#6756=ORIENTED_EDGE('',*,*,#6755,.T.);
#6757=EDGE_LOOP('',(#6746,#6751,#6756));
#6758=FACE_OUTER_BOUND('',#6757,.T.);
#6759=ADVANCED_FACE('',(#6758),#6741,.T.);
#6760=CARTESIAN_POINT('',(-55.500000,43.800000,10.000000));
#6761=DIRECTION('',(0.000000,1.000000,0.000000));
#6762=DIRECTION('',(1.000000,0.000000,0.000000));
#6763=AXIS2_PLACEMENT_3D('',#6760,#6761,#6762);
#6764=PLANE('',#6763);
#6765=DIRECTION('',(0.018794,0.000000,0.999823));
#6766=VECTOR('',#6765,159.628193);
#6767=LINE('',#6585,#6766);
#6768=EDGE_CURVE('',#6586,#6596,#6767,.T.);
#6769=ORIENTED_EDGE('',*,*,#6768,.T.);
#6770=DIRECTION('',(0.000000,0.000000,-1.000000));
#6771=VECTOR('',#6770,159.600000);
#6772=LINE('',#6595,#6771);
#6773=EDGE_CURVE('',#6596,#6594,#6772,.T.);
#6774=ORIENTED_EDGE('',*,*,#6773,.T.);
#6775=DIRECTION('',(-1.000000,0.000000,0.000000));
#6776=VECTOR('',#6775,3.000000);
#6777=LINE('',#6593,#6776);
#6778=EDGE_CURVE('',#6594,#6586,#6777,.T.);
#6779=ORIENTED_EDGE('',*,*,#6778,.T.);
#6780=EDGE_LOOP('',(#6769,#6774,#6779));
#6781=FACE_OUTER_BOUND('',#6780,.T.);
#6782=ADVANCED_FACE('',(#6781),#6764,.T.);
#6783=CARTESIAN_POINT('',(-55.500000,43.800000,10.000000));
#6784=DIRECTION('',(0.000000,0.000000,-1.000000));
#6785=DIRECTION('',(1.000000,0.000000,0.000000));
#6786=AXIS2_PLACEMENT_3D('',#6783,#6784,#6785);
#6787=PLANE('',#6786);
#6788=DIRECTION('',(1.000000,0.000000,0.000000));
#6789=VECTOR('',#6788,3.000000);
#6790=LINE('',#6585,#6789);
#6791=EDGE_CURVE('',#6586,#6594,#6790,.T.);
#6792=ORIENTED_EDGE('',*,*,#6791,.T.);
#6793=DIRECTION('',(0.000000,-1.000000,0.000000));
#6794=VECTOR('',#6793,87.600000);
#6795=LINE('',#6593,#6794);
#6796=EDGE_CURVE('',#6594,#6592,#6795,.T.);
#6797=ORIENTED_EDGE('',*,*,#6796,.T.);
#6798=DIRECTION('',(-0.034227,0.999414,0.000000));
#6799=VECTOR('',#6798,87.651355);
#6800=LINE('',#6591,#6799);
#6801=EDGE_CURVE('',#6592,#6586,#6800,.T.);
#6802=ORIENTED_EDGE('',*,*,#6801,.T.);
#6803=EDGE_LOOP('',(#6792,#6797,#6802));
#6804=FACE_OUTER_BOUND('',#6803,.T.);
#6805=ADVANCED_FACE('',(#6804),#6787,.T.);
#6806=CARTESIAN_POINT('',(-55.500000,43.800000,10.000000));
#6807=DIRECTION('',(0.000000,0.000000,-1.000000));
#6808=DIRECTION('',(1.000000,0.000000,0.000000));
#6809=AXIS2_PLACEMENT_3D('',#6806,#6807,#6808);
#6810=PLANE('',#6809);
#6811=DIRECTION('',(0.034227,-0.999414,0.000000));
#6812=VECTOR('',#6811,87.651355);
#6813=LINE('',#6585,#6812);
#6814=EDGE_CURVE('',#6586,#6592,#6813,.T.);
#6815=ORIENTED_EDGE('',*,*,#6814,.T.);
#6816=DIRECTION('',(-1.000000,0.000000,0.000000));
#6817=VECTOR('',#6816,3.000000);
#6818=LINE('',#6591,#6817);
#6819=EDGE_CURVE('',#6592,#6584,#6818,.T.);
#6820=ORIENTED_EDGE('',*,*,#6819,.T.);
#6821=DIRECTION('',(0.000000,1.000000,0.000000));
#6822=VECTOR('',#6821,87.600000);
#6823=LINE('',#6583,#6822);
#6824=EDGE_CURVE('',#6584,#6586,#6823,.T.);
#6825=ORIENTED_EDGE('',*,*,#6824,.T.);
#6826=EDGE_LOOP('',(#6815,#6820,#6825));
#6827=FACE_OUTER_BOUND('',#6826,.T.);
#6828=ADVANCED_FACE('',(#6827),#6810,.T.);
#6829=CARTESIAN_POINT('',(-55.500000,-43.800000,169.600000));
#6830=DIRECTION('',(0.000000,0.000000,1.000000));
#6831=DIRECTION('',(1.000000,0.000000,0.000000));
#6832=AXIS2_PLACEMENT_3D('',#6829,#6830,#6831);
#6833=PLANE('',#6832);
#6834=DIRECTION('',(1.000000,0.000000,0.000000));
#6835=VECTOR('',#6834,3.000000);
#6836=LINE('',#6589,#6835);
#6837=EDGE_CURVE('',#6590,#6598,#6836,.T.);
#6838=ORIENTED_EDGE('',*,*,#6837,.T.);
#6839=DIRECTION('',(0.000000,1.000000,0.000000));
#6840=VECTOR('',#6839,87.600000);
#6841=LINE('',#6597,#6840);
#6842=EDGE_CURVE('',#6598,#6596,#6841,.T.);
#6843=ORIENTED_EDGE('',*,*,#6842,.T.);
#6844=DIRECTION('',(-0.034227,-0.999414,0.000000));
#6845=VECTOR('',#6844,87.651355);
#6846=LINE('',#6595,#6845);
#6847=EDGE_CURVE('',#6596,#6590,#6846,.T.);
#6848=ORIENTED_EDGE('',*,*,#6847,.T.);
#6849=EDGE_LOOP('',(#6838,#6843,#6848));
#6850=FACE_OUTER_BOUND('',#6849,.T.);
#6851=ADVANCED_FACE('',(#6850),#6833,.T.);
#6852=CARTESIAN_POINT('',(-55.500000,-43.800000,169.600000));
#6853=DIRECTION('',(0.000000,0.000000,1.000000));
#6854=DIRECTION('',(1.000000,0.000000,0.000000));
#6855=AXIS2_PLACEMENT_3D('',#6852,#6853,#6854);
#6856=PLANE('',#6855);
#6857=DIRECTION('',(0.034227,0.999414,0.000000));
#6858=VECTOR('',#6857,87.651355);
#6859=LINE('',#6589,#6858);
#6860=EDGE_CURVE('',#6590,#6596,#6859,.T.);
#6861=ORIENTED_EDGE('',*,*,#6860,.T.);
#6862=DIRECTION('',(-1.000000,0.000000,0.000000));
#6863=VECTOR('',#6862,3.000000);
#6864=LINE('',#6595,#6863);
#6865=EDGE_CURVE('',#6596,#6588,#6864,.T.);
#6866=ORIENTED_EDGE('',*,*,#6865,.T.);
#6867=DIRECTION('',(0.000000,-1.000000,0.000000));
#6868=VECTOR('',#6867,87.600000);
#6869=LINE('',#6587,#6868);
#6870=EDGE_CURVE('',#6588,#6590,#6869,.T.);
#6871=ORIENTED_EDGE('',*,*,#6870,.T.);
#6872=EDGE_LOOP('',(#6861,#6866,#6871));
#6873=FACE_OUTER_BOUND('',#6872,.T.);
#6874=ADVANCED_FACE('',(#6873),#6856,.T.);
#6875=CLOSED_SHELL('',(#6621,#6644,#6667,#6690,#6713,#6736,#6759,#6782,#6805,#6828,#6851,#6874));
#6876=FACETED_BREP('iphone_adapter',#6875);
#6877=CARTESIAN_POINT('',(-40.200000,33.800000,26.000000));
#6878=VERTEX_POINT('',#6877);
#6879=CARTESIAN_POINT('',(-40.200000,35.800000,26.000000));
#6880=VERTEX_POINT('',#6879);
#6881=CARTESIAN_POINT('',(-40.200000,35.800000,153.600000));
#6882=VERTEX_POINT('',#6881);
#6883=CARTESIAN_POINT('',(-40.200000,33.800000,153.600000));
#6884=VERTEX_POINT('',#6883);
#6885=CARTESIAN_POINT('',(-38.200000,33.800000,26.000000));
#6886=VERTEX_POINT('',#6885);
#6887=CARTESIAN_POINT('',(-38.200000,35.800000,26.000000));
#6888=VERTEX_POINT('',#6887);
#6889=CARTESIAN_POINT('',(-38.200000,35.800000,153.600000));
#6890=VERTEX_POINT('',#6889);
#6891=CARTESIAN_POINT('',(-38.200000,33.800000,153.600000));
#6892=VERTEX_POINT('',#6891);
#6893=CARTESIAN_POINT('',(-40.200000,33.800000,153.600000));
#6894=DIRECTION('',(-1.000000,0.000000,0.000000));
#6895=DIRECTION('',(0.000000,1.000000,0.000000));
#6896=AXIS2_PLACEMENT_3D('',#6893,#6894,#6895);
#6897=PLANE('',#6896);
#6898=DIRECTION('',(0.000000,1.000000,0.000000));
#6899=VECTOR('',#6898,2.000000);
#6900=LINE('',#6883,#6899);
#6901=EDGE_CURVE('',#6884,#6882,#6900,.T.);
#6902=ORIENTED_EDGE('',*,*,#6901,.T.);
#6903=DIRECTION('',(0.000000,0.000000,-1.000000));
#6904=VECTOR('',#6903,127.600000);
#6905=LINE('',#6881,#6904);
#6906=EDGE_CURVE('',#6882,#6880,#6905,.T.);
#6907=ORIENTED_EDGE('',*,*,#6906,.T.);
#6908=DIRECTION('',(0.000000,-0.015672,0.999877));
#6909=VECTOR('',#6908,127.615673);
#6910=LINE('',#6879,#6909);
#6911=EDGE_CURVE('',#6880,#6884,#6910,.T.);
#6912=ORIENTED_EDGE('',*,*,#6911,.T.);
#6913=EDGE_LOOP('',(#6902,#6907,#6912));
#6914=FACE_OUTER_BOUND('',#6913,.T.);
#6915=ADVANCED_FACE('',(#6914),#6897,.T.);
#6916=CARTESIAN_POINT('',(-40.200000,33.800000,153.600000));
#6917=DIRECTION('',(-1.000000,0.000000,0.000000));
#6918=DIRECTION('',(0.000000,1.000000,0.000000));
#6919=AXIS2_PLACEMENT_3D('',#6916,#6917,#6918);
#6920=PLANE('',#6919);
#6921=DIRECTION('',(0.000000,0.015672,-0.999877));
#6922=VECTOR('',#6921,127.615673);
#6923=LINE('',#6883,#6922);
#6924=EDGE_CURVE('',#6884,#6880,#6923,.T.);
#6925=ORIENTED_EDGE('',*,*,#6924,.T.);
#6926=DIRECTION('',(0.000000,-1.000000,0.000000));
#6927=VECTOR('',#6926,2.000000);
#6928=LINE('',#6879,#6927);
#6929=EDGE_CURVE('',#6880,#6878,#6928,.T.);
#6930=ORIENTED_EDGE('',*,*,#6929,.T.);
#6931=DIRECTION('',(0.000000,0.000000,1.000000));
#6932=VECTOR('',#6931,127.600000);
#6933=LINE('',#6877,#6932);
#6934=EDGE_CURVE('',#6878,#6884,#6933,.T.);
#6935=ORIENTED_EDGE('',*,*,#6934,.T.);
#6936=EDGE_LOOP('',(#6925,#6930,#6935));
#6937=FACE_OUTER_BOUND('',#6936,.T.);
#6938=ADVANCED_FACE('',(#6937),#6920,.T.);
#6939=CARTESIAN_POINT('',(-38.200000,33.800000,26.000000));
#6940=DIRECTION('',(1.000000,0.000000,0.000000));
#6941=DIRECTION('',(0.000000,1.000000,0.000000));
#6942=AXIS2_PLACEMENT_3D('',#6939,#6940,#6941);
#6943=PLANE('',#6942);
#6944=DIRECTION('',(0.000000,1.000000,0.000000));
#6945=VECTOR('',#6944,2.000000);
#6946=LINE('',#6885,#6945);
#6947=EDGE_CURVE('',#6886,#6888,#6946,.T.);
#6948=ORIENTED_EDGE('',*,*,#6947,.T.);
#6949=DIRECTION('',(0.000000,0.000000,1.000000));
#6950=VECTOR('',#6949,127.600000);
#6951=LINE('',#6887,#6950);
#6952=EDGE_CURVE('',#6888,#6890,#6951,.T.);
#6953=ORIENTED_EDGE('',*,*,#6952,.T.);
#6954=DIRECTION('',(0.000000,-0.015672,-0.999877));
#6955=VECTOR('',#6954,127.615673);
#6956=LINE('',#6889,#6955);
#6957=EDGE_CURVE('',#6890,#6886,#6956,.T.);
#6958=ORIENTED_EDGE('',*,*,#6957,.T.);
#6959=EDGE_LOOP('',(#6948,#6953,#6958));
#6960=FACE_OUTER_BOUND('',#6959,.T.);
#6961=ADVANCED_FACE('',(#6960),#6943,.T.);
#6962=CARTESIAN_POINT('',(-38.200000,33.800000,26.000000));
#6963=DIRECTION('',(1.000000,0.000000,0.000000));
#6964=DIRECTION('',(0.000000,1.000000,0.000000));
#6965=AXIS2_PLACEMENT_3D('',#6962,#6963,#6964);
#6966=PLANE('',#6965);
#6967=DIRECTION('',(0.000000,0.015672,0.999877));
#6968=VECTOR('',#6967,127.615673);
#6969=LINE('',#6885,#6968);
#6970=EDGE_CURVE('',#6886,#6890,#6969,.T.);
#6971=ORIENTED_EDGE('',*,*,#6970,.T.);
#6972=DIRECTION('',(0.000000,-1.000000,0.000000));
#6973=VECTOR('',#6972,2.000000);
#6974=LINE('',#6889,#6973);
#6975=EDGE_CURVE('',#6890,#6892,#6974,.T.);
#6976=ORIENTED_EDGE('',*,*,#6975,.T.);
#6977=DIRECTION('',(0.000000,0.000000,-1.000000));
#6978=VECTOR('',#6977,127.600000);
#6979=LINE('',#6891,#6978);
#6980=EDGE_CURVE('',#6892,#6886,#6979,.T.);
#6981=ORIENTED_EDGE('',*,*,#6980,.T.);
#6982=EDGE_LOOP('',(#6971,#6976,#6981));
#6983=FACE_OUTER_BOUND('',#6982,.T.);
#6984=ADVANCED_FACE('',(#6983),#6966,.T.);
#6985=CARTESIAN_POINT('',(-38.200000,33.800000,26.000000));
#6986=DIRECTION('',(0.000000,-1.000000,0.000000));
#6987=DIRECTION('',(1.000000,0.000000,0.000000));
#6988=AXIS2_PLACEMENT_3D('',#6985,#6986,#6987);
#6989=PLANE('',#6988);
#6990=DIRECTION('',(0.000000,0.000000,1.000000));
#6991=VECTOR('',#6990,127.600000);
#6992=LINE('',#6885,#6991);
#6993=EDGE_CURVE('',#6886,#6892,#6992,.T.);
#6994=ORIENTED_EDGE('',*,*,#6993,.T.);
#6995=DIRECTION('',(-1.000000,0.000000,0.000000));
#6996=VECTOR('',#6995,2.000000);
#6997=LINE('',#6891,#6996);
#6998=EDGE_CURVE('',#6892,#6884,#6997,.T.);
#6999=ORIENTED_EDGE('',*,*,#6998,.T.);
#7000=DIRECTION('',(0.015672,0.000000,-0.999877));
#7001=VECTOR('',#7000,127.615673);
#7002=LINE('',#6883,#7001);
#7003=EDGE_CURVE('',#6884,#6886,#7002,.T.);
#7004=ORIENTED_EDGE('',*,*,#7003,.T.);
#7005=EDGE_LOOP('',(#6994,#6999,#7004));
#7006=FACE_OUTER_BOUND('',#7005,.T.);
#7007=ADVANCED_FACE('',(#7006),#6989,.T.);
#7008=CARTESIAN_POINT('',(-38.200000,33.800000,26.000000));
#7009=DIRECTION('',(0.000000,-1.000000,0.000000));
#7010=DIRECTION('',(1.000000,0.000000,0.000000));
#7011=AXIS2_PLACEMENT_3D('',#7008,#7009,#7010);
#7012=PLANE('',#7011);
#7013=DIRECTION('',(-0.015672,0.000000,0.999877));
#7014=VECTOR('',#7013,127.615673);
#7015=LINE('',#6885,#7014);
#7016=EDGE_CURVE('',#6886,#6884,#7015,.T.);
#7017=ORIENTED_EDGE('',*,*,#7016,.T.);
#7018=DIRECTION('',(0.000000,0.000000,-1.000000));
#7019=VECTOR('',#7018,127.600000);
#7020=LINE('',#6883,#7019);
#7021=EDGE_CURVE('',#6884,#6878,#7020,.T.);
#7022=ORIENTED_EDGE('',*,*,#7021,.T.);
#7023=DIRECTION('',(1.000000,0.000000,0.000000));
#7024=VECTOR('',#7023,2.000000);
#7025=LINE('',#6877,#7024);
#7026=EDGE_CURVE('',#6878,#6886,#7025,.T.);
#7027=ORIENTED_EDGE('',*,*,#7026,.T.);
#7028=EDGE_LOOP('',(#7017,#7022,#7027));
#7029=FACE_OUTER_BOUND('',#7028,.T.);
#7030=ADVANCED_FACE('',(#7029),#7012,.T.);
#7031=CARTESIAN_POINT('',(-40.200000,35.800000,26.000000));
#7032=DIRECTION('',(0.000000,1.000000,0.000000));
#7033=DIRECTION('',(1.000000,0.000000,0.000000));
#7034=AXIS2_PLACEMENT_3D('',#7031,#7032,#7033);
#7035=PLANE('',#7034);
#7036=DIRECTION('',(0.000000,0.000000,1.000000));
#7037=VECTOR('',#7036,127.600000);
#7038=LINE('',#6879,#7037);
#7039=EDGE_CURVE('',#6880,#6882,#7038,.T.);
#7040=ORIENTED_EDGE('',*,*,#7039,.T.);
#7041=DIRECTION('',(1.000000,0.000000,0.000000));
#7042=VECTOR('',#7041,2.000000);
#7043=LINE('',#6881,#7042);
#7044=EDGE_CURVE('',#6882,#6890,#7043,.T.);
#7045=ORIENTED_EDGE('',*,*,#7044,.T.);
#7046=DIRECTION('',(-0.015672,0.000000,-0.999877));
#7047=VECTOR('',#7046,127.615673);
#7048=LINE('',#6889,#7047);
#7049=EDGE_CURVE('',#6890,#6880,#7048,.T.);
#7050=ORIENTED_EDGE('',*,*,#7049,.T.);
#7051=EDGE_LOOP('',(#7040,#7045,#7050));
#7052=FACE_OUTER_BOUND('',#7051,.T.);
#7053=ADVANCED_FACE('',(#7052),#7035,.T.);
#7054=CARTESIAN_POINT('',(-40.200000,35.800000,26.000000));
#7055=DIRECTION('',(0.000000,1.000000,0.000000));
#7056=DIRECTION('',(1.000000,0.000000,0.000000));
#7057=AXIS2_PLACEMENT_3D('',#7054,#7055,#7056);
#7058=PLANE('',#7057);
#7059=DIRECTION('',(0.015672,0.000000,0.999877));
#7060=VECTOR('',#7059,127.615673);
#7061=LINE('',#6879,#7060);
#7062=EDGE_CURVE('',#6880,#6890,#7061,.T.);
#7063=ORIENTED_EDGE('',*,*,#7062,.T.);
#7064=DIRECTION('',(0.000000,0.000000,-1.000000));
#7065=VECTOR('',#7064,127.600000);
#7066=LINE('',#6889,#7065);
#7067=EDGE_CURVE('',#6890,#6888,#7066,.T.);
#7068=ORIENTED_EDGE('',*,*,#7067,.T.);
#7069=DIRECTION('',(-1.000000,0.000000,0.000000));
#7070=VECTOR('',#7069,2.000000);
#7071=LINE('',#6887,#7070);
#7072=EDGE_CURVE('',#6888,#6880,#7071,.T.);
#7073=ORIENTED_EDGE('',*,*,#7072,.T.);
#7074=EDGE_LOOP('',(#7063,#7068,#7073));
#7075=FACE_OUTER_BOUND('',#7074,.T.);
#7076=ADVANCED_FACE('',(#7075),#7058,.T.);
#7077=CARTESIAN_POINT('',(-40.200000,35.800000,26.000000));
#7078=DIRECTION('',(0.000000,0.000000,-1.000000));
#7079=DIRECTION('',(1.000000,0.000000,0.000000));
#7080=AXIS2_PLACEMENT_3D('',#7077,#7078,#7079);
#7081=PLANE('',#7080);
#7082=DIRECTION('',(1.000000,0.000000,0.000000));
#7083=VECTOR('',#7082,2.000000);
#7084=LINE('',#6879,#7083);
#7085=EDGE_CURVE('',#6880,#6888,#7084,.T.);
#7086=ORIENTED_EDGE('',*,*,#7085,.T.);
#7087=DIRECTION('',(0.000000,-1.000000,0.000000));
#7088=VECTOR('',#7087,2.000000);
#7089=LINE('',#6887,#7088);
#7090=EDGE_CURVE('',#6888,#6886,#7089,.T.);
#7091=ORIENTED_EDGE('',*,*,#7090,.T.);
#7092=DIRECTION('',(-0.707107,0.707107,0.000000));
#7093=VECTOR('',#7092,2.828427);
#7094=LINE('',#6885,#7093);
#7095=EDGE_CURVE('',#6886,#6880,#7094,.T.);
#7096=ORIENTED_EDGE('',*,*,#7095,.T.);
#7097=EDGE_LOOP('',(#7086,#7091,#7096));
#7098=FACE_OUTER_BOUND('',#7097,.T.);
#7099=ADVANCED_FACE('',(#7098),#7081,.T.);
#7100=CARTESIAN_POINT('',(-40.200000,35.800000,26.000000));
#7101=DIRECTION('',(0.000000,0.000000,-1.000000));
#7102=DIRECTION('',(1.000000,0.000000,0.000000));
#7103=AXIS2_PLACEMENT_3D('',#7100,#7101,#7102);
#7104=PLANE('',#7103);
#7105=DIRECTION('',(0.707107,-0.707107,0.000000));
#7106=VECTOR('',#7105,2.828427);
#7107=LINE('',#6879,#7106);
#7108=EDGE_CURVE('',#6880,#6886,#7107,.T.);
#7109=ORIENTED_EDGE('',*,*,#7108,.T.);
#7110=DIRECTION('',(-1.000000,0.000000,0.000000));
#7111=VECTOR('',#7110,2.000000);
#7112=LINE('',#6885,#7111);
#7113=EDGE_CURVE('',#6886,#6878,#7112,.T.);
#7114=ORIENTED_EDGE('',*,*,#7113,.T.);
#7115=DIRECTION('',(0.000000,1.000000,0.000000));
#7116=VECTOR('',#7115,2.000000);
#7117=LINE('',#6877,#7116);
#7118=EDGE_CURVE('',#6878,#6880,#7117,.T.);
#7119=ORIENTED_EDGE('',*,*,#7118,.T.);
#7120=EDGE_LOOP('',(#7109,#7114,#7119));
#7121=FACE_OUTER_BOUND('',#7120,.T.);
#7122=ADVANCED_FACE('',(#7121),#7104,.T.);
#7123=CARTESIAN_POINT('',(-40.200000,33.800000,153.600000));
#7124=DIRECTION('',(0.000000,0.000000,1.000000));
#7125=DIRECTION('',(1.000000,0.000000,0.000000));
#7126=AXIS2_PLACEMENT_3D('',#7123,#7124,#7125);
#7127=PLANE('',#7126);
#7128=DIRECTION('',(1.000000,0.000000,0.000000));
#7129=VECTOR('',#7128,2.000000);
#7130=LINE('',#6883,#7129);
#7131=EDGE_CURVE('',#6884,#6892,#7130,.T.);
#7132=ORIENTED_EDGE('',*,*,#7131,.T.);
#7133=DIRECTION('',(0.000000,1.000000,0.000000));
#7134=VECTOR('',#7133,2.000000);
#7135=LINE('',#6891,#7134);
#7136=EDGE_CURVE('',#6892,#6890,#7135,.T.);
#7137=ORIENTED_EDGE('',*,*,#7136,.T.);
#7138=DIRECTION('',(-0.707107,-0.707107,0.000000));
#7139=VECTOR('',#7138,2.828427);
#7140=LINE('',#6889,#7139);
#7141=EDGE_CURVE('',#6890,#6884,#7140,.T.);
#7142=ORIENTED_EDGE('',*,*,#7141,.T.);
#7143=EDGE_LOOP('',(#7132,#7137,#7142));
#7144=FACE_OUTER_BOUND('',#7143,.T.);
#7145=ADVANCED_FACE('',(#7144),#7127,.T.);
#7146=CARTESIAN_POINT('',(-40.200000,33.800000,153.600000));
#7147=DIRECTION('',(0.000000,0.000000,1.000000));
#7148=DIRECTION('',(1.000000,0.000000,0.000000));
#7149=AXIS2_PLACEMENT_3D('',#7146,#7147,#7148);
#7150=PLANE('',#7149);
#7151=DIRECTION('',(0.707107,0.707107,0.000000));
#7152=VECTOR('',#7151,2.828427);
#7153=LINE('',#6883,#7152);
#7154=EDGE_CURVE('',#6884,#6890,#7153,.T.);
#7155=ORIENTED_EDGE('',*,*,#7154,.T.);
#7156=DIRECTION('',(-1.000000,0.000000,0.000000));
#7157=VECTOR('',#7156,2.000000);
#7158=LINE('',#6889,#7157);
#7159=EDGE_CURVE('',#6890,#6882,#7158,.T.);
#7160=ORIENTED_EDGE('',*,*,#7159,.T.);
#7161=DIRECTION('',(0.000000,-1.000000,0.000000));
#7162=VECTOR('',#7161,2.000000);
#7163=LINE('',#6881,#7162);
#7164=EDGE_CURVE('',#6882,#6884,#7163,.T.);
#7165=ORIENTED_EDGE('',*,*,#7164,.T.);
#7166=EDGE_LOOP('',(#7155,#7160,#7165));
#7167=FACE_OUTER_BOUND('',#7166,.T.);
#7168=ADVANCED_FACE('',(#7167),#7150,.T.);
#7169=CLOSED_SHELL('',(#6915,#6938,#6961,#6984,#7007,#7030,#7053,#7076,#7099,#7122,#7145,#7168));
#7170=FACETED_BREP('pad_left',#7169);
#7171=CARTESIAN_POINT('',(-40.200000,-35.800000,26.000000));
#7172=VERTEX_POINT('',#7171);
#7173=CARTESIAN_POINT('',(-40.200000,-33.800000,26.000000));
#7174=VERTEX_POINT('',#7173);
#7175=CARTESIAN_POINT('',(-40.200000,-33.800000,153.600000));
#7176=VERTEX_POINT('',#7175);
#7177=CARTESIAN_POINT('',(-40.200000,-35.800000,153.600000));
#7178=VERTEX_POINT('',#7177);
#7179=CARTESIAN_POINT('',(-38.200000,-35.800000,26.000000));
#7180=VERTEX_POINT('',#7179);
#7181=CARTESIAN_POINT('',(-38.200000,-33.800000,26.000000));
#7182=VERTEX_POINT('',#7181);
#7183=CARTESIAN_POINT('',(-38.200000,-33.800000,153.600000));
#7184=VERTEX_POINT('',#7183);
#7185=CARTESIAN_POINT('',(-38.200000,-35.800000,153.600000));
#7186=VERTEX_POINT('',#7185);
#7187=CARTESIAN_POINT('',(-40.200000,-35.800000,153.600000));
#7188=DIRECTION('',(-1.000000,0.000000,0.000000));
#7189=DIRECTION('',(0.000000,1.000000,0.000000));
#7190=AXIS2_PLACEMENT_3D('',#7187,#7188,#7189);
#7191=PLANE('',#7190);
#7192=DIRECTION('',(0.000000,1.000000,0.000000));
#7193=VECTOR('',#7192,2.000000);
#7194=LINE('',#7177,#7193);
#7195=EDGE_CURVE('',#7178,#7176,#7194,.T.);
#7196=ORIENTED_EDGE('',*,*,#7195,.T.);
#7197=DIRECTION('',(0.000000,0.000000,-1.000000));
#7198=VECTOR('',#7197,127.600000);
#7199=LINE('',#7175,#7198);
#7200=EDGE_CURVE('',#7176,#7174,#7199,.T.);
#7201=ORIENTED_EDGE('',*,*,#7200,.T.);
#7202=DIRECTION('',(0.000000,-0.015672,0.999877));
#7203=VECTOR('',#7202,127.615673);
#7204=LINE('',#7173,#7203);
#7205=EDGE_CURVE('',#7174,#7178,#7204,.T.);
#7206=ORIENTED_EDGE('',*,*,#7205,.T.);
#7207=EDGE_LOOP('',(#7196,#7201,#7206));
#7208=FACE_OUTER_BOUND('',#7207,.T.);
#7209=ADVANCED_FACE('',(#7208),#7191,.T.);
#7210=CARTESIAN_POINT('',(-40.200000,-35.800000,153.600000));
#7211=DIRECTION('',(-1.000000,0.000000,0.000000));
#7212=DIRECTION('',(0.000000,1.000000,0.000000));
#7213=AXIS2_PLACEMENT_3D('',#7210,#7211,#7212);
#7214=PLANE('',#7213);
#7215=DIRECTION('',(0.000000,0.015672,-0.999877));
#7216=VECTOR('',#7215,127.615673);
#7217=LINE('',#7177,#7216);
#7218=EDGE_CURVE('',#7178,#7174,#7217,.T.);
#7219=ORIENTED_EDGE('',*,*,#7218,.T.);
#7220=DIRECTION('',(0.000000,-1.000000,0.000000));
#7221=VECTOR('',#7220,2.000000);
#7222=LINE('',#7173,#7221);
#7223=EDGE_CURVE('',#7174,#7172,#7222,.T.);
#7224=ORIENTED_EDGE('',*,*,#7223,.T.);
#7225=DIRECTION('',(0.000000,0.000000,1.000000));
#7226=VECTOR('',#7225,127.600000);
#7227=LINE('',#7171,#7226);
#7228=EDGE_CURVE('',#7172,#7178,#7227,.T.);
#7229=ORIENTED_EDGE('',*,*,#7228,.T.);
#7230=EDGE_LOOP('',(#7219,#7224,#7229));
#7231=FACE_OUTER_BOUND('',#7230,.T.);
#7232=ADVANCED_FACE('',(#7231),#7214,.T.);
#7233=CARTESIAN_POINT('',(-38.200000,-35.800000,26.000000));
#7234=DIRECTION('',(1.000000,0.000000,0.000000));
#7235=DIRECTION('',(0.000000,1.000000,0.000000));
#7236=AXIS2_PLACEMENT_3D('',#7233,#7234,#7235);
#7237=PLANE('',#7236);
#7238=DIRECTION('',(0.000000,1.000000,0.000000));
#7239=VECTOR('',#7238,2.000000);
#7240=LINE('',#7179,#7239);
#7241=EDGE_CURVE('',#7180,#7182,#7240,.T.);
#7242=ORIENTED_EDGE('',*,*,#7241,.T.);
#7243=DIRECTION('',(0.000000,0.000000,1.000000));
#7244=VECTOR('',#7243,127.600000);
#7245=LINE('',#7181,#7244);
#7246=EDGE_CURVE('',#7182,#7184,#7245,.T.);
#7247=ORIENTED_EDGE('',*,*,#7246,.T.);
#7248=DIRECTION('',(0.000000,-0.015672,-0.999877));
#7249=VECTOR('',#7248,127.615673);
#7250=LINE('',#7183,#7249);
#7251=EDGE_CURVE('',#7184,#7180,#7250,.T.);
#7252=ORIENTED_EDGE('',*,*,#7251,.T.);
#7253=EDGE_LOOP('',(#7242,#7247,#7252));
#7254=FACE_OUTER_BOUND('',#7253,.T.);
#7255=ADVANCED_FACE('',(#7254),#7237,.T.);
#7256=CARTESIAN_POINT('',(-38.200000,-35.800000,26.000000));
#7257=DIRECTION('',(1.000000,0.000000,0.000000));
#7258=DIRECTION('',(0.000000,1.000000,0.000000));
#7259=AXIS2_PLACEMENT_3D('',#7256,#7257,#7258);
#7260=PLANE('',#7259);
#7261=DIRECTION('',(0.000000,0.015672,0.999877));
#7262=VECTOR('',#7261,127.615673);
#7263=LINE('',#7179,#7262);
#7264=EDGE_CURVE('',#7180,#7184,#7263,.T.);
#7265=ORIENTED_EDGE('',*,*,#7264,.T.);
#7266=DIRECTION('',(0.000000,-1.000000,0.000000));
#7267=VECTOR('',#7266,2.000000);
#7268=LINE('',#7183,#7267);
#7269=EDGE_CURVE('',#7184,#7186,#7268,.T.);
#7270=ORIENTED_EDGE('',*,*,#7269,.T.);
#7271=DIRECTION('',(0.000000,0.000000,-1.000000));
#7272=VECTOR('',#7271,127.600000);
#7273=LINE('',#7185,#7272);
#7274=EDGE_CURVE('',#7186,#7180,#7273,.T.);
#7275=ORIENTED_EDGE('',*,*,#7274,.T.);
#7276=EDGE_LOOP('',(#7265,#7270,#7275));
#7277=FACE_OUTER_BOUND('',#7276,.T.);
#7278=ADVANCED_FACE('',(#7277),#7260,.T.);
#7279=CARTESIAN_POINT('',(-38.200000,-35.800000,26.000000));
#7280=DIRECTION('',(0.000000,-1.000000,0.000000));
#7281=DIRECTION('',(1.000000,0.000000,0.000000));
#7282=AXIS2_PLACEMENT_3D('',#7279,#7280,#7281);
#7283=PLANE('',#7282);
#7284=DIRECTION('',(0.000000,0.000000,1.000000));
#7285=VECTOR('',#7284,127.600000);
#7286=LINE('',#7179,#7285);
#7287=EDGE_CURVE('',#7180,#7186,#7286,.T.);
#7288=ORIENTED_EDGE('',*,*,#7287,.T.);
#7289=DIRECTION('',(-1.000000,0.000000,0.000000));
#7290=VECTOR('',#7289,2.000000);
#7291=LINE('',#7185,#7290);
#7292=EDGE_CURVE('',#7186,#7178,#7291,.T.);
#7293=ORIENTED_EDGE('',*,*,#7292,.T.);
#7294=DIRECTION('',(0.015672,0.000000,-0.999877));
#7295=VECTOR('',#7294,127.615673);
#7296=LINE('',#7177,#7295);
#7297=EDGE_CURVE('',#7178,#7180,#7296,.T.);
#7298=ORIENTED_EDGE('',*,*,#7297,.T.);
#7299=EDGE_LOOP('',(#7288,#7293,#7298));
#7300=FACE_OUTER_BOUND('',#7299,.T.);
#7301=ADVANCED_FACE('',(#7300),#7283,.T.);
#7302=CARTESIAN_POINT('',(-38.200000,-35.800000,26.000000));
#7303=DIRECTION('',(0.000000,-1.000000,0.000000));
#7304=DIRECTION('',(1.000000,0.000000,0.000000));
#7305=AXIS2_PLACEMENT_3D('',#7302,#7303,#7304);
#7306=PLANE('',#7305);
#7307=DIRECTION('',(-0.015672,0.000000,0.999877));
#7308=VECTOR('',#7307,127.615673);
#7309=LINE('',#7179,#7308);
#7310=EDGE_CURVE('',#7180,#7178,#7309,.T.);
#7311=ORIENTED_EDGE('',*,*,#7310,.T.);
#7312=DIRECTION('',(0.000000,0.000000,-1.000000));
#7313=VECTOR('',#7312,127.600000);
#7314=LINE('',#7177,#7313);
#7315=EDGE_CURVE('',#7178,#7172,#7314,.T.);
#7316=ORIENTED_EDGE('',*,*,#7315,.T.);
#7317=DIRECTION('',(1.000000,0.000000,0.000000));
#7318=VECTOR('',#7317,2.000000);
#7319=LINE('',#7171,#7318);
#7320=EDGE_CURVE('',#7172,#7180,#7319,.T.);
#7321=ORIENTED_EDGE('',*,*,#7320,.T.);
#7322=EDGE_LOOP('',(#7311,#7316,#7321));
#7323=FACE_OUTER_BOUND('',#7322,.T.);
#7324=ADVANCED_FACE('',(#7323),#7306,.T.);
#7325=CARTESIAN_POINT('',(-40.200000,-33.800000,26.000000));
#7326=DIRECTION('',(0.000000,1.000000,0.000000));
#7327=DIRECTION('',(1.000000,0.000000,0.000000));
#7328=AXIS2_PLACEMENT_3D('',#7325,#7326,#7327);
#7329=PLANE('',#7328);
#7330=DIRECTION('',(0.000000,0.000000,1.000000));
#7331=VECTOR('',#7330,127.600000);
#7332=LINE('',#7173,#7331);
#7333=EDGE_CURVE('',#7174,#7176,#7332,.T.);
#7334=ORIENTED_EDGE('',*,*,#7333,.T.);
#7335=DIRECTION('',(1.000000,0.000000,0.000000));
#7336=VECTOR('',#7335,2.000000);
#7337=LINE('',#7175,#7336);
#7338=EDGE_CURVE('',#7176,#7184,#7337,.T.);
#7339=ORIENTED_EDGE('',*,*,#7338,.T.);
#7340=DIRECTION('',(-0.015672,0.000000,-0.999877));
#7341=VECTOR('',#7340,127.615673);
#7342=LINE('',#7183,#7341);
#7343=EDGE_CURVE('',#7184,#7174,#7342,.T.);
#7344=ORIENTED_EDGE('',*,*,#7343,.T.);
#7345=EDGE_LOOP('',(#7334,#7339,#7344));
#7346=FACE_OUTER_BOUND('',#7345,.T.);
#7347=ADVANCED_FACE('',(#7346),#7329,.T.);
#7348=CARTESIAN_POINT('',(-40.200000,-33.800000,26.000000));
#7349=DIRECTION('',(0.000000,1.000000,0.000000));
#7350=DIRECTION('',(1.000000,0.000000,0.000000));
#7351=AXIS2_PLACEMENT_3D('',#7348,#7349,#7350);
#7352=PLANE('',#7351);
#7353=DIRECTION('',(0.015672,0.000000,0.999877));
#7354=VECTOR('',#7353,127.615673);
#7355=LINE('',#7173,#7354);
#7356=EDGE_CURVE('',#7174,#7184,#7355,.T.);
#7357=ORIENTED_EDGE('',*,*,#7356,.T.);
#7358=DIRECTION('',(0.000000,0.000000,-1.000000));
#7359=VECTOR('',#7358,127.600000);
#7360=LINE('',#7183,#7359);
#7361=EDGE_CURVE('',#7184,#7182,#7360,.T.);
#7362=ORIENTED_EDGE('',*,*,#7361,.T.);
#7363=DIRECTION('',(-1.000000,0.000000,0.000000));
#7364=VECTOR('',#7363,2.000000);
#7365=LINE('',#7181,#7364);
#7366=EDGE_CURVE('',#7182,#7174,#7365,.T.);
#7367=ORIENTED_EDGE('',*,*,#7366,.T.);
#7368=EDGE_LOOP('',(#7357,#7362,#7367));
#7369=FACE_OUTER_BOUND('',#7368,.T.);
#7370=ADVANCED_FACE('',(#7369),#7352,.T.);
#7371=CARTESIAN_POINT('',(-40.200000,-33.800000,26.000000));
#7372=DIRECTION('',(0.000000,0.000000,-1.000000));
#7373=DIRECTION('',(1.000000,0.000000,0.000000));
#7374=AXIS2_PLACEMENT_3D('',#7371,#7372,#7373);
#7375=PLANE('',#7374);
#7376=DIRECTION('',(1.000000,0.000000,0.000000));
#7377=VECTOR('',#7376,2.000000);
#7378=LINE('',#7173,#7377);
#7379=EDGE_CURVE('',#7174,#7182,#7378,.T.);
#7380=ORIENTED_EDGE('',*,*,#7379,.T.);
#7381=DIRECTION('',(0.000000,-1.000000,0.000000));
#7382=VECTOR('',#7381,2.000000);
#7383=LINE('',#7181,#7382);
#7384=EDGE_CURVE('',#7182,#7180,#7383,.T.);
#7385=ORIENTED_EDGE('',*,*,#7384,.T.);
#7386=DIRECTION('',(-0.707107,0.707107,0.000000));
#7387=VECTOR('',#7386,2.828427);
#7388=LINE('',#7179,#7387);
#7389=EDGE_CURVE('',#7180,#7174,#7388,.T.);
#7390=ORIENTED_EDGE('',*,*,#7389,.T.);
#7391=EDGE_LOOP('',(#7380,#7385,#7390));
#7392=FACE_OUTER_BOUND('',#7391,.T.);
#7393=ADVANCED_FACE('',(#7392),#7375,.T.);
#7394=CARTESIAN_POINT('',(-40.200000,-33.800000,26.000000));
#7395=DIRECTION('',(0.000000,0.000000,-1.000000));
#7396=DIRECTION('',(1.000000,0.000000,0.000000));
#7397=AXIS2_PLACEMENT_3D('',#7394,#7395,#7396);
#7398=PLANE('',#7397);
#7399=DIRECTION('',(0.707107,-0.707107,0.000000));
#7400=VECTOR('',#7399,2.828427);
#7401=LINE('',#7173,#7400);
#7402=EDGE_CURVE('',#7174,#7180,#7401,.T.);
#7403=ORIENTED_EDGE('',*,*,#7402,.T.);
#7404=DIRECTION('',(-1.000000,0.000000,0.000000));
#7405=VECTOR('',#7404,2.000000);
#7406=LINE('',#7179,#7405);
#7407=EDGE_CURVE('',#7180,#7172,#7406,.T.);
#7408=ORIENTED_EDGE('',*,*,#7407,.T.);
#7409=DIRECTION('',(0.000000,1.000000,0.000000));
#7410=VECTOR('',#7409,2.000000);
#7411=LINE('',#7171,#7410);
#7412=EDGE_CURVE('',#7172,#7174,#7411,.T.);
#7413=ORIENTED_EDGE('',*,*,#7412,.T.);
#7414=EDGE_LOOP('',(#7403,#7408,#7413));
#7415=FACE_OUTER_BOUND('',#7414,.T.);
#7416=ADVANCED_FACE('',(#7415),#7398,.T.);
#7417=CARTESIAN_POINT('',(-40.200000,-35.800000,153.600000));
#7418=DIRECTION('',(0.000000,0.000000,1.000000));
#7419=DIRECTION('',(1.000000,0.000000,0.000000));
#7420=AXIS2_PLACEMENT_3D('',#7417,#7418,#7419);
#7421=PLANE('',#7420);
#7422=DIRECTION('',(1.000000,0.000000,0.000000));
#7423=VECTOR('',#7422,2.000000);
#7424=LINE('',#7177,#7423);
#7425=EDGE_CURVE('',#7178,#7186,#7424,.T.);
#7426=ORIENTED_EDGE('',*,*,#7425,.T.);
#7427=DIRECTION('',(0.000000,1.000000,0.000000));
#7428=VECTOR('',#7427,2.000000);
#7429=LINE('',#7185,#7428);
#7430=EDGE_CURVE('',#7186,#7184,#7429,.T.);
#7431=ORIENTED_EDGE('',*,*,#7430,.T.);
#7432=DIRECTION('',(-0.707107,-0.707107,0.000000));
#7433=VECTOR('',#7432,2.828427);
#7434=LINE('',#7183,#7433);
#7435=EDGE_CURVE('',#7184,#7178,#7434,.T.);
#7436=ORIENTED_EDGE('',*,*,#7435,.T.);
#7437=EDGE_LOOP('',(#7426,#7431,#7436));
#7438=FACE_OUTER_BOUND('',#7437,.T.);
#7439=ADVANCED_FACE('',(#7438),#7421,.T.);
#7440=CARTESIAN_POINT('',(-40.200000,-35.800000,153.600000));
#7441=DIRECTION('',(0.000000,0.000000,1.000000));
#7442=DIRECTION('',(1.000000,0.000000,0.000000));
#7443=AXIS2_PLACEMENT_3D('',#7440,#7441,#7442);
#7444=PLANE('',#7443);
#7445=DIRECTION('',(0.707107,0.707107,0.000000));
#7446=VECTOR('',#7445,2.828427);
#7447=LINE('',#7177,#7446);
#7448=EDGE_CURVE('',#7178,#7184,#7447,.T.);
#7449=ORIENTED_EDGE('',*,*,#7448,.T.);
#7450=DIRECTION('',(-1.000000,0.000000,0.000000));
#7451=VECTOR('',#7450,2.000000);
#7452=LINE('',#7183,#7451);
#7453=EDGE_CURVE('',#7184,#7176,#7452,.T.);
#7454=ORIENTED_EDGE('',*,*,#7453,.T.);
#7455=DIRECTION('',(0.000000,-1.000000,0.000000));
#7456=VECTOR('',#7455,2.000000);
#7457=LINE('',#7175,#7456);
#7458=EDGE_CURVE('',#7176,#7178,#7457,.T.);
#7459=ORIENTED_EDGE('',*,*,#7458,.T.);
#7460=EDGE_LOOP('',(#7449,#7454,#7459));
#7461=FACE_OUTER_BOUND('',#7460,.T.);
#7462=ADVANCED_FACE('',(#7461),#7444,.T.);
#7463=CLOSED_SHELL('',(#7209,#7232,#7255,#7278,#7301,#7324,#7347,#7370,#7393,#7416,#7439,#7462));
#7464=FACETED_BREP('pad_right',#7463);
#7465=CARTESIAN_POINT('',(-36.100000,-51.800000,24.000000));
#7466=VERTEX_POINT('',#7465);
#7467=CARTESIAN_POINT('',(-36.100000,-43.800000,24.000000));
#7468=VERTEX_POINT('',#7467);
#7469=CARTESIAN_POINT('',(-36.100000,-43.800000,44.000000));
#7470=VERTEX_POINT('',#7469);
#7471=CARTESIAN_POINT('',(-36.100000,-51.800000,44.000000));
#7472=VERTEX_POINT('',#7471);
#7473=CARTESIAN_POINT('',(-31.100000,-51.800000,24.000000));
#7474=VERTEX_POINT('',#7473);
#7475=CARTESIAN_POINT('',(-31.100000,-43.800000,24.000000));
#7476=VERTEX_POINT('',#7475);
#7477=CARTESIAN_POINT('',(-31.100000,-43.800000,44.000000));
#7478=VERTEX_POINT('',#7477);
#7479=CARTESIAN_POINT('',(-31.100000,-51.800000,44.000000));
#7480=VERTEX_POINT('',#7479);
#7481=CARTESIAN_POINT('',(-36.100000,-51.800000,44.000000));
#7482=DIRECTION('',(-1.000000,0.000000,0.000000));
#7483=DIRECTION('',(0.000000,1.000000,0.000000));
#7484=AXIS2_PLACEMENT_3D('',#7481,#7482,#7483);
#7485=PLANE('',#7484);
#7486=DIRECTION('',(0.000000,1.000000,0.000000));
#7487=VECTOR('',#7486,8.000000);
#7488=LINE('',#7471,#7487);
#7489=EDGE_CURVE('',#7472,#7470,#7488,.T.);
#7490=ORIENTED_EDGE('',*,*,#7489,.T.);
#7491=DIRECTION('',(0.000000,0.000000,-1.000000));
#7492=VECTOR('',#7491,20.000000);
#7493=LINE('',#7469,#7492);
#7494=EDGE_CURVE('',#7470,#7468,#7493,.T.);
#7495=ORIENTED_EDGE('',*,*,#7494,.T.);
#7496=DIRECTION('',(0.000000,-0.371391,0.928477));
#7497=VECTOR('',#7496,21.540659);
#7498=LINE('',#7467,#7497);
#7499=EDGE_CURVE('',#7468,#7472,#7498,.T.);
#7500=ORIENTED_EDGE('',*,*,#7499,.T.);
#7501=EDGE_LOOP('',(#7490,#7495,#7500));
#7502=FACE_OUTER_BOUND('',#7501,.T.);
#7503=ADVANCED_FACE('',(#7502),#7485,.T.);
#7504=CARTESIAN_POINT('',(-36.100000,-51.800000,44.000000));
#7505=DIRECTION('',(-1.000000,0.000000,0.000000));
#7506=DIRECTION('',(0.000000,1.000000,0.000000));
#7507=AXIS2_PLACEMENT_3D('',#7504,#7505,#7506);
#7508=PLANE('',#7507);
#7509=DIRECTION('',(0.000000,0.371391,-0.928477));
#7510=VECTOR('',#7509,21.540659);
#7511=LINE('',#7471,#7510);
#7512=EDGE_CURVE('',#7472,#7468,#7511,.T.);
#7513=ORIENTED_EDGE('',*,*,#7512,.T.);
#7514=DIRECTION('',(0.000000,-1.000000,0.000000));
#7515=VECTOR('',#7514,8.000000);
#7516=LINE('',#7467,#7515);
#7517=EDGE_CURVE('',#7468,#7466,#7516,.T.);
#7518=ORIENTED_EDGE('',*,*,#7517,.T.);
#7519=DIRECTION('',(0.000000,0.000000,1.000000));
#7520=VECTOR('',#7519,20.000000);
#7521=LINE('',#7465,#7520);
#7522=EDGE_CURVE('',#7466,#7472,#7521,.T.);
#7523=ORIENTED_EDGE('',*,*,#7522,.T.);
#7524=EDGE_LOOP('',(#7513,#7518,#7523));
#7525=FACE_OUTER_BOUND('',#7524,.T.);
#7526=ADVANCED_FACE('',(#7525),#7508,.T.);
#7527=CARTESIAN_POINT('',(-31.100000,-51.800000,24.000000));
#7528=DIRECTION('',(1.000000,0.000000,0.000000));
#7529=DIRECTION('',(0.000000,1.000000,0.000000));
#7530=AXIS2_PLACEMENT_3D('',#7527,#7528,#7529);
#7531=PLANE('',#7530);
#7532=DIRECTION('',(0.000000,1.000000,0.000000));
#7533=VECTOR('',#7532,8.000000);
#7534=LINE('',#7473,#7533);
#7535=EDGE_CURVE('',#7474,#7476,#7534,.T.);
#7536=ORIENTED_EDGE('',*,*,#7535,.T.);
#7537=DIRECTION('',(0.000000,0.000000,1.000000));
#7538=VECTOR('',#7537,20.000000);
#7539=LINE('',#7475,#7538);
#7540=EDGE_CURVE('',#7476,#7478,#7539,.T.);
#7541=ORIENTED_EDGE('',*,*,#7540,.T.);
#7542=DIRECTION('',(0.000000,-0.371391,-0.928477));
#7543=VECTOR('',#7542,21.540659);
#7544=LINE('',#7477,#7543);
#7545=EDGE_CURVE('',#7478,#7474,#7544,.T.);
#7546=ORIENTED_EDGE('',*,*,#7545,.T.);
#7547=EDGE_LOOP('',(#7536,#7541,#7546));
#7548=FACE_OUTER_BOUND('',#7547,.T.);
#7549=ADVANCED_FACE('',(#7548),#7531,.T.);
#7550=CARTESIAN_POINT('',(-31.100000,-51.800000,24.000000));
#7551=DIRECTION('',(1.000000,0.000000,0.000000));
#7552=DIRECTION('',(0.000000,1.000000,0.000000));
#7553=AXIS2_PLACEMENT_3D('',#7550,#7551,#7552);
#7554=PLANE('',#7553);
#7555=DIRECTION('',(0.000000,0.371391,0.928477));
#7556=VECTOR('',#7555,21.540659);
#7557=LINE('',#7473,#7556);
#7558=EDGE_CURVE('',#7474,#7478,#7557,.T.);
#7559=ORIENTED_EDGE('',*,*,#7558,.T.);
#7560=DIRECTION('',(0.000000,-1.000000,0.000000));
#7561=VECTOR('',#7560,8.000000);
#7562=LINE('',#7477,#7561);
#7563=EDGE_CURVE('',#7478,#7480,#7562,.T.);
#7564=ORIENTED_EDGE('',*,*,#7563,.T.);
#7565=DIRECTION('',(0.000000,0.000000,-1.000000));
#7566=VECTOR('',#7565,20.000000);
#7567=LINE('',#7479,#7566);
#7568=EDGE_CURVE('',#7480,#7474,#7567,.T.);
#7569=ORIENTED_EDGE('',*,*,#7568,.T.);
#7570=EDGE_LOOP('',(#7559,#7564,#7569));
#7571=FACE_OUTER_BOUND('',#7570,.T.);
#7572=ADVANCED_FACE('',(#7571),#7554,.T.);
#7573=CARTESIAN_POINT('',(-31.100000,-51.800000,24.000000));
#7574=DIRECTION('',(0.000000,-1.000000,0.000000));
#7575=DIRECTION('',(1.000000,0.000000,0.000000));
#7576=AXIS2_PLACEMENT_3D('',#7573,#7574,#7575);
#7577=PLANE('',#7576);
#7578=DIRECTION('',(0.000000,0.000000,1.000000));
#7579=VECTOR('',#7578,20.000000);
#7580=LINE('',#7473,#7579);
#7581=EDGE_CURVE('',#7474,#7480,#7580,.T.);
#7582=ORIENTED_EDGE('',*,*,#7581,.T.);
#7583=DIRECTION('',(-1.000000,0.000000,0.000000));
#7584=VECTOR('',#7583,5.000000);
#7585=LINE('',#7479,#7584);
#7586=EDGE_CURVE('',#7480,#7472,#7585,.T.);
#7587=ORIENTED_EDGE('',*,*,#7586,.T.);
#7588=DIRECTION('',(0.242536,0.000000,-0.970143));
#7589=VECTOR('',#7588,20.615528);
#7590=LINE('',#7471,#7589);
#7591=EDGE_CURVE('',#7472,#7474,#7590,.T.);
#7592=ORIENTED_EDGE('',*,*,#7591,.T.);
#7593=EDGE_LOOP('',(#7582,#7587,#7592));
#7594=FACE_OUTER_BOUND('',#7593,.T.);
#7595=ADVANCED_FACE('',(#7594),#7577,.T.);
#7596=CARTESIAN_POINT('',(-31.100000,-51.800000,24.000000));
#7597=DIRECTION('',(0.000000,-1.000000,0.000000));
#7598=DIRECTION('',(1.000000,0.000000,0.000000));
#7599=AXIS2_PLACEMENT_3D('',#7596,#7597,#7598);
#7600=PLANE('',#7599);
#7601=DIRECTION('',(-0.242536,0.000000,0.970143));
#7602=VECTOR('',#7601,20.615528);
#7603=LINE('',#7473,#7602);
#7604=EDGE_CURVE('',#7474,#7472,#7603,.T.);
#7605=ORIENTED_EDGE('',*,*,#7604,.T.);
#7606=DIRECTION('',(0.000000,0.000000,-1.000000));
#7607=VECTOR('',#7606,20.000000);
#7608=LINE('',#7471,#7607);
#7609=EDGE_CURVE('',#7472,#7466,#7608,.T.);
#7610=ORIENTED_EDGE('',*,*,#7609,.T.);
#7611=DIRECTION('',(1.000000,0.000000,0.000000));
#7612=VECTOR('',#7611,5.000000);
#7613=LINE('',#7465,#7612);
#7614=EDGE_CURVE('',#7466,#7474,#7613,.T.);
#7615=ORIENTED_EDGE('',*,*,#7614,.T.);
#7616=EDGE_LOOP('',(#7605,#7610,#7615));
#7617=FACE_OUTER_BOUND('',#7616,.T.);
#7618=ADVANCED_FACE('',(#7617),#7600,.T.);
#7619=CARTESIAN_POINT('',(-36.100000,-43.800000,24.000000));
#7620=DIRECTION('',(0.000000,1.000000,0.000000));
#7621=DIRECTION('',(1.000000,0.000000,0.000000));
#7622=AXIS2_PLACEMENT_3D('',#7619,#7620,#7621);
#7623=PLANE('',#7622);
#7624=DIRECTION('',(0.000000,0.000000,1.000000));
#7625=VECTOR('',#7624,20.000000);
#7626=LINE('',#7467,#7625);
#7627=EDGE_CURVE('',#7468,#7470,#7626,.T.);
#7628=ORIENTED_EDGE('',*,*,#7627,.T.);
#7629=DIRECTION('',(1.000000,0.000000,0.000000));
#7630=VECTOR('',#7629,5.000000);
#7631=LINE('',#7469,#7630);
#7632=EDGE_CURVE('',#7470,#7478,#7631,.T.);
#7633=ORIENTED_EDGE('',*,*,#7632,.T.);
#7634=DIRECTION('',(-0.242536,0.000000,-0.970143));
#7635=VECTOR('',#7634,20.615528);
#7636=LINE('',#7477,#7635);
#7637=EDGE_CURVE('',#7478,#7468,#7636,.T.);
#7638=ORIENTED_EDGE('',*,*,#7637,.T.);
#7639=EDGE_LOOP('',(#7628,#7633,#7638));
#7640=FACE_OUTER_BOUND('',#7639,.T.);
#7641=ADVANCED_FACE('',(#7640),#7623,.T.);
#7642=CARTESIAN_POINT('',(-36.100000,-43.800000,24.000000));
#7643=DIRECTION('',(0.000000,1.000000,0.000000));
#7644=DIRECTION('',(1.000000,0.000000,0.000000));
#7645=AXIS2_PLACEMENT_3D('',#7642,#7643,#7644);
#7646=PLANE('',#7645);
#7647=DIRECTION('',(0.242536,0.000000,0.970143));
#7648=VECTOR('',#7647,20.615528);
#7649=LINE('',#7467,#7648);
#7650=EDGE_CURVE('',#7468,#7478,#7649,.T.);
#7651=ORIENTED_EDGE('',*,*,#7650,.T.);
#7652=DIRECTION('',(0.000000,0.000000,-1.000000));
#7653=VECTOR('',#7652,20.000000);
#7654=LINE('',#7477,#7653);
#7655=EDGE_CURVE('',#7478,#7476,#7654,.T.);
#7656=ORIENTED_EDGE('',*,*,#7655,.T.);
#7657=DIRECTION('',(-1.000000,0.000000,0.000000));
#7658=VECTOR('',#7657,5.000000);
#7659=LINE('',#7475,#7658);
#7660=EDGE_CURVE('',#7476,#7468,#7659,.T.);
#7661=ORIENTED_EDGE('',*,*,#7660,.T.);
#7662=EDGE_LOOP('',(#7651,#7656,#7661));
#7663=FACE_OUTER_BOUND('',#7662,.T.);
#7664=ADVANCED_FACE('',(#7663),#7646,.T.);
#7665=CARTESIAN_POINT('',(-36.100000,-43.800000,24.000000));
#7666=DIRECTION('',(0.000000,0.000000,-1.000000));
#7667=DIRECTION('',(1.000000,0.000000,0.000000));
#7668=AXIS2_PLACEMENT_3D('',#7665,#7666,#7667);
#7669=PLANE('',#7668);
#7670=DIRECTION('',(1.000000,0.000000,0.000000));
#7671=VECTOR('',#7670,5.000000);
#7672=LINE('',#7467,#7671);
#7673=EDGE_CURVE('',#7468,#7476,#7672,.T.);
#7674=ORIENTED_EDGE('',*,*,#7673,.T.);
#7675=DIRECTION('',(0.000000,-1.000000,0.000000));
#7676=VECTOR('',#7675,8.000000);
#7677=LINE('',#7475,#7676);
#7678=EDGE_CURVE('',#7476,#7474,#7677,.T.);
#7679=ORIENTED_EDGE('',*,*,#7678,.T.);
#7680=DIRECTION('',(-0.529999,0.847998,0.000000));
#7681=VECTOR('',#7680,9.433981);
#7682=LINE('',#7473,#7681);
#7683=EDGE_CURVE('',#7474,#7468,#7682,.T.);
#7684=ORIENTED_EDGE('',*,*,#7683,.T.);
#7685=EDGE_LOOP('',(#7674,#7679,#7684));
#7686=FACE_OUTER_BOUND('',#7685,.T.);
#7687=ADVANCED_FACE('',(#7686),#7669,.T.);
#7688=CARTESIAN_POINT('',(-36.100000,-43.800000,24.000000));
#7689=DIRECTION('',(0.000000,0.000000,-1.000000));
#7690=DIRECTION('',(1.000000,0.000000,0.000000));
#7691=AXIS2_PLACEMENT_3D('',#7688,#7689,#7690);
#7692=PLANE('',#7691);
#7693=DIRECTION('',(0.529999,-0.847998,0.000000));
#7694=VECTOR('',#7693,9.433981);
#7695=LINE('',#7467,#7694);
#7696=EDGE_CURVE('',#7468,#7474,#7695,.T.);
#7697=ORIENTED_EDGE('',*,*,#7696,.T.);
#7698=DIRECTION('',(-1.000000,0.000000,0.000000));
#7699=VECTOR('',#7698,5.000000);
#7700=LINE('',#7473,#7699);
#7701=EDGE_CURVE('',#7474,#7466,#7700,.T.);
#7702=ORIENTED_EDGE('',*,*,#7701,.T.);
#7703=DIRECTION('',(0.000000,1.000000,0.000000));
#7704=VECTOR('',#7703,8.000000);
#7705=LINE('',#7465,#7704);
#7706=EDGE_CURVE('',#7466,#7468,#7705,.T.);
#7707=ORIENTED_EDGE('',*,*,#7706,.T.);
#7708=EDGE_LOOP('',(#7697,#7702,#7707));
#7709=FACE_OUTER_BOUND('',#7708,.T.);
#7710=ADVANCED_FACE('',(#7709),#7692,.T.);
#7711=CARTESIAN_POINT('',(-36.100000,-51.800000,44.000000));
#7712=DIRECTION('',(0.000000,0.000000,1.000000));
#7713=DIRECTION('',(1.000000,0.000000,0.000000));
#7714=AXIS2_PLACEMENT_3D('',#7711,#7712,#7713);
#7715=PLANE('',#7714);
#7716=DIRECTION('',(1.000000,0.000000,0.000000));
#7717=VECTOR('',#7716,5.000000);
#7718=LINE('',#7471,#7717);
#7719=EDGE_CURVE('',#7472,#7480,#7718,.T.);
#7720=ORIENTED_EDGE('',*,*,#7719,.T.);
#7721=DIRECTION('',(0.000000,1.000000,0.000000));
#7722=VECTOR('',#7721,8.000000);
#7723=LINE('',#7479,#7722);
#7724=EDGE_CURVE('',#7480,#7478,#7723,.T.);
#7725=ORIENTED_EDGE('',*,*,#7724,.T.);
#7726=DIRECTION('',(-0.529999,-0.847998,0.000000));
#7727=VECTOR('',#7726,9.433981);
#7728=LINE('',#7477,#7727);
#7729=EDGE_CURVE('',#7478,#7472,#7728,.T.);
#7730=ORIENTED_EDGE('',*,*,#7729,.T.);
#7731=EDGE_LOOP('',(#7720,#7725,#7730));
#7732=FACE_OUTER_BOUND('',#7731,.T.);
#7733=ADVANCED_FACE('',(#7732),#7715,.T.);
#7734=CARTESIAN_POINT('',(-36.100000,-51.800000,44.000000));
#7735=DIRECTION('',(0.000000,0.000000,1.000000));
#7736=DIRECTION('',(1.000000,0.000000,0.000000));
#7737=AXIS2_PLACEMENT_3D('',#7734,#7735,#7736);
#7738=PLANE('',#7737);
#7739=DIRECTION('',(0.529999,0.847998,0.000000));
#7740=VECTOR('',#7739,9.433981);
#7741=LINE('',#7471,#7740);
#7742=EDGE_CURVE('',#7472,#7478,#7741,.T.);
#7743=ORIENTED_EDGE('',*,*,#7742,.T.);
#7744=DIRECTION('',(-1.000000,0.000000,0.000000));
#7745=VECTOR('',#7744,5.000000);
#7746=LINE('',#7477,#7745);
#7747=EDGE_CURVE('',#7478,#7470,#7746,.T.);
#7748=ORIENTED_EDGE('',*,*,#7747,.T.);
#7749=DIRECTION('',(0.000000,-1.000000,0.000000));
#7750=VECTOR('',#7749,8.000000);
#7751=LINE('',#7469,#7750);
#7752=EDGE_CURVE('',#7470,#7472,#7751,.T.);
#7753=ORIENTED_EDGE('',*,*,#7752,.T.);
#7754=EDGE_LOOP('',(#7743,#7748,#7753));
#7755=FACE_OUTER_BOUND('',#7754,.T.);
#7756=ADVANCED_FACE('',(#7755),#7738,.T.);
#7757=CLOSED_SHELL('',(#7503,#7526,#7549,#7572,#7595,#7618,#7641,#7664,#7687,#7710,#7733,#7756));
#7758=FACETED_BREP('passive_fiducial_mount',#7757);
#7759=CARTESIAN_POINT('',(-43.500000,-41.800000,12.500000));
#7760=VERTEX_POINT('',#7759);
#7761=CARTESIAN_POINT('',(-43.500000,41.800000,12.500000));
#7762=VERTEX_POINT('',#7761);
#7763=CARTESIAN_POINT('',(-43.500000,41.800000,15.500000));
#7764=VERTEX_POINT('',#7763);
#7765=CARTESIAN_POINT('',(-43.500000,-41.800000,15.500000));
#7766=VERTEX_POINT('',#7765);
#7767=CARTESIAN_POINT('',(-40.500000,-41.800000,12.500000));
#7768=VERTEX_POINT('',#7767);
#7769=CARTESIAN_POINT('',(-40.500000,41.800000,12.500000));
#7770=VERTEX_POINT('',#7769);
#7771=CARTESIAN_POINT('',(-40.500000,41.800000,15.500000));
#7772=VERTEX_POINT('',#7771);
#7773=CARTESIAN_POINT('',(-40.500000,-41.800000,15.500000));
#7774=VERTEX_POINT('',#7773);
#7775=CARTESIAN_POINT('',(-43.500000,-41.800000,15.500000));
#7776=DIRECTION('',(-1.000000,0.000000,0.000000));
#7777=DIRECTION('',(0.000000,1.000000,0.000000));
#7778=AXIS2_PLACEMENT_3D('',#7775,#7776,#7777);
#7779=PLANE('',#7778);
#7780=DIRECTION('',(0.000000,1.000000,0.000000));
#7781=VECTOR('',#7780,83.600000);
#7782=LINE('',#7765,#7781);
#7783=EDGE_CURVE('',#7766,#7764,#7782,.T.);
#7784=ORIENTED_EDGE('',*,*,#7783,.T.);
#7785=DIRECTION('',(0.000000,0.000000,-1.000000));
#7786=VECTOR('',#7785,3.000000);
#7787=LINE('',#7763,#7786);
#7788=EDGE_CURVE('',#7764,#7762,#7787,.T.);
#7789=ORIENTED_EDGE('',*,*,#7788,.T.);
#7790=DIRECTION('',(0.000000,-0.999357,0.035862));
#7791=VECTOR('',#7790,83.653810);
#7792=LINE('',#7761,#7791);
#7793=EDGE_CURVE('',#7762,#7766,#7792,.T.);
#7794=ORIENTED_EDGE('',*,*,#7793,.T.);
#7795=EDGE_LOOP('',(#7784,#7789,#7794));
#7796=FACE_OUTER_BOUND('',#7795,.T.);
#7797=ADVANCED_FACE('',(#7796),#7779,.T.);
#7798=CARTESIAN_POINT('',(-43.500000,-41.800000,15.500000));
#7799=DIRECTION('',(-1.000000,0.000000,0.000000));
#7800=DIRECTION('',(0.000000,1.000000,0.000000));
#7801=AXIS2_PLACEMENT_3D('',#7798,#7799,#7800);
#7802=PLANE('',#7801);
#7803=DIRECTION('',(0.000000,0.999357,-0.035862));
#7804=VECTOR('',#7803,83.653810);
#7805=LINE('',#7765,#7804);
#7806=EDGE_CURVE('',#7766,#7762,#7805,.T.);
#7807=ORIENTED_EDGE('',*,*,#7806,.T.);
#7808=DIRECTION('',(0.000000,-1.000000,0.000000));
#7809=VECTOR('',#7808,83.600000);
#7810=LINE('',#7761,#7809);
#7811=EDGE_CURVE('',#7762,#7760,#7810,.T.);
#7812=ORIENTED_EDGE('',*,*,#7811,.T.);
#7813=DIRECTION('',(0.000000,0.000000,1.000000));
#7814=VECTOR('',#7813,3.000000);
#7815=LINE('',#7759,#7814);
#7816=EDGE_CURVE('',#7760,#7766,#7815,.T.);
#7817=ORIENTED_EDGE('',*,*,#7816,.T.);
#7818=EDGE_LOOP('',(#7807,#7812,#7817));
#7819=FACE_OUTER_BOUND('',#7818,.T.);
#7820=ADVANCED_FACE('',(#7819),#7802,.T.);
#7821=CARTESIAN_POINT('',(-40.500000,-41.800000,12.500000));
#7822=DIRECTION('',(1.000000,0.000000,0.000000));
#7823=DIRECTION('',(0.000000,1.000000,0.000000));
#7824=AXIS2_PLACEMENT_3D('',#7821,#7822,#7823);
#7825=PLANE('',#7824);
#7826=DIRECTION('',(0.000000,1.000000,0.000000));
#7827=VECTOR('',#7826,83.600000);
#7828=LINE('',#7767,#7827);
#7829=EDGE_CURVE('',#7768,#7770,#7828,.T.);
#7830=ORIENTED_EDGE('',*,*,#7829,.T.);
#7831=DIRECTION('',(0.000000,0.000000,1.000000));
#7832=VECTOR('',#7831,3.000000);
#7833=LINE('',#7769,#7832);
#7834=EDGE_CURVE('',#7770,#7772,#7833,.T.);
#7835=ORIENTED_EDGE('',*,*,#7834,.T.);
#7836=DIRECTION('',(0.000000,-0.999357,-0.035862));
#7837=VECTOR('',#7836,83.653810);
#7838=LINE('',#7771,#7837);
#7839=EDGE_CURVE('',#7772,#7768,#7838,.T.);
#7840=ORIENTED_EDGE('',*,*,#7839,.T.);
#7841=EDGE_LOOP('',(#7830,#7835,#7840));
#7842=FACE_OUTER_BOUND('',#7841,.T.);
#7843=ADVANCED_FACE('',(#7842),#7825,.T.);
#7844=CARTESIAN_POINT('',(-40.500000,-41.800000,12.500000));
#7845=DIRECTION('',(1.000000,0.000000,0.000000));
#7846=DIRECTION('',(0.000000,1.000000,0.000000));
#7847=AXIS2_PLACEMENT_3D('',#7844,#7845,#7846);
#7848=PLANE('',#7847);
#7849=DIRECTION('',(0.000000,0.999357,0.035862));
#7850=VECTOR('',#7849,83.653810);
#7851=LINE('',#7767,#7850);
#7852=EDGE_CURVE('',#7768,#7772,#7851,.T.);
#7853=ORIENTED_EDGE('',*,*,#7852,.T.);
#7854=DIRECTION('',(0.000000,-1.000000,0.000000));
#7855=VECTOR('',#7854,83.600000);
#7856=LINE('',#7771,#7855);
#7857=EDGE_CURVE('',#7772,#7774,#7856,.T.);
#7858=ORIENTED_EDGE('',*,*,#7857,.T.);
#7859=DIRECTION('',(0.000000,0.000000,-1.000000));
#7860=VECTOR('',#7859,3.000000);
#7861=LINE('',#7773,#7860);
#7862=EDGE_CURVE('',#7774,#7768,#7861,.T.);
#7863=ORIENTED_EDGE('',*,*,#7862,.T.);
#7864=EDGE_LOOP('',(#7853,#7858,#7863));
#7865=FACE_OUTER_BOUND('',#7864,.T.);
#7866=ADVANCED_FACE('',(#7865),#7848,.T.);
#7867=CARTESIAN_POINT('',(-40.500000,-41.800000,12.500000));
#7868=DIRECTION('',(0.000000,-1.000000,0.000000));
#7869=DIRECTION('',(1.000000,0.000000,0.000000));
#7870=AXIS2_PLACEMENT_3D('',#7867,#7868,#7869);
#7871=PLANE('',#7870);
#7872=DIRECTION('',(0.000000,0.000000,1.000000));
#7873=VECTOR('',#7872,3.000000);
#7874=LINE('',#7767,#7873);
#7875=EDGE_CURVE('',#7768,#7774,#7874,.T.);
#7876=ORIENTED_EDGE('',*,*,#7875,.T.);
#7877=DIRECTION('',(-1.000000,0.000000,0.000000));
#7878=VECTOR('',#7877,3.000000);
#7879=LINE('',#7773,#7878);
#7880=EDGE_CURVE('',#7774,#7766,#7879,.T.);
#7881=ORIENTED_EDGE('',*,*,#7880,.T.);
#7882=DIRECTION('',(0.707107,0.000000,-0.707107));
#7883=VECTOR('',#7882,4.242641);
#7884=LINE('',#7765,#7883);
#7885=EDGE_CURVE('',#7766,#7768,#7884,.T.);
#7886=ORIENTED_EDGE('',*,*,#7885,.T.);
#7887=EDGE_LOOP('',(#7876,#7881,#7886));
#7888=FACE_OUTER_BOUND('',#7887,.T.);
#7889=ADVANCED_FACE('',(#7888),#7871,.T.);
#7890=CARTESIAN_POINT('',(-40.500000,-41.800000,12.500000));
#7891=DIRECTION('',(0.000000,-1.000000,0.000000));
#7892=DIRECTION('',(1.000000,0.000000,0.000000));
#7893=AXIS2_PLACEMENT_3D('',#7890,#7891,#7892);
#7894=PLANE('',#7893);
#7895=DIRECTION('',(-0.707107,0.000000,0.707107));
#7896=VECTOR('',#7895,4.242641);
#7897=LINE('',#7767,#7896);
#7898=EDGE_CURVE('',#7768,#7766,#7897,.T.);
#7899=ORIENTED_EDGE('',*,*,#7898,.T.);
#7900=DIRECTION('',(0.000000,0.000000,-1.000000));
#7901=VECTOR('',#7900,3.000000);
#7902=LINE('',#7765,#7901);
#7903=EDGE_CURVE('',#7766,#7760,#7902,.T.);
#7904=ORIENTED_EDGE('',*,*,#7903,.T.);
#7905=DIRECTION('',(1.000000,0.000000,0.000000));
#7906=VECTOR('',#7905,3.000000);
#7907=LINE('',#7759,#7906);
#7908=EDGE_CURVE('',#7760,#7768,#7907,.T.);
#7909=ORIENTED_EDGE('',*,*,#7908,.T.);
#7910=EDGE_LOOP('',(#7899,#7904,#7909));
#7911=FACE_OUTER_BOUND('',#7910,.T.);
#7912=ADVANCED_FACE('',(#7911),#7894,.T.);
#7913=CARTESIAN_POINT('',(-43.500000,41.800000,12.500000));
#7914=DIRECTION('',(0.000000,1.000000,0.000000));
#7915=DIRECTION('',(1.000000,0.000000,0.000000));
#7916=AXIS2_PLACEMENT_3D('',#7913,#7914,#7915);
#7917=PLANE('',#7916);
#7918=DIRECTION('',(0.000000,0.000000,1.000000));
#7919=VECTOR('',#7918,3.000000);
#7920=LINE('',#7761,#7919);
#7921=EDGE_CURVE('',#7762,#7764,#7920,.T.);
#7922=ORIENTED_EDGE('',*,*,#7921,.T.);
#7923=DIRECTION('',(1.000000,0.000000,0.000000));
#7924=VECTOR('',#7923,3.000000);
#7925=LINE('',#7763,#7924);
#7926=EDGE_CURVE('',#7764,#7772,#7925,.T.);
#7927=ORIENTED_EDGE('',*,*,#7926,.T.);
#7928=DIRECTION('',(-0.707107,0.000000,-0.707107));
#7929=VECTOR('',#7928,4.242641);
#7930=LINE('',#7771,#7929);
#7931=EDGE_CURVE('',#7772,#7762,#7930,.T.);
#7932=ORIENTED_EDGE('',*,*,#7931,.T.);
#7933=EDGE_LOOP('',(#7922,#7927,#7932));
#7934=FACE_OUTER_BOUND('',#7933,.T.);
#7935=ADVANCED_FACE('',(#7934),#7917,.T.);
#7936=CARTESIAN_POINT('',(-43.500000,41.800000,12.500000));
#7937=DIRECTION('',(0.000000,1.000000,0.000000));
#7938=DIRECTION('',(1.000000,0.000000,0.000000));
#7939=AXIS2_PLACEMENT_3D('',#7936,#7937,#7938);
#7940=PLANE('',#7939);
#7941=DIRECTION('',(0.707107,0.000000,0.707107));
#7942=VECTOR('',#7941,4.242641);
#7943=LINE('',#7761,#7942);
#7944=EDGE_CURVE('',#7762,#7772,#7943,.T.);
#7945=ORIENTED_EDGE('',*,*,#7944,.T.);
#7946=DIRECTION('',(0.000000,0.000000,-1.000000));
#7947=VECTOR('',#7946,3.000000);
#7948=LINE('',#7771,#7947);
#7949=EDGE_CURVE('',#7772,#7770,#7948,.T.);
#7950=ORIENTED_EDGE('',*,*,#7949,.T.);
#7951=DIRECTION('',(-1.000000,0.000000,0.000000));
#7952=VECTOR('',#7951,3.000000);
#7953=LINE('',#7769,#7952);
#7954=EDGE_CURVE('',#7770,#7762,#7953,.T.);
#7955=ORIENTED_EDGE('',*,*,#7954,.T.);
#7956=EDGE_LOOP('',(#7945,#7950,#7955));
#7957=FACE_OUTER_BOUND('',#7956,.T.);
#7958=ADVANCED_FACE('',(#7957),#7940,.T.);
#7959=CARTESIAN_POINT('',(-43.500000,41.800000,12.500000));
#7960=DIRECTION('',(0.000000,0.000000,-1.000000));
#7961=DIRECTION('',(1.000000,0.000000,0.000000));
#7962=AXIS2_PLACEMENT_3D('',#7959,#7960,#7961);
#7963=PLANE('',#7962);
#7964=DIRECTION('',(1.000000,0.000000,0.000000));
#7965=VECTOR('',#7964,3.000000);
#7966=LINE('',#7761,#7965);
#7967=EDGE_CURVE('',#7762,#7770,#7966,.T.);
#7968=ORIENTED_EDGE('',*,*,#7967,.T.);
#7969=DIRECTION('',(0.000000,-1.000000,0.000000));
#7970=VECTOR('',#7969,83.600000);
#7971=LINE('',#7769,#7970);
#7972=EDGE_CURVE('',#7770,#7768,#7971,.T.);
#7973=ORIENTED_EDGE('',*,*,#7972,.T.);
#7974=DIRECTION('',(-0.035862,0.999357,0.000000));
#7975=VECTOR('',#7974,83.653810);
#7976=LINE('',#7767,#7975);
#7977=EDGE_CURVE('',#7768,#7762,#7976,.T.);
#7978=ORIENTED_EDGE('',*,*,#7977,.T.);
#7979=EDGE_LOOP('',(#7968,#7973,#7978));
#7980=FACE_OUTER_BOUND('',#7979,.T.);
#7981=ADVANCED_FACE('',(#7980),#7963,.T.);
#7982=CARTESIAN_POINT('',(-43.500000,41.800000,12.500000));
#7983=DIRECTION('',(0.000000,0.000000,-1.000000));
#7984=DIRECTION('',(1.000000,0.000000,0.000000));
#7985=AXIS2_PLACEMENT_3D('',#7982,#7983,#7984);
#7986=PLANE('',#7985);
#7987=DIRECTION('',(0.035862,-0.999357,0.000000));
#7988=VECTOR('',#7987,83.653810);
#7989=LINE('',#7761,#7988);
#7990=EDGE_CURVE('',#7762,#7768,#7989,.T.);
#7991=ORIENTED_EDGE('',*,*,#7990,.T.);
#7992=DIRECTION('',(-1.000000,0.000000,0.000000));
#7993=VECTOR('',#7992,3.000000);
#7994=LINE('',#7767,#7993);
#7995=EDGE_CURVE('',#7768,#7760,#7994,.T.);
#7996=ORIENTED_EDGE('',*,*,#7995,.T.);
#7997=DIRECTION('',(0.000000,1.000000,0.000000));
#7998=VECTOR('',#7997,83.600000);
#7999=LINE('',#7759,#7998);
#8000=EDGE_CURVE('',#7760,#7762,#7999,.T.);
#8001=ORIENTED_EDGE('',*,*,#8000,.T.);
#8002=EDGE_LOOP('',(#7991,#7996,#8001));
#8003=FACE_OUTER_BOUND('',#8002,.T.);
#8004=ADVANCED_FACE('',(#8003),#7986,.T.);
#8005=CARTESIAN_POINT('',(-43.500000,-41.800000,15.500000));
#8006=DIRECTION('',(0.000000,0.000000,1.000000));
#8007=DIRECTION('',(1.000000,0.000000,0.000000));
#8008=AXIS2_PLACEMENT_3D('',#8005,#8006,#8007);
#8009=PLANE('',#8008);
#8010=DIRECTION('',(1.000000,0.000000,0.000000));
#8011=VECTOR('',#8010,3.000000);
#8012=LINE('',#7765,#8011);
#8013=EDGE_CURVE('',#7766,#7774,#8012,.T.);
#8014=ORIENTED_EDGE('',*,*,#8013,.T.);
#8015=DIRECTION('',(0.000000,1.000000,0.000000));
#8016=VECTOR('',#8015,83.600000);
#8017=LINE('',#7773,#8016);
#8018=EDGE_CURVE('',#7774,#7772,#8017,.T.);
#8019=ORIENTED_EDGE('',*,*,#8018,.T.);
#8020=DIRECTION('',(-0.035862,-0.999357,0.000000));
#8021=VECTOR('',#8020,83.653810);
#8022=LINE('',#7771,#8021);
#8023=EDGE_CURVE('',#7772,#7766,#8022,.T.);
#8024=ORIENTED_EDGE('',*,*,#8023,.T.);
#8025=EDGE_LOOP('',(#8014,#8019,#8024));
#8026=FACE_OUTER_BOUND('',#8025,.T.);
#8027=ADVANCED_FACE('',(#8026),#8009,.T.);
#8028=CARTESIAN_POINT('',(-43.500000,-41.800000,15.500000));
#8029=DIRECTION('',(0.000000,0.000000,1.000000));
#8030=DIRECTION('',(1.000000,0.000000,0.000000));
#8031=AXIS2_PLACEMENT_3D('',#8028,#8029,#8030);
#8032=PLANE('',#8031);
#8033=DIRECTION('',(0.035862,0.999357,0.000000));
#8034=VECTOR('',#8033,83.653810);
#8035=LINE('',#7765,#8034);
#8036=EDGE_CURVE('',#7766,#7772,#8035,.T.);
#8037=ORIENTED_EDGE('',*,*,#8036,.T.);
#8038=DIRECTION('',(-1.000000,0.000000,0.000000));
#8039=VECTOR('',#8038,3.000000);
#8040=LINE('',#7771,#8039);
#8041=EDGE_CURVE('',#7772,#7764,#8040,.T.);
#8042=ORIENTED_EDGE('',*,*,#8041,.T.);
#8043=DIRECTION('',(0.000000,-1.000000,0.000000));
#8044=VECTOR('',#8043,83.600000);
#8045=LINE('',#7763,#8044);
#8046=EDGE_CURVE('',#7764,#7766,#8045,.T.);
#8047=ORIENTED_EDGE('',*,*,#8046,.T.);
#8048=EDGE_LOOP('',(#8037,#8042,#8047));
#8049=FACE_OUTER_BOUND('',#8048,.T.);
#8050=ADVANCED_FACE('',(#8049),#8032,.T.);
#8051=CLOSED_SHELL('',(#7797,#7820,#7843,#7866,#7889,#7912,#7935,#7958,#7981,#8004,#8027,#8050));
#8052=FACETED_BREP('phone_bottom_retainer',#8051);
#8053=CARTESIAN_POINT('',(-51.900000,-35.800000,16.000000));
#8054=VERTEX_POINT('',#8053);
#8055=CARTESIAN_POINT('',(-51.900000,35.800000,16.000000));
#8056=VERTEX_POINT('',#8055);
#8057=CARTESIAN_POINT('',(-51.900000,35.800000,163.600000));
#8058=VERTEX_POINT('',#8057);
#8059=CARTESIAN_POINT('',(-51.900000,-35.800000,163.600000));
#8060=VERTEX_POINT('',#8059);
#8061=CARTESIAN_POINT('',(-44.100000,-35.800000,16.000000));
#8062=VERTEX_POINT('',#8061);
#8063=CARTESIAN_POINT('',(-44.100000,35.800000,16.000000));
#8064=VERTEX_POINT('',#8063);
#8065=CARTESIAN_POINT('',(-44.100000,35.800000,163.600000));
#8066=VERTEX_POINT('',#8065);
#8067=CARTESIAN_POINT('',(-44.100000,-35.800000,163.600000));
#8068=VERTEX_POINT('',#8067);
#8069=CARTESIAN_POINT('',(-51.900000,-35.800000,163.600000));
#8070=DIRECTION('',(-1.000000,0.000000,0.000000));
#8071=DIRECTION('',(0.000000,1.000000,0.000000));
#8072=AXIS2_PLACEMENT_3D('',#8069,#8070,#8071);
#8073=PLANE('',#8072);
#8074=DIRECTION('',(0.000000,1.000000,0.000000));
#8075=VECTOR('',#8074,71.600000);
#8076=LINE('',#8059,#8075);
#8077=EDGE_CURVE('',#8060,#8058,#8076,.T.);
#8078=ORIENTED_EDGE('',*,*,#8077,.T.);
#8079=DIRECTION('',(0.000000,0.000000,-1.000000));
#8080=VECTOR('',#8079,147.600000);
#8081=LINE('',#8057,#8080);
#8082=EDGE_CURVE('',#8058,#8056,#8081,.T.);
#8083=ORIENTED_EDGE('',*,*,#8082,.T.);
#8084=DIRECTION('',(0.000000,-0.436453,0.899727));
#8085=VECTOR('',#8084,164.049749);
#8086=LINE('',#8055,#8085);
#8087=EDGE_CURVE('',#8056,#8060,#8086,.T.);
#8088=ORIENTED_EDGE('',*,*,#8087,.T.);
#8089=EDGE_LOOP('',(#8078,#8083,#8088));
#8090=FACE_OUTER_BOUND('',#8089,.T.);
#8091=ADVANCED_FACE('',(#8090),#8073,.T.);
#8092=CARTESIAN_POINT('',(-51.900000,-35.800000,163.600000));
#8093=DIRECTION('',(-1.000000,0.000000,0.000000));
#8094=DIRECTION('',(0.000000,1.000000,0.000000));
#8095=AXIS2_PLACEMENT_3D('',#8092,#8093,#8094);
#8096=PLANE('',#8095);
#8097=DIRECTION('',(0.000000,0.436453,-0.899727));
#8098=VECTOR('',#8097,164.049749);
#8099=LINE('',#8059,#8098);
#8100=EDGE_CURVE('',#8060,#8056,#8099,.T.);
#8101=ORIENTED_EDGE('',*,*,#8100,.T.);
#8102=DIRECTION('',(0.000000,-1.000000,0.000000));
#8103=VECTOR('',#8102,71.600000);
#8104=LINE('',#8055,#8103);
#8105=EDGE_CURVE('',#8056,#8054,#8104,.T.);
#8106=ORIENTED_EDGE('',*,*,#8105,.T.);
#8107=DIRECTION('',(0.000000,0.000000,1.000000));
#8108=VECTOR('',#8107,147.600000);
#8109=LINE('',#8053,#8108);
#8110=EDGE_CURVE('',#8054,#8060,#8109,.T.);
#8111=ORIENTED_EDGE('',*,*,#8110,.T.);
#8112=EDGE_LOOP('',(#8101,#8106,#8111));
#8113=FACE_OUTER_BOUND('',#8112,.T.);
#8114=ADVANCED_FACE('',(#8113),#8096,.T.);
#8115=CARTESIAN_POINT('',(-44.100000,-35.800000,16.000000));
#8116=DIRECTION('',(1.000000,0.000000,0.000000));
#8117=DIRECTION('',(0.000000,1.000000,0.000000));
#8118=AXIS2_PLACEMENT_3D('',#8115,#8116,#8117);
#8119=PLANE('',#8118);
#8120=DIRECTION('',(0.000000,1.000000,0.000000));
#8121=VECTOR('',#8120,71.600000);
#8122=LINE('',#8061,#8121);
#8123=EDGE_CURVE('',#8062,#8064,#8122,.T.);
#8124=ORIENTED_EDGE('',*,*,#8123,.T.);
#8125=DIRECTION('',(0.000000,0.000000,1.000000));
#8126=VECTOR('',#8125,147.600000);
#8127=LINE('',#8063,#8126);
#8128=EDGE_CURVE('',#8064,#8066,#8127,.T.);
#8129=ORIENTED_EDGE('',*,*,#8128,.T.);
#8130=DIRECTION('',(0.000000,-0.436453,-0.899727));
#8131=VECTOR('',#8130,164.049749);
#8132=LINE('',#8065,#8131);
#8133=EDGE_CURVE('',#8066,#8062,#8132,.T.);
#8134=ORIENTED_EDGE('',*,*,#8133,.T.);
#8135=EDGE_LOOP('',(#8124,#8129,#8134));
#8136=FACE_OUTER_BOUND('',#8135,.T.);
#8137=ADVANCED_FACE('',(#8136),#8119,.T.);
#8138=CARTESIAN_POINT('',(-44.100000,-35.800000,16.000000));
#8139=DIRECTION('',(1.000000,0.000000,0.000000));
#8140=DIRECTION('',(0.000000,1.000000,0.000000));
#8141=AXIS2_PLACEMENT_3D('',#8138,#8139,#8140);
#8142=PLANE('',#8141);
#8143=DIRECTION('',(0.000000,0.436453,0.899727));
#8144=VECTOR('',#8143,164.049749);
#8145=LINE('',#8061,#8144);
#8146=EDGE_CURVE('',#8062,#8066,#8145,.T.);
#8147=ORIENTED_EDGE('',*,*,#8146,.T.);
#8148=DIRECTION('',(0.000000,-1.000000,0.000000));
#8149=VECTOR('',#8148,71.600000);
#8150=LINE('',#8065,#8149);
#8151=EDGE_CURVE('',#8066,#8068,#8150,.T.);
#8152=ORIENTED_EDGE('',*,*,#8151,.T.);
#8153=DIRECTION('',(0.000000,0.000000,-1.000000));
#8154=VECTOR('',#8153,147.600000);
#8155=LINE('',#8067,#8154);
#8156=EDGE_CURVE('',#8068,#8062,#8155,.T.);
#8157=ORIENTED_EDGE('',*,*,#8156,.T.);
#8158=EDGE_LOOP('',(#8147,#8152,#8157));
#8159=FACE_OUTER_BOUND('',#8158,.T.);
#8160=ADVANCED_FACE('',(#8159),#8142,.T.);
#8161=CARTESIAN_POINT('',(-44.100000,-35.800000,16.000000));
#8162=DIRECTION('',(0.000000,-1.000000,0.000000));
#8163=DIRECTION('',(1.000000,0.000000,0.000000));
#8164=AXIS2_PLACEMENT_3D('',#8161,#8162,#8163);
#8165=PLANE('',#8164);
#8166=DIRECTION('',(0.000000,0.000000,1.000000));
#8167=VECTOR('',#8166,147.600000);
#8168=LINE('',#8061,#8167);
#8169=EDGE_CURVE('',#8062,#8068,#8168,.T.);
#8170=ORIENTED_EDGE('',*,*,#8169,.T.);
#8171=DIRECTION('',(-1.000000,0.000000,0.000000));
#8172=VECTOR('',#8171,7.800000);
#8173=LINE('',#8067,#8172);
#8174=EDGE_CURVE('',#8068,#8060,#8173,.T.);
#8175=ORIENTED_EDGE('',*,*,#8174,.T.);
#8176=DIRECTION('',(0.052772,0.000000,-0.998607));
#8177=VECTOR('',#8176,147.805954);
#8178=LINE('',#8059,#8177);
#8179=EDGE_CURVE('',#8060,#8062,#8178,.T.);
#8180=ORIENTED_EDGE('',*,*,#8179,.T.);
#8181=EDGE_LOOP('',(#8170,#8175,#8180));
#8182=FACE_OUTER_BOUND('',#8181,.T.);
#8183=ADVANCED_FACE('',(#8182),#8165,.T.);
#8184=CARTESIAN_POINT('',(-44.100000,-35.800000,16.000000));
#8185=DIRECTION('',(0.000000,-1.000000,0.000000));
#8186=DIRECTION('',(1.000000,0.000000,0.000000));
#8187=AXIS2_PLACEMENT_3D('',#8184,#8185,#8186);
#8188=PLANE('',#8187);
#8189=DIRECTION('',(-0.052772,0.000000,0.998607));
#8190=VECTOR('',#8189,147.805954);
#8191=LINE('',#8061,#8190);
#8192=EDGE_CURVE('',#8062,#8060,#8191,.T.);
#8193=ORIENTED_EDGE('',*,*,#8192,.T.);
#8194=DIRECTION('',(0.000000,0.000000,-1.000000));
#8195=VECTOR('',#8194,147.600000);
#8196=LINE('',#8059,#8195);
#8197=EDGE_CURVE('',#8060,#8054,#8196,.T.);
#8198=ORIENTED_EDGE('',*,*,#8197,.T.);
#8199=DIRECTION('',(1.000000,0.000000,0.000000));
#8200=VECTOR('',#8199,7.800000);
#8201=LINE('',#8053,#8200);
#8202=EDGE_CURVE('',#8054,#8062,#8201,.T.);
#8203=ORIENTED_EDGE('',*,*,#8202,.T.);
#8204=EDGE_LOOP('',(#8193,#8198,#8203));
#8205=FACE_OUTER_BOUND('',#8204,.T.);
#8206=ADVANCED_FACE('',(#8205),#8188,.T.);
#8207=CARTESIAN_POINT('',(-51.900000,35.800000,16.000000));
#8208=DIRECTION('',(0.000000,1.000000,0.000000));
#8209=DIRECTION('',(1.000000,0.000000,0.000000));
#8210=AXIS2_PLACEMENT_3D('',#8207,#8208,#8209);
#8211=PLANE('',#8210);
#8212=DIRECTION('',(0.000000,0.000000,1.000000));
#8213=VECTOR('',#8212,147.600000);
#8214=LINE('',#8055,#8213);
#8215=EDGE_CURVE('',#8056,#8058,#8214,.T.);
#8216=ORIENTED_EDGE('',*,*,#8215,.T.);
#8217=DIRECTION('',(1.000000,0.000000,0.000000));
#8218=VECTOR('',#8217,7.800000);
#8219=LINE('',#8057,#8218);
#8220=EDGE_CURVE('',#8058,#8066,#8219,.T.);
#8221=ORIENTED_EDGE('',*,*,#8220,.T.);
#8222=DIRECTION('',(-0.052772,0.000000,-0.998607));
#8223=VECTOR('',#8222,147.805954);
#8224=LINE('',#8065,#8223);
#8225=EDGE_CURVE('',#8066,#8056,#8224,.T.);
#8226=ORIENTED_EDGE('',*,*,#8225,.T.);
#8227=EDGE_LOOP('',(#8216,#8221,#8226));
#8228=FACE_OUTER_BOUND('',#8227,.T.);
#8229=ADVANCED_FACE('',(#8228),#8211,.T.);
#8230=CARTESIAN_POINT('',(-51.900000,35.800000,16.000000));
#8231=DIRECTION('',(0.000000,1.000000,0.000000));
#8232=DIRECTION('',(1.000000,0.000000,0.000000));
#8233=AXIS2_PLACEMENT_3D('',#8230,#8231,#8232);
#8234=PLANE('',#8233);
#8235=DIRECTION('',(0.052772,0.000000,0.998607));
#8236=VECTOR('',#8235,147.805954);
#8237=LINE('',#8055,#8236);
#8238=EDGE_CURVE('',#8056,#8066,#8237,.T.);
#8239=ORIENTED_EDGE('',*,*,#8238,.T.);
#8240=DIRECTION('',(0.000000,0.000000,-1.000000));
#8241=VECTOR('',#8240,147.600000);
#8242=LINE('',#8065,#8241);
#8243=EDGE_CURVE('',#8066,#8064,#8242,.T.);
#8244=ORIENTED_EDGE('',*,*,#8243,.T.);
#8245=DIRECTION('',(-1.000000,0.000000,0.000000));
#8246=VECTOR('',#8245,7.800000);
#8247=LINE('',#8063,#8246);
#8248=EDGE_CURVE('',#8064,#8056,#8247,.T.);
#8249=ORIENTED_EDGE('',*,*,#8248,.T.);
#8250=EDGE_LOOP('',(#8239,#8244,#8249));
#8251=FACE_OUTER_BOUND('',#8250,.T.);
#8252=ADVANCED_FACE('',(#8251),#8234,.T.);
#8253=CARTESIAN_POINT('',(-51.900000,35.800000,16.000000));
#8254=DIRECTION('',(0.000000,0.000000,-1.000000));
#8255=DIRECTION('',(1.000000,0.000000,0.000000));
#8256=AXIS2_PLACEMENT_3D('',#8253,#8254,#8255);
#8257=PLANE('',#8256);
#8258=DIRECTION('',(1.000000,0.000000,0.000000));
#8259=VECTOR('',#8258,7.800000);
#8260=LINE('',#8055,#8259);
#8261=EDGE_CURVE('',#8056,#8064,#8260,.T.);
#8262=ORIENTED_EDGE('',*,*,#8261,.T.);
#8263=DIRECTION('',(0.000000,-1.000000,0.000000));
#8264=VECTOR('',#8263,71.600000);
#8265=LINE('',#8063,#8264);
#8266=EDGE_CURVE('',#8064,#8062,#8265,.T.);
#8267=ORIENTED_EDGE('',*,*,#8266,.T.);
#8268=DIRECTION('',(-0.108298,0.994118,0.000000));
#8269=VECTOR('',#8268,72.023607);
#8270=LINE('',#8061,#8269);
#8271=EDGE_CURVE('',#8062,#8056,#8270,.T.);
#8272=ORIENTED_EDGE('',*,*,#8271,.T.);
#8273=EDGE_LOOP('',(#8262,#8267,#8272));
#8274=FACE_OUTER_BOUND('',#8273,.T.);
#8275=ADVANCED_FACE('',(#8274),#8257,.T.);
#8276=CARTESIAN_POINT('',(-51.900000,35.800000,16.000000));
#8277=DIRECTION('',(0.000000,0.000000,-1.000000));
#8278=DIRECTION('',(1.000000,0.000000,0.000000));
#8279=AXIS2_PLACEMENT_3D('',#8276,#8277,#8278);
#8280=PLANE('',#8279);
#8281=DIRECTION('',(0.108298,-0.994118,0.000000));
#8282=VECTOR('',#8281,72.023607);
#8283=LINE('',#8055,#8282);
#8284=EDGE_CURVE('',#8056,#8062,#8283,.T.);
#8285=ORIENTED_EDGE('',*,*,#8284,.T.);
#8286=DIRECTION('',(-1.000000,0.000000,0.000000));
#8287=VECTOR('',#8286,7.800000);
#8288=LINE('',#8061,#8287);
#8289=EDGE_CURVE('',#8062,#8054,#8288,.T.);
#8290=ORIENTED_EDGE('',*,*,#8289,.T.);
#8291=DIRECTION('',(0.000000,1.000000,0.000000));
#8292=VECTOR('',#8291,71.600000);
#8293=LINE('',#8053,#8292);
#8294=EDGE_CURVE('',#8054,#8056,#8293,.T.);
#8295=ORIENTED_EDGE('',*,*,#8294,.T.);
#8296=EDGE_LOOP('',(#8285,#8290,#8295));
#8297=FACE_OUTER_BOUND('',#8296,.T.);
#8298=ADVANCED_FACE('',(#8297),#8280,.T.);
#8299=CARTESIAN_POINT('',(-51.900000,-35.800000,163.600000));
#8300=DIRECTION('',(0.000000,0.000000,1.000000));
#8301=DIRECTION('',(1.000000,0.000000,0.000000));
#8302=AXIS2_PLACEMENT_3D('',#8299,#8300,#8301);
#8303=PLANE('',#8302);
#8304=DIRECTION('',(1.000000,0.000000,0.000000));
#8305=VECTOR('',#8304,7.800000);
#8306=LINE('',#8059,#8305);
#8307=EDGE_CURVE('',#8060,#8068,#8306,.T.);
#8308=ORIENTED_EDGE('',*,*,#8307,.T.);
#8309=DIRECTION('',(0.000000,1.000000,0.000000));
#8310=VECTOR('',#8309,71.600000);
#8311=LINE('',#8067,#8310);
#8312=EDGE_CURVE('',#8068,#8066,#8311,.T.);
#8313=ORIENTED_EDGE('',*,*,#8312,.T.);
#8314=DIRECTION('',(-0.108298,-0.994118,0.000000));
#8315=VECTOR('',#8314,72.023607);
#8316=LINE('',#8065,#8315);
#8317=EDGE_CURVE('',#8066,#8060,#8316,.T.);
#8318=ORIENTED_EDGE('',*,*,#8317,.T.);
#8319=EDGE_LOOP('',(#8308,#8313,#8318));
#8320=FACE_OUTER_BOUND('',#8319,.T.);
#8321=ADVANCED_FACE('',(#8320),#8303,.T.);
#8322=CARTESIAN_POINT('',(-51.900000,-35.800000,163.600000));
#8323=DIRECTION('',(0.000000,0.000000,1.000000));
#8324=DIRECTION('',(1.000000,0.000000,0.000000));
#8325=AXIS2_PLACEMENT_3D('',#8322,#8323,#8324);
#8326=PLANE('',#8325);
#8327=DIRECTION('',(0.108298,0.994118,0.000000));
#8328=VECTOR('',#8327,72.023607);
#8329=LINE('',#8059,#8328);
#8330=EDGE_CURVE('',#8060,#8066,#8329,.T.);
#8331=ORIENTED_EDGE('',*,*,#8330,.T.);
#8332=DIRECTION('',(-1.000000,0.000000,0.000000));
#8333=VECTOR('',#8332,7.800000);
#8334=LINE('',#8065,#8333);
#8335=EDGE_CURVE('',#8066,#8058,#8334,.T.);
#8336=ORIENTED_EDGE('',*,*,#8335,.T.);
#8337=DIRECTION('',(0.000000,-1.000000,0.000000));
#8338=VECTOR('',#8337,71.600000);
#8339=LINE('',#8057,#8338);
#8340=EDGE_CURVE('',#8058,#8060,#8339,.T.);
#8341=ORIENTED_EDGE('',*,*,#8340,.T.);
#8342=EDGE_LOOP('',(#8331,#8336,#8341));
#8343=FACE_OUTER_BOUND('',#8342,.T.);
#8344=ADVANCED_FACE('',(#8343),#8326,.T.);
#8345=CLOSED_SHELL('',(#8091,#8114,#8137,#8160,#8183,#8206,#8229,#8252,#8275,#8298,#8321,#8344));
#8346=FACETED_BREP('phone_reference',#8345);
#8347=CARTESIAN_POINT('',(-43.500000,-41.800000,164.100000));
#8348=VERTEX_POINT('',#8347);
#8349=CARTESIAN_POINT('',(-43.500000,41.800000,164.100000));
#8350=VERTEX_POINT('',#8349);
#8351=CARTESIAN_POINT('',(-43.500000,41.800000,167.100000));
#8352=VERTEX_POINT('',#8351);
#8353=CARTESIAN_POINT('',(-43.500000,-41.800000,167.100000));
#8354=VERTEX_POINT('',#8353);
#8355=CARTESIAN_POINT('',(-40.500000,-41.800000,164.100000));
#8356=VERTEX_POINT('',#8355);
#8357=CARTESIAN_POINT('',(-40.500000,41.800000,164.100000));
#8358=VERTEX_POINT('',#8357);
#8359=CARTESIAN_POINT('',(-40.500000,41.800000,167.100000));
#8360=VERTEX_POINT('',#8359);
#8361=CARTESIAN_POINT('',(-40.500000,-41.800000,167.100000));
#8362=VERTEX_POINT('',#8361);
#8363=CARTESIAN_POINT('',(-43.500000,-41.800000,167.100000));
#8364=DIRECTION('',(-1.000000,0.000000,0.000000));
#8365=DIRECTION('',(0.000000,1.000000,0.000000));
#8366=AXIS2_PLACEMENT_3D('',#8363,#8364,#8365);
#8367=PLANE('',#8366);
#8368=DIRECTION('',(0.000000,1.000000,0.000000));
#8369=VECTOR('',#8368,83.600000);
#8370=LINE('',#8353,#8369);
#8371=EDGE_CURVE('',#8354,#8352,#8370,.T.);
#8372=ORIENTED_EDGE('',*,*,#8371,.T.);
#8373=DIRECTION('',(0.000000,0.000000,-1.000000));
#8374=VECTOR('',#8373,3.000000);
#8375=LINE('',#8351,#8374);
#8376=EDGE_CURVE('',#8352,#8350,#8375,.T.);
#8377=ORIENTED_EDGE('',*,*,#8376,.T.);
#8378=DIRECTION('',(0.000000,-0.999357,0.035862));
#8379=VECTOR('',#8378,83.653810);
#8380=LINE('',#8349,#8379);
#8381=EDGE_CURVE('',#8350,#8354,#8380,.T.);
#8382=ORIENTED_EDGE('',*,*,#8381,.T.);
#8383=EDGE_LOOP('',(#8372,#8377,#8382));
#8384=FACE_OUTER_BOUND('',#8383,.T.);
#8385=ADVANCED_FACE('',(#8384),#8367,.T.);
#8386=CARTESIAN_POINT('',(-43.500000,-41.800000,167.100000));
#8387=DIRECTION('',(-1.000000,0.000000,0.000000));
#8388=DIRECTION('',(0.000000,1.000000,0.000000));
#8389=AXIS2_PLACEMENT_3D('',#8386,#8387,#8388);
#8390=PLANE('',#8389);
#8391=DIRECTION('',(0.000000,0.999357,-0.035862));
#8392=VECTOR('',#8391,83.653810);
#8393=LINE('',#8353,#8392);
#8394=EDGE_CURVE('',#8354,#8350,#8393,.T.);
#8395=ORIENTED_EDGE('',*,*,#8394,.T.);
#8396=DIRECTION('',(0.000000,-1.000000,0.000000));
#8397=VECTOR('',#8396,83.600000);
#8398=LINE('',#8349,#8397);
#8399=EDGE_CURVE('',#8350,#8348,#8398,.T.);
#8400=ORIENTED_EDGE('',*,*,#8399,.T.);
#8401=DIRECTION('',(0.000000,0.000000,1.000000));
#8402=VECTOR('',#8401,3.000000);
#8403=LINE('',#8347,#8402);
#8404=EDGE_CURVE('',#8348,#8354,#8403,.T.);
#8405=ORIENTED_EDGE('',*,*,#8404,.T.);
#8406=EDGE_LOOP('',(#8395,#8400,#8405));
#8407=FACE_OUTER_BOUND('',#8406,.T.);
#8408=ADVANCED_FACE('',(#8407),#8390,.T.);
#8409=CARTESIAN_POINT('',(-40.500000,-41.800000,164.100000));
#8410=DIRECTION('',(1.000000,0.000000,0.000000));
#8411=DIRECTION('',(0.000000,1.000000,0.000000));
#8412=AXIS2_PLACEMENT_3D('',#8409,#8410,#8411);
#8413=PLANE('',#8412);
#8414=DIRECTION('',(0.000000,1.000000,0.000000));
#8415=VECTOR('',#8414,83.600000);
#8416=LINE('',#8355,#8415);
#8417=EDGE_CURVE('',#8356,#8358,#8416,.T.);
#8418=ORIENTED_EDGE('',*,*,#8417,.T.);
#8419=DIRECTION('',(0.000000,0.000000,1.000000));
#8420=VECTOR('',#8419,3.000000);
#8421=LINE('',#8357,#8420);
#8422=EDGE_CURVE('',#8358,#8360,#8421,.T.);
#8423=ORIENTED_EDGE('',*,*,#8422,.T.);
#8424=DIRECTION('',(0.000000,-0.999357,-0.035862));
#8425=VECTOR('',#8424,83.653810);
#8426=LINE('',#8359,#8425);
#8427=EDGE_CURVE('',#8360,#8356,#8426,.T.);
#8428=ORIENTED_EDGE('',*,*,#8427,.T.);
#8429=EDGE_LOOP('',(#8418,#8423,#8428));
#8430=FACE_OUTER_BOUND('',#8429,.T.);
#8431=ADVANCED_FACE('',(#8430),#8413,.T.);
#8432=CARTESIAN_POINT('',(-40.500000,-41.800000,164.100000));
#8433=DIRECTION('',(1.000000,0.000000,0.000000));
#8434=DIRECTION('',(0.000000,1.000000,0.000000));
#8435=AXIS2_PLACEMENT_3D('',#8432,#8433,#8434);
#8436=PLANE('',#8435);
#8437=DIRECTION('',(0.000000,0.999357,0.035862));
#8438=VECTOR('',#8437,83.653810);
#8439=LINE('',#8355,#8438);
#8440=EDGE_CURVE('',#8356,#8360,#8439,.T.);
#8441=ORIENTED_EDGE('',*,*,#8440,.T.);
#8442=DIRECTION('',(0.000000,-1.000000,0.000000));
#8443=VECTOR('',#8442,83.600000);
#8444=LINE('',#8359,#8443);
#8445=EDGE_CURVE('',#8360,#8362,#8444,.T.);
#8446=ORIENTED_EDGE('',*,*,#8445,.T.);
#8447=DIRECTION('',(0.000000,0.000000,-1.000000));
#8448=VECTOR('',#8447,3.000000);
#8449=LINE('',#8361,#8448);
#8450=EDGE_CURVE('',#8362,#8356,#8449,.T.);
#8451=ORIENTED_EDGE('',*,*,#8450,.T.);
#8452=EDGE_LOOP('',(#8441,#8446,#8451));
#8453=FACE_OUTER_BOUND('',#8452,.T.);
#8454=ADVANCED_FACE('',(#8453),#8436,.T.);
#8455=CARTESIAN_POINT('',(-40.500000,-41.800000,164.100000));
#8456=DIRECTION('',(0.000000,-1.000000,0.000000));
#8457=DIRECTION('',(1.000000,0.000000,0.000000));
#8458=AXIS2_PLACEMENT_3D('',#8455,#8456,#8457);
#8459=PLANE('',#8458);
#8460=DIRECTION('',(0.000000,0.000000,1.000000));
#8461=VECTOR('',#8460,3.000000);
#8462=LINE('',#8355,#8461);
#8463=EDGE_CURVE('',#8356,#8362,#8462,.T.);
#8464=ORIENTED_EDGE('',*,*,#8463,.T.);
#8465=DIRECTION('',(-1.000000,0.000000,0.000000));
#8466=VECTOR('',#8465,3.000000);
#8467=LINE('',#8361,#8466);
#8468=EDGE_CURVE('',#8362,#8354,#8467,.T.);
#8469=ORIENTED_EDGE('',*,*,#8468,.T.);
#8470=DIRECTION('',(0.707107,0.000000,-0.707107));
#8471=VECTOR('',#8470,4.242641);
#8472=LINE('',#8353,#8471);
#8473=EDGE_CURVE('',#8354,#8356,#8472,.T.);
#8474=ORIENTED_EDGE('',*,*,#8473,.T.);
#8475=EDGE_LOOP('',(#8464,#8469,#8474));
#8476=FACE_OUTER_BOUND('',#8475,.T.);
#8477=ADVANCED_FACE('',(#8476),#8459,.T.);
#8478=CARTESIAN_POINT('',(-40.500000,-41.800000,164.100000));
#8479=DIRECTION('',(0.000000,-1.000000,0.000000));
#8480=DIRECTION('',(1.000000,0.000000,0.000000));
#8481=AXIS2_PLACEMENT_3D('',#8478,#8479,#8480);
#8482=PLANE('',#8481);
#8483=DIRECTION('',(-0.707107,0.000000,0.707107));
#8484=VECTOR('',#8483,4.242641);
#8485=LINE('',#8355,#8484);
#8486=EDGE_CURVE('',#8356,#8354,#8485,.T.);
#8487=ORIENTED_EDGE('',*,*,#8486,.T.);
#8488=DIRECTION('',(0.000000,0.000000,-1.000000));
#8489=VECTOR('',#8488,3.000000);
#8490=LINE('',#8353,#8489);
#8491=EDGE_CURVE('',#8354,#8348,#8490,.T.);
#8492=ORIENTED_EDGE('',*,*,#8491,.T.);
#8493=DIRECTION('',(1.000000,0.000000,0.000000));
#8494=VECTOR('',#8493,3.000000);
#8495=LINE('',#8347,#8494);
#8496=EDGE_CURVE('',#8348,#8356,#8495,.T.);
#8497=ORIENTED_EDGE('',*,*,#8496,.T.);
#8498=EDGE_LOOP('',(#8487,#8492,#8497));
#8499=FACE_OUTER_BOUND('',#8498,.T.);
#8500=ADVANCED_FACE('',(#8499),#8482,.T.);
#8501=CARTESIAN_POINT('',(-43.500000,41.800000,164.100000));
#8502=DIRECTION('',(0.000000,1.000000,0.000000));
#8503=DIRECTION('',(1.000000,0.000000,0.000000));
#8504=AXIS2_PLACEMENT_3D('',#8501,#8502,#8503);
#8505=PLANE('',#8504);
#8506=DIRECTION('',(0.000000,0.000000,1.000000));
#8507=VECTOR('',#8506,3.000000);
#8508=LINE('',#8349,#8507);
#8509=EDGE_CURVE('',#8350,#8352,#8508,.T.);
#8510=ORIENTED_EDGE('',*,*,#8509,.T.);
#8511=DIRECTION('',(1.000000,0.000000,0.000000));
#8512=VECTOR('',#8511,3.000000);
#8513=LINE('',#8351,#8512);
#8514=EDGE_CURVE('',#8352,#8360,#8513,.T.);
#8515=ORIENTED_EDGE('',*,*,#8514,.T.);
#8516=DIRECTION('',(-0.707107,0.000000,-0.707107));
#8517=VECTOR('',#8516,4.242641);
#8518=LINE('',#8359,#8517);
#8519=EDGE_CURVE('',#8360,#8350,#8518,.T.);
#8520=ORIENTED_EDGE('',*,*,#8519,.T.);
#8521=EDGE_LOOP('',(#8510,#8515,#8520));
#8522=FACE_OUTER_BOUND('',#8521,.T.);
#8523=ADVANCED_FACE('',(#8522),#8505,.T.);
#8524=CARTESIAN_POINT('',(-43.500000,41.800000,164.100000));
#8525=DIRECTION('',(0.000000,1.000000,0.000000));
#8526=DIRECTION('',(1.000000,0.000000,0.000000));
#8527=AXIS2_PLACEMENT_3D('',#8524,#8525,#8526);
#8528=PLANE('',#8527);
#8529=DIRECTION('',(0.707107,0.000000,0.707107));
#8530=VECTOR('',#8529,4.242641);
#8531=LINE('',#8349,#8530);
#8532=EDGE_CURVE('',#8350,#8360,#8531,.T.);
#8533=ORIENTED_EDGE('',*,*,#8532,.T.);
#8534=DIRECTION('',(0.000000,0.000000,-1.000000));
#8535=VECTOR('',#8534,3.000000);
#8536=LINE('',#8359,#8535);
#8537=EDGE_CURVE('',#8360,#8358,#8536,.T.);
#8538=ORIENTED_EDGE('',*,*,#8537,.T.);
#8539=DIRECTION('',(-1.000000,0.000000,0.000000));
#8540=VECTOR('',#8539,3.000000);
#8541=LINE('',#8357,#8540);
#8542=EDGE_CURVE('',#8358,#8350,#8541,.T.);
#8543=ORIENTED_EDGE('',*,*,#8542,.T.);
#8544=EDGE_LOOP('',(#8533,#8538,#8543));
#8545=FACE_OUTER_BOUND('',#8544,.T.);
#8546=ADVANCED_FACE('',(#8545),#8528,.T.);
#8547=CARTESIAN_POINT('',(-43.500000,41.800000,164.100000));
#8548=DIRECTION('',(0.000000,0.000000,-1.000000));
#8549=DIRECTION('',(1.000000,0.000000,0.000000));
#8550=AXIS2_PLACEMENT_3D('',#8547,#8548,#8549);
#8551=PLANE('',#8550);
#8552=DIRECTION('',(1.000000,0.000000,0.000000));
#8553=VECTOR('',#8552,3.000000);
#8554=LINE('',#8349,#8553);
#8555=EDGE_CURVE('',#8350,#8358,#8554,.T.);
#8556=ORIENTED_EDGE('',*,*,#8555,.T.);
#8557=DIRECTION('',(0.000000,-1.000000,0.000000));
#8558=VECTOR('',#8557,83.600000);
#8559=LINE('',#8357,#8558);
#8560=EDGE_CURVE('',#8358,#8356,#8559,.T.);
#8561=ORIENTED_EDGE('',*,*,#8560,.T.);
#8562=DIRECTION('',(-0.035862,0.999357,0.000000));
#8563=VECTOR('',#8562,83.653810);
#8564=LINE('',#8355,#8563);
#8565=EDGE_CURVE('',#8356,#8350,#8564,.T.);
#8566=ORIENTED_EDGE('',*,*,#8565,.T.);
#8567=EDGE_LOOP('',(#8556,#8561,#8566));
#8568=FACE_OUTER_BOUND('',#8567,.T.);
#8569=ADVANCED_FACE('',(#8568),#8551,.T.);
#8570=CARTESIAN_POINT('',(-43.500000,41.800000,164.100000));
#8571=DIRECTION('',(0.000000,0.000000,-1.000000));
#8572=DIRECTION('',(1.000000,0.000000,0.000000));
#8573=AXIS2_PLACEMENT_3D('',#8570,#8571,#8572);
#8574=PLANE('',#8573);
#8575=DIRECTION('',(0.035862,-0.999357,0.000000));
#8576=VECTOR('',#8575,83.653810);
#8577=LINE('',#8349,#8576);
#8578=EDGE_CURVE('',#8350,#8356,#8577,.T.);
#8579=ORIENTED_EDGE('',*,*,#8578,.T.);
#8580=DIRECTION('',(-1.000000,0.000000,0.000000));
#8581=VECTOR('',#8580,3.000000);
#8582=LINE('',#8355,#8581);
#8583=EDGE_CURVE('',#8356,#8348,#8582,.T.);
#8584=ORIENTED_EDGE('',*,*,#8583,.T.);
#8585=DIRECTION('',(0.000000,1.000000,0.000000));
#8586=VECTOR('',#8585,83.600000);
#8587=LINE('',#8347,#8586);
#8588=EDGE_CURVE('',#8348,#8350,#8587,.T.);
#8589=ORIENTED_EDGE('',*,*,#8588,.T.);
#8590=EDGE_LOOP('',(#8579,#8584,#8589));
#8591=FACE_OUTER_BOUND('',#8590,.T.);
#8592=ADVANCED_FACE('',(#8591),#8574,.T.);
#8593=CARTESIAN_POINT('',(-43.500000,-41.800000,167.100000));
#8594=DIRECTION('',(0.000000,0.000000,1.000000));
#8595=DIRECTION('',(1.000000,0.000000,0.000000));
#8596=AXIS2_PLACEMENT_3D('',#8593,#8594,#8595);
#8597=PLANE('',#8596);
#8598=DIRECTION('',(1.000000,0.000000,0.000000));
#8599=VECTOR('',#8598,3.000000);
#8600=LINE('',#8353,#8599);
#8601=EDGE_CURVE('',#8354,#8362,#8600,.T.);
#8602=ORIENTED_EDGE('',*,*,#8601,.T.);
#8603=DIRECTION('',(0.000000,1.000000,0.000000));
#8604=VECTOR('',#8603,83.600000);
#8605=LINE('',#8361,#8604);
#8606=EDGE_CURVE('',#8362,#8360,#8605,.T.);
#8607=ORIENTED_EDGE('',*,*,#8606,.T.);
#8608=DIRECTION('',(-0.035862,-0.999357,0.000000));
#8609=VECTOR('',#8608,83.653810);
#8610=LINE('',#8359,#8609);
#8611=EDGE_CURVE('',#8360,#8354,#8610,.T.);
#8612=ORIENTED_EDGE('',*,*,#8611,.T.);
#8613=EDGE_LOOP('',(#8602,#8607,#8612));
#8614=FACE_OUTER_BOUND('',#8613,.T.);
#8615=ADVANCED_FACE('',(#8614),#8597,.T.);
#8616=CARTESIAN_POINT('',(-43.500000,-41.800000,167.100000));
#8617=DIRECTION('',(0.000000,0.000000,1.000000));
#8618=DIRECTION('',(1.000000,0.000000,0.000000));
#8619=AXIS2_PLACEMENT_3D('',#8616,#8617,#8618);
#8620=PLANE('',#8619);
#8621=DIRECTION('',(0.035862,0.999357,0.000000));
#8622=VECTOR('',#8621,83.653810);
#8623=LINE('',#8353,#8622);
#8624=EDGE_CURVE('',#8354,#8360,#8623,.T.);
#8625=ORIENTED_EDGE('',*,*,#8624,.T.);
#8626=DIRECTION('',(-1.000000,0.000000,0.000000));
#8627=VECTOR('',#8626,3.000000);
#8628=LINE('',#8359,#8627);
#8629=EDGE_CURVE('',#8360,#8352,#8628,.T.);
#8630=ORIENTED_EDGE('',*,*,#8629,.T.);
#8631=DIRECTION('',(0.000000,-1.000000,0.000000));
#8632=VECTOR('',#8631,83.600000);
#8633=LINE('',#8351,#8632);
#8634=EDGE_CURVE('',#8352,#8354,#8633,.T.);
#8635=ORIENTED_EDGE('',*,*,#8634,.T.);
#8636=EDGE_LOOP('',(#8625,#8630,#8635));
#8637=FACE_OUTER_BOUND('',#8636,.T.);
#8638=ADVANCED_FACE('',(#8637),#8620,.T.);
#8639=CLOSED_SHELL('',(#8385,#8408,#8431,#8454,#8477,#8500,#8523,#8546,#8569,#8592,#8615,#8638));
#8640=FACETED_BREP('phone_top_retainer',#8639);
#8641=CARTESIAN_POINT('',(-43.500000,36.300000,21.000000));
#8642=VERTEX_POINT('',#8641);
#8643=CARTESIAN_POINT('',(-43.500000,42.300000,21.000000));
#8644=VERTEX_POINT('',#8643);
#8645=CARTESIAN_POINT('',(-43.500000,42.300000,158.600000));
#8646=VERTEX_POINT('',#8645);
#8647=CARTESIAN_POINT('',(-43.500000,36.300000,158.600000));
#8648=VERTEX_POINT('',#8647);
#8649=CARTESIAN_POINT('',(-40.500000,36.300000,21.000000));
#8650=VERTEX_POINT('',#8649);
#8651=CARTESIAN_POINT('',(-40.500000,42.300000,21.000000));
#8652=VERTEX_POINT('',#8651);
#8653=CARTESIAN_POINT('',(-40.500000,42.300000,158.600000));
#8654=VERTEX_POINT('',#8653);
#8655=CARTESIAN_POINT('',(-40.500000,36.300000,158.600000));
#8656=VERTEX_POINT('',#8655);
#8657=CARTESIAN_POINT('',(-43.500000,36.300000,158.600000));
#8658=DIRECTION('',(-1.000000,0.000000,0.000000));
#8659=DIRECTION('',(0.000000,1.000000,0.000000));
#8660=AXIS2_PLACEMENT_3D('',#8657,#8658,#8659);
#8661=PLANE('',#8660);
#8662=DIRECTION('',(0.000000,1.000000,0.000000));
#8663=VECTOR('',#8662,6.000000);
#8664=LINE('',#8647,#8663);
#8665=EDGE_CURVE('',#8648,#8646,#8664,.T.);
#8666=ORIENTED_EDGE('',*,*,#8665,.T.);
#8667=DIRECTION('',(0.000000,0.000000,-1.000000));
#8668=VECTOR('',#8667,137.600000);
#8669=LINE('',#8645,#8668);
#8670=EDGE_CURVE('',#8646,#8644,#8669,.T.);
#8671=ORIENTED_EDGE('',*,*,#8670,.T.);
#8672=DIRECTION('',(0.000000,-0.043563,0.999051));
#8673=VECTOR('',#8672,137.730752);
#8674=LINE('',#8643,#8673);
#8675=EDGE_CURVE('',#8644,#8648,#8674,.T.);
#8676=ORIENTED_EDGE('',*,*,#8675,.T.);
#8677=EDGE_LOOP('',(#8666,#8671,#8676));
#8678=FACE_OUTER_BOUND('',#8677,.T.);
#8679=ADVANCED_FACE('',(#8678),#8661,.T.);
#8680=CARTESIAN_POINT('',(-43.500000,36.300000,158.600000));
#8681=DIRECTION('',(-1.000000,0.000000,0.000000));
#8682=DIRECTION('',(0.000000,1.000000,0.000000));
#8683=AXIS2_PLACEMENT_3D('',#8680,#8681,#8682);
#8684=PLANE('',#8683);
#8685=DIRECTION('',(0.000000,0.043563,-0.999051));
#8686=VECTOR('',#8685,137.730752);
#8687=LINE('',#8647,#8686);
#8688=EDGE_CURVE('',#8648,#8644,#8687,.T.);
#8689=ORIENTED_EDGE('',*,*,#8688,.T.);
#8690=DIRECTION('',(0.000000,-1.000000,0.000000));
#8691=VECTOR('',#8690,6.000000);
#8692=LINE('',#8643,#8691);
#8693=EDGE_CURVE('',#8644,#8642,#8692,.T.);
#8694=ORIENTED_EDGE('',*,*,#8693,.T.);
#8695=DIRECTION('',(0.000000,0.000000,1.000000));
#8696=VECTOR('',#8695,137.600000);
#8697=LINE('',#8641,#8696);
#8698=EDGE_CURVE('',#8642,#8648,#8697,.T.);
#8699=ORIENTED_EDGE('',*,*,#8698,.T.);
#8700=EDGE_LOOP('',(#8689,#8694,#8699));
#8701=FACE_OUTER_BOUND('',#8700,.T.);
#8702=ADVANCED_FACE('',(#8701),#8684,.T.);
#8703=CARTESIAN_POINT('',(-40.500000,36.300000,21.000000));
#8704=DIRECTION('',(1.000000,0.000000,0.000000));
#8705=DIRECTION('',(0.000000,1.000000,0.000000));
#8706=AXIS2_PLACEMENT_3D('',#8703,#8704,#8705);
#8707=PLANE('',#8706);
#8708=DIRECTION('',(0.000000,1.000000,0.000000));
#8709=VECTOR('',#8708,6.000000);
#8710=LINE('',#8649,#8709);
#8711=EDGE_CURVE('',#8650,#8652,#8710,.T.);
#8712=ORIENTED_EDGE('',*,*,#8711,.T.);
#8713=DIRECTION('',(0.000000,0.000000,1.000000));
#8714=VECTOR('',#8713,137.600000);
#8715=LINE('',#8651,#8714);
#8716=EDGE_CURVE('',#8652,#8654,#8715,.T.);
#8717=ORIENTED_EDGE('',*,*,#8716,.T.);
#8718=DIRECTION('',(0.000000,-0.043563,-0.999051));
#8719=VECTOR('',#8718,137.730752);
#8720=LINE('',#8653,#8719);
#8721=EDGE_CURVE('',#8654,#8650,#8720,.T.);
#8722=ORIENTED_EDGE('',*,*,#8721,.T.);
#8723=EDGE_LOOP('',(#8712,#8717,#8722));
#8724=FACE_OUTER_BOUND('',#8723,.T.);
#8725=ADVANCED_FACE('',(#8724),#8707,.T.);
#8726=CARTESIAN_POINT('',(-40.500000,36.300000,21.000000));
#8727=DIRECTION('',(1.000000,0.000000,0.000000));
#8728=DIRECTION('',(0.000000,1.000000,0.000000));
#8729=AXIS2_PLACEMENT_3D('',#8726,#8727,#8728);
#8730=PLANE('',#8729);
#8731=DIRECTION('',(0.000000,0.043563,0.999051));
#8732=VECTOR('',#8731,137.730752);
#8733=LINE('',#8649,#8732);
#8734=EDGE_CURVE('',#8650,#8654,#8733,.T.);
#8735=ORIENTED_EDGE('',*,*,#8734,.T.);
#8736=DIRECTION('',(0.000000,-1.000000,0.000000));
#8737=VECTOR('',#8736,6.000000);
#8738=LINE('',#8653,#8737);
#8739=EDGE_CURVE('',#8654,#8656,#8738,.T.);
#8740=ORIENTED_EDGE('',*,*,#8739,.T.);
#8741=DIRECTION('',(0.000000,0.000000,-1.000000));
#8742=VECTOR('',#8741,137.600000);
#8743=LINE('',#8655,#8742);
#8744=EDGE_CURVE('',#8656,#8650,#8743,.T.);
#8745=ORIENTED_EDGE('',*,*,#8744,.T.);
#8746=EDGE_LOOP('',(#8735,#8740,#8745));
#8747=FACE_OUTER_BOUND('',#8746,.T.);
#8748=ADVANCED_FACE('',(#8747),#8730,.T.);
#8749=CARTESIAN_POINT('',(-40.500000,36.300000,21.000000));
#8750=DIRECTION('',(0.000000,-1.000000,0.000000));
#8751=DIRECTION('',(1.000000,0.000000,0.000000));
#8752=AXIS2_PLACEMENT_3D('',#8749,#8750,#8751);
#8753=PLANE('',#8752);
#8754=DIRECTION('',(0.000000,0.000000,1.000000));
#8755=VECTOR('',#8754,137.600000);
#8756=LINE('',#8649,#8755);
#8757=EDGE_CURVE('',#8650,#8656,#8756,.T.);
#8758=ORIENTED_EDGE('',*,*,#8757,.T.);
#8759=DIRECTION('',(-1.000000,0.000000,0.000000));
#8760=VECTOR('',#8759,3.000000);
#8761=LINE('',#8655,#8760);
#8762=EDGE_CURVE('',#8656,#8648,#8761,.T.);
#8763=ORIENTED_EDGE('',*,*,#8762,.T.);
#8764=DIRECTION('',(0.021797,0.000000,-0.999762));
#8765=VECTOR('',#8764,137.632700);
#8766=LINE('',#8647,#8765);
#8767=EDGE_CURVE('',#8648,#8650,#8766,.T.);
#8768=ORIENTED_EDGE('',*,*,#8767,.T.);
#8769=EDGE_LOOP('',(#8758,#8763,#8768));
#8770=FACE_OUTER_BOUND('',#8769,.T.);
#8771=ADVANCED_FACE('',(#8770),#8753,.T.);
#8772=CARTESIAN_POINT('',(-40.500000,36.300000,21.000000));
#8773=DIRECTION('',(0.000000,-1.000000,0.000000));
#8774=DIRECTION('',(1.000000,0.000000,0.000000));
#8775=AXIS2_PLACEMENT_3D('',#8772,#8773,#8774);
#8776=PLANE('',#8775);
#8777=DIRECTION('',(-0.021797,0.000000,0.999762));
#8778=VECTOR('',#8777,137.632700);
#8779=LINE('',#8649,#8778);
#8780=EDGE_CURVE('',#8650,#8648,#8779,.T.);
#8781=ORIENTED_EDGE('',*,*,#8780,.T.);
#8782=DIRECTION('',(0.000000,0.000000,-1.000000));
#8783=VECTOR('',#8782,137.600000);
#8784=LINE('',#8647,#8783);
#8785=EDGE_CURVE('',#8648,#8642,#8784,.T.);
#8786=ORIENTED_EDGE('',*,*,#8785,.T.);
#8787=DIRECTION('',(1.000000,0.000000,0.000000));
#8788=VECTOR('',#8787,3.000000);
#8789=LINE('',#8641,#8788);
#8790=EDGE_CURVE('',#8642,#8650,#8789,.T.);
#8791=ORIENTED_EDGE('',*,*,#8790,.T.);
#8792=EDGE_LOOP('',(#8781,#8786,#8791));
#8793=FACE_OUTER_BOUND('',#8792,.T.);
#8794=ADVANCED_FACE('',(#8793),#8776,.T.);
#8795=CARTESIAN_POINT('',(-43.500000,42.300000,21.000000));
#8796=DIRECTION('',(0.000000,1.000000,0.000000));
#8797=DIRECTION('',(1.000000,0.000000,0.000000));
#8798=AXIS2_PLACEMENT_3D('',#8795,#8796,#8797);
#8799=PLANE('',#8798);
#8800=DIRECTION('',(0.000000,0.000000,1.000000));
#8801=VECTOR('',#8800,137.600000);
#8802=LINE('',#8643,#8801);
#8803=EDGE_CURVE('',#8644,#8646,#8802,.T.);
#8804=ORIENTED_EDGE('',*,*,#8803,.T.);
#8805=DIRECTION('',(1.000000,0.000000,0.000000));
#8806=VECTOR('',#8805,3.000000);
#8807=LINE('',#8645,#8806);
#8808=EDGE_CURVE('',#8646,#8654,#8807,.T.);
#8809=ORIENTED_EDGE('',*,*,#8808,.T.);
#8810=DIRECTION('',(-0.021797,0.000000,-0.999762));
#8811=VECTOR('',#8810,137.632700);
#8812=LINE('',#8653,#8811);
#8813=EDGE_CURVE('',#8654,#8644,#8812,.T.);
#8814=ORIENTED_EDGE('',*,*,#8813,.T.);
#8815=EDGE_LOOP('',(#8804,#8809,#8814));
#8816=FACE_OUTER_BOUND('',#8815,.T.);
#8817=ADVANCED_FACE('',(#8816),#8799,.T.);
#8818=CARTESIAN_POINT('',(-43.500000,42.300000,21.000000));
#8819=DIRECTION('',(0.000000,1.000000,0.000000));
#8820=DIRECTION('',(1.000000,0.000000,0.000000));
#8821=AXIS2_PLACEMENT_3D('',#8818,#8819,#8820);
#8822=PLANE('',#8821);
#8823=DIRECTION('',(0.021797,0.000000,0.999762));
#8824=VECTOR('',#8823,137.632700);
#8825=LINE('',#8643,#8824);
#8826=EDGE_CURVE('',#8644,#8654,#8825,.T.);
#8827=ORIENTED_EDGE('',*,*,#8826,.T.);
#8828=DIRECTION('',(0.000000,0.000000,-1.000000));
#8829=VECTOR('',#8828,137.600000);
#8830=LINE('',#8653,#8829);
#8831=EDGE_CURVE('',#8654,#8652,#8830,.T.);
#8832=ORIENTED_EDGE('',*,*,#8831,.T.);
#8833=DIRECTION('',(-1.000000,0.000000,0.000000));
#8834=VECTOR('',#8833,3.000000);
#8835=LINE('',#8651,#8834);
#8836=EDGE_CURVE('',#8652,#8644,#8835,.T.);
#8837=ORIENTED_EDGE('',*,*,#8836,.T.);
#8838=EDGE_LOOP('',(#8827,#8832,#8837));
#8839=FACE_OUTER_BOUND('',#8838,.T.);
#8840=ADVANCED_FACE('',(#8839),#8822,.T.);
#8841=CARTESIAN_POINT('',(-43.500000,42.300000,21.000000));
#8842=DIRECTION('',(0.000000,0.000000,-1.000000));
#8843=DIRECTION('',(1.000000,0.000000,0.000000));
#8844=AXIS2_PLACEMENT_3D('',#8841,#8842,#8843);
#8845=PLANE('',#8844);
#8846=DIRECTION('',(1.000000,0.000000,0.000000));
#8847=VECTOR('',#8846,3.000000);
#8848=LINE('',#8643,#8847);
#8849=EDGE_CURVE('',#8644,#8652,#8848,.T.);
#8850=ORIENTED_EDGE('',*,*,#8849,.T.);
#8851=DIRECTION('',(0.000000,-1.000000,0.000000));
#8852=VECTOR('',#8851,6.000000);
#8853=LINE('',#8651,#8852);
#8854=EDGE_CURVE('',#8652,#8650,#8853,.T.);
#8855=ORIENTED_EDGE('',*,*,#8854,.T.);
#8856=DIRECTION('',(-0.447214,0.894427,0.000000));
#8857=VECTOR('',#8856,6.708204);
#8858=LINE('',#8649,#8857);
#8859=EDGE_CURVE('',#8650,#8644,#8858,.T.);
#8860=ORIENTED_EDGE('',*,*,#8859,.T.);
#8861=EDGE_LOOP('',(#8850,#8855,#8860));
#8862=FACE_OUTER_BOUND('',#8861,.T.);
#8863=ADVANCED_FACE('',(#8862),#8845,.T.);
#8864=CARTESIAN_POINT('',(-43.500000,42.300000,21.000000));
#8865=DIRECTION('',(0.000000,0.000000,-1.000000));
#8866=DIRECTION('',(1.000000,0.000000,0.000000));
#8867=AXIS2_PLACEMENT_3D('',#8864,#8865,#8866);
#8868=PLANE('',#8867);
#8869=DIRECTION('',(0.447214,-0.894427,0.000000));
#8870=VECTOR('',#8869,6.708204);
#8871=LINE('',#8643,#8870);
#8872=EDGE_CURVE('',#8644,#8650,#8871,.T.);
#8873=ORIENTED_EDGE('',*,*,#8872,.T.);
#8874=DIRECTION('',(-1.000000,0.000000,0.000000));
#8875=VECTOR('',#8874,3.000000);
#8876=LINE('',#8649,#8875);
#8877=EDGE_CURVE('',#8650,#8642,#8876,.T.);
#8878=ORIENTED_EDGE('',*,*,#8877,.T.);
#8879=DIRECTION('',(0.000000,1.000000,0.000000));
#8880=VECTOR('',#8879,6.000000);
#8881=LINE('',#8641,#8880);
#8882=EDGE_CURVE('',#8642,#8644,#8881,.T.);
#8883=ORIENTED_EDGE('',*,*,#8882,.T.);
#8884=EDGE_LOOP('',(#8873,#8878,#8883));
#8885=FACE_OUTER_BOUND('',#8884,.T.);
#8886=ADVANCED_FACE('',(#8885),#8868,.T.);
#8887=CARTESIAN_POINT('',(-43.500000,36.300000,158.600000));
#8888=DIRECTION('',(0.000000,0.000000,1.000000));
#8889=DIRECTION('',(1.000000,0.000000,0.000000));
#8890=AXIS2_PLACEMENT_3D('',#8887,#8888,#8889);
#8891=PLANE('',#8890);
#8892=DIRECTION('',(1.000000,0.000000,0.000000));
#8893=VECTOR('',#8892,3.000000);
#8894=LINE('',#8647,#8893);
#8895=EDGE_CURVE('',#8648,#8656,#8894,.T.);
#8896=ORIENTED_EDGE('',*,*,#8895,.T.);
#8897=DIRECTION('',(0.000000,1.000000,0.000000));
#8898=VECTOR('',#8897,6.000000);
#8899=LINE('',#8655,#8898);
#8900=EDGE_CURVE('',#8656,#8654,#8899,.T.);
#8901=ORIENTED_EDGE('',*,*,#8900,.T.);
#8902=DIRECTION('',(-0.447214,-0.894427,0.000000));
#8903=VECTOR('',#8902,6.708204);
#8904=LINE('',#8653,#8903);
#8905=EDGE_CURVE('',#8654,#8648,#8904,.T.);
#8906=ORIENTED_EDGE('',*,*,#8905,.T.);
#8907=EDGE_LOOP('',(#8896,#8901,#8906));
#8908=FACE_OUTER_BOUND('',#8907,.T.);
#8909=ADVANCED_FACE('',(#8908),#8891,.T.);
#8910=CARTESIAN_POINT('',(-43.500000,36.300000,158.600000));
#8911=DIRECTION('',(0.000000,0.000000,1.000000));
#8912=DIRECTION('',(1.000000,0.000000,0.000000));
#8913=AXIS2_PLACEMENT_3D('',#8910,#8911,#8912);
#8914=PLANE('',#8913);
#8915=DIRECTION('',(0.447214,0.894427,0.000000));
#8916=VECTOR('',#8915,6.708204);
#8917=LINE('',#8647,#8916);
#8918=EDGE_CURVE('',#8648,#8654,#8917,.T.);
#8919=ORIENTED_EDGE('',*,*,#8918,.T.);
#8920=DIRECTION('',(-1.000000,0.000000,0.000000));
#8921=VECTOR('',#8920,3.000000);
#8922=LINE('',#8653,#8921);
#8923=EDGE_CURVE('',#8654,#8646,#8922,.T.);
#8924=ORIENTED_EDGE('',*,*,#8923,.T.);
#8925=DIRECTION('',(0.000000,-1.000000,0.000000));
#8926=VECTOR('',#8925,6.000000);
#8927=LINE('',#8645,#8926);
#8928=EDGE_CURVE('',#8646,#8648,#8927,.T.);
#8929=ORIENTED_EDGE('',*,*,#8928,.T.);
#8930=EDGE_LOOP('',(#8919,#8924,#8929));
#8931=FACE_OUTER_BOUND('',#8930,.T.);
#8932=ADVANCED_FACE('',(#8931),#8914,.T.);
#8933=CLOSED_SHELL('',(#8679,#8702,#8725,#8748,#8771,#8794,#8817,#8840,#8863,#8886,#8909,#8932));
#8934=FACETED_BREP('retainer_left',#8933);
#8935=CARTESIAN_POINT('',(-43.500000,-42.300000,21.000000));
#8936=VERTEX_POINT('',#8935);
#8937=CARTESIAN_POINT('',(-43.500000,-36.300000,21.000000));
#8938=VERTEX_POINT('',#8937);
#8939=CARTESIAN_POINT('',(-43.500000,-36.300000,158.600000));
#8940=VERTEX_POINT('',#8939);
#8941=CARTESIAN_POINT('',(-43.500000,-42.300000,158.600000));
#8942=VERTEX_POINT('',#8941);
#8943=CARTESIAN_POINT('',(-40.500000,-42.300000,21.000000));
#8944=VERTEX_POINT('',#8943);
#8945=CARTESIAN_POINT('',(-40.500000,-36.300000,21.000000));
#8946=VERTEX_POINT('',#8945);
#8947=CARTESIAN_POINT('',(-40.500000,-36.300000,158.600000));
#8948=VERTEX_POINT('',#8947);
#8949=CARTESIAN_POINT('',(-40.500000,-42.300000,158.600000));
#8950=VERTEX_POINT('',#8949);
#8951=CARTESIAN_POINT('',(-43.500000,-42.300000,158.600000));
#8952=DIRECTION('',(-1.000000,0.000000,0.000000));
#8953=DIRECTION('',(0.000000,1.000000,0.000000));
#8954=AXIS2_PLACEMENT_3D('',#8951,#8952,#8953);
#8955=PLANE('',#8954);
#8956=DIRECTION('',(0.000000,1.000000,0.000000));
#8957=VECTOR('',#8956,6.000000);
#8958=LINE('',#8941,#8957);
#8959=EDGE_CURVE('',#8942,#8940,#8958,.T.);
#8960=ORIENTED_EDGE('',*,*,#8959,.T.);
#8961=DIRECTION('',(0.000000,0.000000,-1.000000));
#8962=VECTOR('',#8961,137.600000);
#8963=LINE('',#8939,#8962);
#8964=EDGE_CURVE('',#8940,#8938,#8963,.T.);
#8965=ORIENTED_EDGE('',*,*,#8964,.T.);
#8966=DIRECTION('',(0.000000,-0.043563,0.999051));
#8967=VECTOR('',#8966,137.730752);
#8968=LINE('',#8937,#8967);
#8969=EDGE_CURVE('',#8938,#8942,#8968,.T.);
#8970=ORIENTED_EDGE('',*,*,#8969,.T.);
#8971=EDGE_LOOP('',(#8960,#8965,#8970));
#8972=FACE_OUTER_BOUND('',#8971,.T.);
#8973=ADVANCED_FACE('',(#8972),#8955,.T.);
#8974=CARTESIAN_POINT('',(-43.500000,-42.300000,158.600000));
#8975=DIRECTION('',(-1.000000,0.000000,0.000000));
#8976=DIRECTION('',(0.000000,1.000000,0.000000));
#8977=AXIS2_PLACEMENT_3D('',#8974,#8975,#8976);
#8978=PLANE('',#8977);
#8979=DIRECTION('',(0.000000,0.043563,-0.999051));
#8980=VECTOR('',#8979,137.730752);
#8981=LINE('',#8941,#8980);
#8982=EDGE_CURVE('',#8942,#8938,#8981,.T.);
#8983=ORIENTED_EDGE('',*,*,#8982,.T.);
#8984=DIRECTION('',(0.000000,-1.000000,0.000000));
#8985=VECTOR('',#8984,6.000000);
#8986=LINE('',#8937,#8985);
#8987=EDGE_CURVE('',#8938,#8936,#8986,.T.);
#8988=ORIENTED_EDGE('',*,*,#8987,.T.);
#8989=DIRECTION('',(0.000000,0.000000,1.000000));
#8990=VECTOR('',#8989,137.600000);
#8991=LINE('',#8935,#8990);
#8992=EDGE_CURVE('',#8936,#8942,#8991,.T.);
#8993=ORIENTED_EDGE('',*,*,#8992,.T.);
#8994=EDGE_LOOP('',(#8983,#8988,#8993));
#8995=FACE_OUTER_BOUND('',#8994,.T.);
#8996=ADVANCED_FACE('',(#8995),#8978,.T.);
#8997=CARTESIAN_POINT('',(-40.500000,-42.300000,21.000000));
#8998=DIRECTION('',(1.000000,0.000000,0.000000));
#8999=DIRECTION('',(0.000000,1.000000,0.000000));
#9000=AXIS2_PLACEMENT_3D('',#8997,#8998,#8999);
#9001=PLANE('',#9000);
#9002=DIRECTION('',(0.000000,1.000000,0.000000));
#9003=VECTOR('',#9002,6.000000);
#9004=LINE('',#8943,#9003);
#9005=EDGE_CURVE('',#8944,#8946,#9004,.T.);
#9006=ORIENTED_EDGE('',*,*,#9005,.T.);
#9007=DIRECTION('',(0.000000,0.000000,1.000000));
#9008=VECTOR('',#9007,137.600000);
#9009=LINE('',#8945,#9008);
#9010=EDGE_CURVE('',#8946,#8948,#9009,.T.);
#9011=ORIENTED_EDGE('',*,*,#9010,.T.);
#9012=DIRECTION('',(0.000000,-0.043563,-0.999051));
#9013=VECTOR('',#9012,137.730752);
#9014=LINE('',#8947,#9013);
#9015=EDGE_CURVE('',#8948,#8944,#9014,.T.);
#9016=ORIENTED_EDGE('',*,*,#9015,.T.);
#9017=EDGE_LOOP('',(#9006,#9011,#9016));
#9018=FACE_OUTER_BOUND('',#9017,.T.);
#9019=ADVANCED_FACE('',(#9018),#9001,.T.);
#9020=CARTESIAN_POINT('',(-40.500000,-42.300000,21.000000));
#9021=DIRECTION('',(1.000000,0.000000,0.000000));
#9022=DIRECTION('',(0.000000,1.000000,0.000000));
#9023=AXIS2_PLACEMENT_3D('',#9020,#9021,#9022);
#9024=PLANE('',#9023);
#9025=DIRECTION('',(0.000000,0.043563,0.999051));
#9026=VECTOR('',#9025,137.730752);
#9027=LINE('',#8943,#9026);
#9028=EDGE_CURVE('',#8944,#8948,#9027,.T.);
#9029=ORIENTED_EDGE('',*,*,#9028,.T.);
#9030=DIRECTION('',(0.000000,-1.000000,0.000000));
#9031=VECTOR('',#9030,6.000000);
#9032=LINE('',#8947,#9031);
#9033=EDGE_CURVE('',#8948,#8950,#9032,.T.);
#9034=ORIENTED_EDGE('',*,*,#9033,.T.);
#9035=DIRECTION('',(0.000000,0.000000,-1.000000));
#9036=VECTOR('',#9035,137.600000);
#9037=LINE('',#8949,#9036);
#9038=EDGE_CURVE('',#8950,#8944,#9037,.T.);
#9039=ORIENTED_EDGE('',*,*,#9038,.T.);
#9040=EDGE_LOOP('',(#9029,#9034,#9039));
#9041=FACE_OUTER_BOUND('',#9040,.T.);
#9042=ADVANCED_FACE('',(#9041),#9024,.T.);
#9043=CARTESIAN_POINT('',(-40.500000,-42.300000,21.000000));
#9044=DIRECTION('',(0.000000,-1.000000,0.000000));
#9045=DIRECTION('',(1.000000,0.000000,0.000000));
#9046=AXIS2_PLACEMENT_3D('',#9043,#9044,#9045);
#9047=PLANE('',#9046);
#9048=DIRECTION('',(0.000000,0.000000,1.000000));
#9049=VECTOR('',#9048,137.600000);
#9050=LINE('',#8943,#9049);
#9051=EDGE_CURVE('',#8944,#8950,#9050,.T.);
#9052=ORIENTED_EDGE('',*,*,#9051,.T.);
#9053=DIRECTION('',(-1.000000,0.000000,0.000000));
#9054=VECTOR('',#9053,3.000000);
#9055=LINE('',#8949,#9054);
#9056=EDGE_CURVE('',#8950,#8942,#9055,.T.);
#9057=ORIENTED_EDGE('',*,*,#9056,.T.);
#9058=DIRECTION('',(0.021797,0.000000,-0.999762));
#9059=VECTOR('',#9058,137.632700);
#9060=LINE('',#8941,#9059);
#9061=EDGE_CURVE('',#8942,#8944,#9060,.T.);
#9062=ORIENTED_EDGE('',*,*,#9061,.T.);
#9063=EDGE_LOOP('',(#9052,#9057,#9062));
#9064=FACE_OUTER_BOUND('',#9063,.T.);
#9065=ADVANCED_FACE('',(#9064),#9047,.T.);
#9066=CARTESIAN_POINT('',(-40.500000,-42.300000,21.000000));
#9067=DIRECTION('',(0.000000,-1.000000,0.000000));
#9068=DIRECTION('',(1.000000,0.000000,0.000000));
#9069=AXIS2_PLACEMENT_3D('',#9066,#9067,#9068);
#9070=PLANE('',#9069);
#9071=DIRECTION('',(-0.021797,0.000000,0.999762));
#9072=VECTOR('',#9071,137.632700);
#9073=LINE('',#8943,#9072);
#9074=EDGE_CURVE('',#8944,#8942,#9073,.T.);
#9075=ORIENTED_EDGE('',*,*,#9074,.T.);
#9076=DIRECTION('',(0.000000,0.000000,-1.000000));
#9077=VECTOR('',#9076,137.600000);
#9078=LINE('',#8941,#9077);
#9079=EDGE_CURVE('',#8942,#8936,#9078,.T.);
#9080=ORIENTED_EDGE('',*,*,#9079,.T.);
#9081=DIRECTION('',(1.000000,0.000000,0.000000));
#9082=VECTOR('',#9081,3.000000);
#9083=LINE('',#8935,#9082);
#9084=EDGE_CURVE('',#8936,#8944,#9083,.T.);
#9085=ORIENTED_EDGE('',*,*,#9084,.T.);
#9086=EDGE_LOOP('',(#9075,#9080,#9085));
#9087=FACE_OUTER_BOUND('',#9086,.T.);
#9088=ADVANCED_FACE('',(#9087),#9070,.T.);
#9089=CARTESIAN_POINT('',(-43.500000,-36.300000,21.000000));
#9090=DIRECTION('',(0.000000,1.000000,0.000000));
#9091=DIRECTION('',(1.000000,0.000000,0.000000));
#9092=AXIS2_PLACEMENT_3D('',#9089,#9090,#9091);
#9093=PLANE('',#9092);
#9094=DIRECTION('',(0.000000,0.000000,1.000000));
#9095=VECTOR('',#9094,137.600000);
#9096=LINE('',#8937,#9095);
#9097=EDGE_CURVE('',#8938,#8940,#9096,.T.);
#9098=ORIENTED_EDGE('',*,*,#9097,.T.);
#9099=DIRECTION('',(1.000000,0.000000,0.000000));
#9100=VECTOR('',#9099,3.000000);
#9101=LINE('',#8939,#9100);
#9102=EDGE_CURVE('',#8940,#8948,#9101,.T.);
#9103=ORIENTED_EDGE('',*,*,#9102,.T.);
#9104=DIRECTION('',(-0.021797,0.000000,-0.999762));
#9105=VECTOR('',#9104,137.632700);
#9106=LINE('',#8947,#9105);
#9107=EDGE_CURVE('',#8948,#8938,#9106,.T.);
#9108=ORIENTED_EDGE('',*,*,#9107,.T.);
#9109=EDGE_LOOP('',(#9098,#9103,#9108));
#9110=FACE_OUTER_BOUND('',#9109,.T.);
#9111=ADVANCED_FACE('',(#9110),#9093,.T.);
#9112=CARTESIAN_POINT('',(-43.500000,-36.300000,21.000000));
#9113=DIRECTION('',(0.000000,1.000000,0.000000));
#9114=DIRECTION('',(1.000000,0.000000,0.000000));
#9115=AXIS2_PLACEMENT_3D('',#9112,#9113,#9114);
#9116=PLANE('',#9115);
#9117=DIRECTION('',(0.021797,0.000000,0.999762));
#9118=VECTOR('',#9117,137.632700);
#9119=LINE('',#8937,#9118);
#9120=EDGE_CURVE('',#8938,#8948,#9119,.T.);
#9121=ORIENTED_EDGE('',*,*,#9120,.T.);
#9122=DIRECTION('',(0.000000,0.000000,-1.000000));
#9123=VECTOR('',#9122,137.600000);
#9124=LINE('',#8947,#9123);
#9125=EDGE_CURVE('',#8948,#8946,#9124,.T.);
#9126=ORIENTED_EDGE('',*,*,#9125,.T.);
#9127=DIRECTION('',(-1.000000,0.000000,0.000000));
#9128=VECTOR('',#9127,3.000000);
#9129=LINE('',#8945,#9128);
#9130=EDGE_CURVE('',#8946,#8938,#9129,.T.);
#9131=ORIENTED_EDGE('',*,*,#9130,.T.);
#9132=EDGE_LOOP('',(#9121,#9126,#9131));
#9133=FACE_OUTER_BOUND('',#9132,.T.);
#9134=ADVANCED_FACE('',(#9133),#9116,.T.);
#9135=CARTESIAN_POINT('',(-43.500000,-36.300000,21.000000));
#9136=DIRECTION('',(0.000000,0.000000,-1.000000));
#9137=DIRECTION('',(1.000000,0.000000,0.000000));
#9138=AXIS2_PLACEMENT_3D('',#9135,#9136,#9137);
#9139=PLANE('',#9138);
#9140=DIRECTION('',(1.000000,0.000000,0.000000));
#9141=VECTOR('',#9140,3.000000);
#9142=LINE('',#8937,#9141);
#9143=EDGE_CURVE('',#8938,#8946,#9142,.T.);
#9144=ORIENTED_EDGE('',*,*,#9143,.T.);
#9145=DIRECTION('',(0.000000,-1.000000,0.000000));
#9146=VECTOR('',#9145,6.000000);
#9147=LINE('',#8945,#9146);
#9148=EDGE_CURVE('',#8946,#8944,#9147,.T.);
#9149=ORIENTED_EDGE('',*,*,#9148,.T.);
#9150=DIRECTION('',(-0.447214,0.894427,0.000000));
#9151=VECTOR('',#9150,6.708204);
#9152=LINE('',#8943,#9151);
#9153=EDGE_CURVE('',#8944,#8938,#9152,.T.);
#9154=ORIENTED_EDGE('',*,*,#9153,.T.);
#9155=EDGE_LOOP('',(#9144,#9149,#9154));
#9156=FACE_OUTER_BOUND('',#9155,.T.);
#9157=ADVANCED_FACE('',(#9156),#9139,.T.);
#9158=CARTESIAN_POINT('',(-43.500000,-36.300000,21.000000));
#9159=DIRECTION('',(0.000000,0.000000,-1.000000));
#9160=DIRECTION('',(1.000000,0.000000,0.000000));
#9161=AXIS2_PLACEMENT_3D('',#9158,#9159,#9160);
#9162=PLANE('',#9161);
#9163=DIRECTION('',(0.447214,-0.894427,0.000000));
#9164=VECTOR('',#9163,6.708204);
#9165=LINE('',#8937,#9164);
#9166=EDGE_CURVE('',#8938,#8944,#9165,.T.);
#9167=ORIENTED_EDGE('',*,*,#9166,.T.);
#9168=DIRECTION('',(-1.000000,0.000000,0.000000));
#9169=VECTOR('',#9168,3.000000);
#9170=LINE('',#8943,#9169);
#9171=EDGE_CURVE('',#8944,#8936,#9170,.T.);
#9172=ORIENTED_EDGE('',*,*,#9171,.T.);
#9173=DIRECTION('',(0.000000,1.000000,0.000000));
#9174=VECTOR('',#9173,6.000000);
#9175=LINE('',#8935,#9174);
#9176=EDGE_CURVE('',#8936,#8938,#9175,.T.);
#9177=ORIENTED_EDGE('',*,*,#9176,.T.);
#9178=EDGE_LOOP('',(#9167,#9172,#9177));
#9179=FACE_OUTER_BOUND('',#9178,.T.);
#9180=ADVANCED_FACE('',(#9179),#9162,.T.);
#9181=CARTESIAN_POINT('',(-43.500000,-42.300000,158.600000));
#9182=DIRECTION('',(0.000000,0.000000,1.000000));
#9183=DIRECTION('',(1.000000,0.000000,0.000000));
#9184=AXIS2_PLACEMENT_3D('',#9181,#9182,#9183);
#9185=PLANE('',#9184);
#9186=DIRECTION('',(1.000000,0.000000,0.000000));
#9187=VECTOR('',#9186,3.000000);
#9188=LINE('',#8941,#9187);
#9189=EDGE_CURVE('',#8942,#8950,#9188,.T.);
#9190=ORIENTED_EDGE('',*,*,#9189,.T.);
#9191=DIRECTION('',(0.000000,1.000000,0.000000));
#9192=VECTOR('',#9191,6.000000);
#9193=LINE('',#8949,#9192);
#9194=EDGE_CURVE('',#8950,#8948,#9193,.T.);
#9195=ORIENTED_EDGE('',*,*,#9194,.T.);
#9196=DIRECTION('',(-0.447214,-0.894427,0.000000));
#9197=VECTOR('',#9196,6.708204);
#9198=LINE('',#8947,#9197);
#9199=EDGE_CURVE('',#8948,#8942,#9198,.T.);
#9200=ORIENTED_EDGE('',*,*,#9199,.T.);
#9201=EDGE_LOOP('',(#9190,#9195,#9200));
#9202=FACE_OUTER_BOUND('',#9201,.T.);
#9203=ADVANCED_FACE('',(#9202),#9185,.T.);
#9204=CARTESIAN_POINT('',(-43.500000,-42.300000,158.600000));
#9205=DIRECTION('',(0.000000,0.000000,1.000000));
#9206=DIRECTION('',(1.000000,0.000000,0.000000));
#9207=AXIS2_PLACEMENT_3D('',#9204,#9205,#9206);
#9208=PLANE('',#9207);
#9209=DIRECTION('',(0.447214,0.894427,0.000000));
#9210=VECTOR('',#9209,6.708204);
#9211=LINE('',#8941,#9210);
#9212=EDGE_CURVE('',#8942,#8948,#9211,.T.);
#9213=ORIENTED_EDGE('',*,*,#9212,.T.);
#9214=DIRECTION('',(-1.000000,0.000000,0.000000));
#9215=VECTOR('',#9214,3.000000);
#9216=LINE('',#8947,#9215);
#9217=EDGE_CURVE('',#8948,#8940,#9216,.T.);
#9218=ORIENTED_EDGE('',*,*,#9217,.T.);
#9219=DIRECTION('',(0.000000,-1.000000,0.000000));
#9220=VECTOR('',#9219,6.000000);
#9221=LINE('',#8939,#9220);
#9222=EDGE_CURVE('',#8940,#8942,#9221,.T.);
#9223=ORIENTED_EDGE('',*,*,#9222,.T.);
#9224=EDGE_LOOP('',(#9213,#9218,#9223));
#9225=FACE_OUTER_BOUND('',#9224,.T.);
#9226=ADVANCED_FACE('',(#9225),#9208,.T.);
#9227=CLOSED_SHELL('',(#8973,#8996,#9019,#9042,#9065,#9088,#9111,#9134,#9157,#9180,#9203,#9226));
#9228=FACETED_BREP('retainer_right',#9227);
#9229=CARTESIAN_POINT('',(52.000000,-3.000000,44.000000));
#9230=VERTEX_POINT('',#9229);
#9231=CARTESIAN_POINT('',(52.000000,3.000000,44.000000));
#9232=VERTEX_POINT('',#9231);
#9233=CARTESIAN_POINT('',(52.000000,3.000000,60.000000));
#9234=VERTEX_POINT('',#9233);
#9235=CARTESIAN_POINT('',(52.000000,-3.000000,60.000000));
#9236=VERTEX_POINT('',#9235);
#9237=CARTESIAN_POINT('',(60.000000,-3.000000,44.000000));
#9238=VERTEX_POINT('',#9237);
#9239=CARTESIAN_POINT('',(60.000000,3.000000,44.000000));
#9240=VERTEX_POINT('',#9239);
#9241=CARTESIAN_POINT('',(60.000000,3.000000,60.000000));
#9242=VERTEX_POINT('',#9241);
#9243=CARTESIAN_POINT('',(60.000000,-3.000000,60.000000));
#9244=VERTEX_POINT('',#9243);
#9245=CARTESIAN_POINT('',(52.000000,-3.000000,60.000000));
#9246=DIRECTION('',(-1.000000,0.000000,0.000000));
#9247=DIRECTION('',(0.000000,1.000000,0.000000));
#9248=AXIS2_PLACEMENT_3D('',#9245,#9246,#9247);
#9249=PLANE('',#9248);
#9250=DIRECTION('',(0.000000,1.000000,0.000000));
#9251=VECTOR('',#9250,6.000000);
#9252=LINE('',#9235,#9251);
#9253=EDGE_CURVE('',#9236,#9234,#9252,.T.);
#9254=ORIENTED_EDGE('',*,*,#9253,.T.);
#9255=DIRECTION('',(0.000000,0.000000,-1.000000));
#9256=VECTOR('',#9255,16.000000);
#9257=LINE('',#9233,#9256);
#9258=EDGE_CURVE('',#9234,#9232,#9257,.T.);
#9259=ORIENTED_EDGE('',*,*,#9258,.T.);
#9260=DIRECTION('',(0.000000,-0.351123,0.936329));
#9261=VECTOR('',#9260,17.088007);
#9262=LINE('',#9231,#9261);
#9263=EDGE_CURVE('',#9232,#9236,#9262,.T.);
#9264=ORIENTED_EDGE('',*,*,#9263,.T.);
#9265=EDGE_LOOP('',(#9254,#9259,#9264));
#9266=FACE_OUTER_BOUND('',#9265,.T.);
#9267=ADVANCED_FACE('',(#9266),#9249,.T.);
#9268=CARTESIAN_POINT('',(52.000000,-3.000000,60.000000));
#9269=DIRECTION('',(-1.000000,0.000000,0.000000));
#9270=DIRECTION('',(0.000000,1.000000,0.000000));
#9271=AXIS2_PLACEMENT_3D('',#9268,#9269,#9270);
#9272=PLANE('',#9271);
#9273=DIRECTION('',(0.000000,0.351123,-0.936329));
#9274=VECTOR('',#9273,17.088007);
#9275=LINE('',#9235,#9274);
#9276=EDGE_CURVE('',#9236,#9232,#9275,.T.);
#9277=ORIENTED_EDGE('',*,*,#9276,.T.);
#9278=DIRECTION('',(0.000000,-1.000000,0.000000));
#9279=VECTOR('',#9278,6.000000);
#9280=LINE('',#9231,#9279);
#9281=EDGE_CURVE('',#9232,#9230,#9280,.T.);
#9282=ORIENTED_EDGE('',*,*,#9281,.T.);
#9283=DIRECTION('',(0.000000,0.000000,1.000000));
#9284=VECTOR('',#9283,16.000000);
#9285=LINE('',#9229,#9284);
#9286=EDGE_CURVE('',#9230,#9236,#9285,.T.);
#9287=ORIENTED_EDGE('',*,*,#9286,.T.);
#9288=EDGE_LOOP('',(#9277,#9282,#9287));
#9289=FACE_OUTER_BOUND('',#9288,.T.);
#9290=ADVANCED_FACE('',(#9289),#9272,.T.);
#9291=CARTESIAN_POINT('',(60.000000,-3.000000,44.000000));
#9292=DIRECTION('',(1.000000,0.000000,0.000000));
#9293=DIRECTION('',(0.000000,1.000000,0.000000));
#9294=AXIS2_PLACEMENT_3D('',#9291,#9292,#9293);
#9295=PLANE('',#9294);
#9296=DIRECTION('',(0.000000,1.000000,0.000000));
#9297=VECTOR('',#9296,6.000000);
#9298=LINE('',#9237,#9297);
#9299=EDGE_CURVE('',#9238,#9240,#9298,.T.);
#9300=ORIENTED_EDGE('',*,*,#9299,.T.);
#9301=DIRECTION('',(0.000000,0.000000,1.000000));
#9302=VECTOR('',#9301,16.000000);
#9303=LINE('',#9239,#9302);
#9304=EDGE_CURVE('',#9240,#9242,#9303,.T.);
#9305=ORIENTED_EDGE('',*,*,#9304,.T.);
#9306=DIRECTION('',(0.000000,-0.351123,-0.936329));
#9307=VECTOR('',#9306,17.088007);
#9308=LINE('',#9241,#9307);
#9309=EDGE_CURVE('',#9242,#9238,#9308,.T.);
#9310=ORIENTED_EDGE('',*,*,#9309,.T.);
#9311=EDGE_LOOP('',(#9300,#9305,#9310));
#9312=FACE_OUTER_BOUND('',#9311,.T.);
#9313=ADVANCED_FACE('',(#9312),#9295,.T.);
#9314=CARTESIAN_POINT('',(60.000000,-3.000000,44.000000));
#9315=DIRECTION('',(1.000000,0.000000,0.000000));
#9316=DIRECTION('',(0.000000,1.000000,0.000000));
#9317=AXIS2_PLACEMENT_3D('',#9314,#9315,#9316);
#9318=PLANE('',#9317);
#9319=DIRECTION('',(0.000000,0.351123,0.936329));
#9320=VECTOR('',#9319,17.088007);
#9321=LINE('',#9237,#9320);
#9322=EDGE_CURVE('',#9238,#9242,#9321,.T.);
#9323=ORIENTED_EDGE('',*,*,#9322,.T.);
#9324=DIRECTION('',(0.000000,-1.000000,0.000000));
#9325=VECTOR('',#9324,6.000000);
#9326=LINE('',#9241,#9325);
#9327=EDGE_CURVE('',#9242,#9244,#9326,.T.);
#9328=ORIENTED_EDGE('',*,*,#9327,.T.);
#9329=DIRECTION('',(0.000000,0.000000,-1.000000));
#9330=VECTOR('',#9329,16.000000);
#9331=LINE('',#9243,#9330);
#9332=EDGE_CURVE('',#9244,#9238,#9331,.T.);
#9333=ORIENTED_EDGE('',*,*,#9332,.T.);
#9334=EDGE_LOOP('',(#9323,#9328,#9333));
#9335=FACE_OUTER_BOUND('',#9334,.T.);
#9336=ADVANCED_FACE('',(#9335),#9318,.T.);
#9337=CARTESIAN_POINT('',(60.000000,-3.000000,44.000000));
#9338=DIRECTION('',(0.000000,-1.000000,0.000000));
#9339=DIRECTION('',(1.000000,0.000000,0.000000));
#9340=AXIS2_PLACEMENT_3D('',#9337,#9338,#9339);
#9341=PLANE('',#9340);
#9342=DIRECTION('',(0.000000,0.000000,1.000000));
#9343=VECTOR('',#9342,16.000000);
#9344=LINE('',#9237,#9343);
#9345=EDGE_CURVE('',#9238,#9244,#9344,.T.);
#9346=ORIENTED_EDGE('',*,*,#9345,.T.);
#9347=DIRECTION('',(-1.000000,0.000000,0.000000));
#9348=VECTOR('',#9347,8.000000);
#9349=LINE('',#9243,#9348);
#9350=EDGE_CURVE('',#9244,#9236,#9349,.T.);
#9351=ORIENTED_EDGE('',*,*,#9350,.T.);
#9352=DIRECTION('',(0.447214,0.000000,-0.894427));
#9353=VECTOR('',#9352,17.888544);
#9354=LINE('',#9235,#9353);
#9355=EDGE_CURVE('',#9236,#9238,#9354,.T.);
#9356=ORIENTED_EDGE('',*,*,#9355,.T.);
#9357=EDGE_LOOP('',(#9346,#9351,#9356));
#9358=FACE_OUTER_BOUND('',#9357,.T.);
#9359=ADVANCED_FACE('',(#9358),#9341,.T.);
#9360=CARTESIAN_POINT('',(60.000000,-3.000000,44.000000));
#9361=DIRECTION('',(0.000000,-1.000000,0.000000));
#9362=DIRECTION('',(1.000000,0.000000,0.000000));
#9363=AXIS2_PLACEMENT_3D('',#9360,#9361,#9362);
#9364=PLANE('',#9363);
#9365=DIRECTION('',(-0.447214,0.000000,0.894427));
#9366=VECTOR('',#9365,17.888544);
#9367=LINE('',#9237,#9366);
#9368=EDGE_CURVE('',#9238,#9236,#9367,.T.);
#9369=ORIENTED_EDGE('',*,*,#9368,.T.);
#9370=DIRECTION('',(0.000000,0.000000,-1.000000));
#9371=VECTOR('',#9370,16.000000);
#9372=LINE('',#9235,#9371);
#9373=EDGE_CURVE('',#9236,#9230,#9372,.T.);
#9374=ORIENTED_EDGE('',*,*,#9373,.T.);
#9375=DIRECTION('',(1.000000,0.000000,0.000000));
#9376=VECTOR('',#9375,8.000000);
#9377=LINE('',#9229,#9376);
#9378=EDGE_CURVE('',#9230,#9238,#9377,.T.);
#9379=ORIENTED_EDGE('',*,*,#9378,.T.);
#9380=EDGE_LOOP('',(#9369,#9374,#9379));
#9381=FACE_OUTER_BOUND('',#9380,.T.);
#9382=ADVANCED_FACE('',(#9381),#9364,.T.);
#9383=CARTESIAN_POINT('',(52.000000,3.000000,44.000000));
#9384=DIRECTION('',(0.000000,1.000000,0.000000));
#9385=DIRECTION('',(1.000000,0.000000,0.000000));
#9386=AXIS2_PLACEMENT_3D('',#9383,#9384,#9385);
#9387=PLANE('',#9386);
#9388=DIRECTION('',(0.000000,0.000000,1.000000));
#9389=VECTOR('',#9388,16.000000);
#9390=LINE('',#9231,#9389);
#9391=EDGE_CURVE('',#9232,#9234,#9390,.T.);
#9392=ORIENTED_EDGE('',*,*,#9391,.T.);
#9393=DIRECTION('',(1.000000,0.000000,0.000000));
#9394=VECTOR('',#9393,8.000000);
#9395=LINE('',#9233,#9394);
#9396=EDGE_CURVE('',#9234,#9242,#9395,.T.);
#9397=ORIENTED_EDGE('',*,*,#9396,.T.);
#9398=DIRECTION('',(-0.447214,0.000000,-0.894427));
#9399=VECTOR('',#9398,17.888544);
#9400=LINE('',#9241,#9399);
#9401=EDGE_CURVE('',#9242,#9232,#9400,.T.);
#9402=ORIENTED_EDGE('',*,*,#9401,.T.);
#9403=EDGE_LOOP('',(#9392,#9397,#9402));
#9404=FACE_OUTER_BOUND('',#9403,.T.);
#9405=ADVANCED_FACE('',(#9404),#9387,.T.);
#9406=CARTESIAN_POINT('',(52.000000,3.000000,44.000000));
#9407=DIRECTION('',(0.000000,1.000000,0.000000));
#9408=DIRECTION('',(1.000000,0.000000,0.000000));
#9409=AXIS2_PLACEMENT_3D('',#9406,#9407,#9408);
#9410=PLANE('',#9409);
#9411=DIRECTION('',(0.447214,0.000000,0.894427));
#9412=VECTOR('',#9411,17.888544);
#9413=LINE('',#9231,#9412);
#9414=EDGE_CURVE('',#9232,#9242,#9413,.T.);
#9415=ORIENTED_EDGE('',*,*,#9414,.T.);
#9416=DIRECTION('',(0.000000,0.000000,-1.000000));
#9417=VECTOR('',#9416,16.000000);
#9418=LINE('',#9241,#9417);
#9419=EDGE_CURVE('',#9242,#9240,#9418,.T.);
#9420=ORIENTED_EDGE('',*,*,#9419,.T.);
#9421=DIRECTION('',(-1.000000,0.000000,0.000000));
#9422=VECTOR('',#9421,8.000000);
#9423=LINE('',#9239,#9422);
#9424=EDGE_CURVE('',#9240,#9232,#9423,.T.);
#9425=ORIENTED_EDGE('',*,*,#9424,.T.);
#9426=EDGE_LOOP('',(#9415,#9420,#9425));
#9427=FACE_OUTER_BOUND('',#9426,.T.);
#9428=ADVANCED_FACE('',(#9427),#9410,.T.);
#9429=CARTESIAN_POINT('',(52.000000,3.000000,44.000000));
#9430=DIRECTION('',(0.000000,0.000000,-1.000000));
#9431=DIRECTION('',(1.000000,0.000000,0.000000));
#9432=AXIS2_PLACEMENT_3D('',#9429,#9430,#9431);
#9433=PLANE('',#9432);
#9434=DIRECTION('',(1.000000,0.000000,0.000000));
#9435=VECTOR('',#9434,8.000000);
#9436=LINE('',#9231,#9435);
#9437=EDGE_CURVE('',#9232,#9240,#9436,.T.);
#9438=ORIENTED_EDGE('',*,*,#9437,.T.);
#9439=DIRECTION('',(0.000000,-1.000000,0.000000));
#9440=VECTOR('',#9439,6.000000);
#9441=LINE('',#9239,#9440);
#9442=EDGE_CURVE('',#9240,#9238,#9441,.T.);
#9443=ORIENTED_EDGE('',*,*,#9442,.T.);
#9444=DIRECTION('',(-0.800000,0.600000,0.000000));
#9445=VECTOR('',#9444,10.000000);
#9446=LINE('',#9237,#9445);
#9447=EDGE_CURVE('',#9238,#9232,#9446,.T.);
#9448=ORIENTED_EDGE('',*,*,#9447,.T.);
#9449=EDGE_LOOP('',(#9438,#9443,#9448));
#9450=FACE_OUTER_BOUND('',#9449,.T.);
#9451=ADVANCED_FACE('',(#9450),#9433,.T.);
#9452=CARTESIAN_POINT('',(52.000000,3.000000,44.000000));
#9453=DIRECTION('',(0.000000,0.000000,-1.000000));
#9454=DIRECTION('',(1.000000,0.000000,0.000000));
#9455=AXIS2_PLACEMENT_3D('',#9452,#9453,#9454);
#9456=PLANE('',#9455);
#9457=DIRECTION('',(0.800000,-0.600000,0.000000));
#9458=VECTOR('',#9457,10.000000);
#9459=LINE('',#9231,#9458);
#9460=EDGE_CURVE('',#9232,#9238,#9459,.T.);
#9461=ORIENTED_EDGE('',*,*,#9460,.T.);
#9462=DIRECTION('',(-1.000000,0.000000,0.000000));
#9463=VECTOR('',#9462,8.000000);
#9464=LINE('',#9237,#9463);
#9465=EDGE_CURVE('',#9238,#9230,#9464,.T.);
#9466=ORIENTED_EDGE('',*,*,#9465,.T.);
#9467=DIRECTION('',(0.000000,1.000000,0.000000));
#9468=VECTOR('',#9467,6.000000);
#9469=LINE('',#9229,#9468);
#9470=EDGE_CURVE('',#9230,#9232,#9469,.T.);
#9471=ORIENTED_EDGE('',*,*,#9470,.T.);
#9472=EDGE_LOOP('',(#9461,#9466,#9471));
#9473=FACE_OUTER_BOUND('',#9472,.T.);
#9474=ADVANCED_FACE('',(#9473),#9456,.T.);
#9475=CARTESIAN_POINT('',(52.000000,-3.000000,60.000000));
#9476=DIRECTION('',(0.000000,0.000000,1.000000));
#9477=DIRECTION('',(1.000000,0.000000,0.000000));
#9478=AXIS2_PLACEMENT_3D('',#9475,#9476,#9477);
#9479=PLANE('',#9478);
#9480=DIRECTION('',(1.000000,0.000000,0.000000));
#9481=VECTOR('',#9480,8.000000);
#9482=LINE('',#9235,#9481);
#9483=EDGE_CURVE('',#9236,#9244,#9482,.T.);
#9484=ORIENTED_EDGE('',*,*,#9483,.T.);
#9485=DIRECTION('',(0.000000,1.000000,0.000000));
#9486=VECTOR('',#9485,6.000000);
#9487=LINE('',#9243,#9486);
#9488=EDGE_CURVE('',#9244,#9242,#9487,.T.);
#9489=ORIENTED_EDGE('',*,*,#9488,.T.);
#9490=DIRECTION('',(-0.800000,-0.600000,0.000000));
#9491=VECTOR('',#9490,10.000000);
#9492=LINE('',#9241,#9491);
#9493=EDGE_CURVE('',#9242,#9236,#9492,.T.);
#9494=ORIENTED_EDGE('',*,*,#9493,.T.);
#9495=EDGE_LOOP('',(#9484,#9489,#9494));
#9496=FACE_OUTER_BOUND('',#9495,.T.);
#9497=ADVANCED_FACE('',(#9496),#9479,.T.);
#9498=CARTESIAN_POINT('',(52.000000,-3.000000,60.000000));
#9499=DIRECTION('',(0.000000,0.000000,1.000000));
#9500=DIRECTION('',(1.000000,0.000000,0.000000));
#9501=AXIS2_PLACEMENT_3D('',#9498,#9499,#9500);
#9502=PLANE('',#9501);
#9503=DIRECTION('',(0.800000,0.600000,0.000000));
#9504=VECTOR('',#9503,10.000000);
#9505=LINE('',#9235,#9504);
#9506=EDGE_CURVE('',#9236,#9242,#9505,.T.);
#9507=ORIENTED_EDGE('',*,*,#9506,.T.);
#9508=DIRECTION('',(-1.000000,0.000000,0.000000));
#9509=VECTOR('',#9508,8.000000);
#9510=LINE('',#9241,#9509);
#9511=EDGE_CURVE('',#9242,#9234,#9510,.T.);
#9512=ORIENTED_EDGE('',*,*,#9511,.T.);
#9513=DIRECTION('',(0.000000,-1.000000,0.000000));
#9514=VECTOR('',#9513,6.000000);
#9515=LINE('',#9233,#9514);
#9516=EDGE_CURVE('',#9234,#9236,#9515,.T.);
#9517=ORIENTED_EDGE('',*,*,#9516,.T.);
#9518=EDGE_LOOP('',(#9507,#9512,#9517));
#9519=FACE_OUTER_BOUND('',#9518,.T.);
#9520=ADVANCED_FACE('',(#9519),#9502,.T.);
#9521=CLOSED_SHELL('',(#9267,#9290,#9313,#9336,#9359,#9382,#9405,#9428,#9451,#9474,#9497,#9520));
#9522=FACETED_BREP('vertical_ballast',#9521);
#9523=CARTESIAN_POINT('',(50.500000,-5.000000,38.000000));
#9524=VERTEX_POINT('',#9523);
#9525=CARTESIAN_POINT('',(50.500000,5.000000,38.000000));
#9526=VERTEX_POINT('',#9525);
#9527=CARTESIAN_POINT('',(50.500000,5.000000,66.000000));
#9528=VERTEX_POINT('',#9527);
#9529=CARTESIAN_POINT('',(50.500000,-5.000000,66.000000));
#9530=VERTEX_POINT('',#9529);
#9531=CARTESIAN_POINT('',(61.500000,-5.000000,38.000000));
#9532=VERTEX_POINT('',#9531);
#9533=CARTESIAN_POINT('',(61.500000,5.000000,38.000000));
#9534=VERTEX_POINT('',#9533);
#9535=CARTESIAN_POINT('',(61.500000,5.000000,66.000000));
#9536=VERTEX_POINT('',#9535);
#9537=CARTESIAN_POINT('',(61.500000,-5.000000,66.000000));
#9538=VERTEX_POINT('',#9537);
#9539=CARTESIAN_POINT('',(50.500000,-5.000000,66.000000));
#9540=DIRECTION('',(-1.000000,0.000000,0.000000));
#9541=DIRECTION('',(0.000000,1.000000,0.000000));
#9542=AXIS2_PLACEMENT_3D('',#9539,#9540,#9541);
#9543=PLANE('',#9542);
#9544=DIRECTION('',(0.000000,1.000000,0.000000));
#9545=VECTOR('',#9544,10.000000);
#9546=LINE('',#9529,#9545);
#9547=EDGE_CURVE('',#9530,#9528,#9546,.T.);
#9548=ORIENTED_EDGE('',*,*,#9547,.T.);
#9549=DIRECTION('',(0.000000,0.000000,-1.000000));
#9550=VECTOR('',#9549,28.000000);
#9551=LINE('',#9527,#9550);
#9552=EDGE_CURVE('',#9528,#9526,#9551,.T.);
#9553=ORIENTED_EDGE('',*,*,#9552,.T.);
#9554=DIRECTION('',(0.000000,-0.336336,0.941742));
#9555=VECTOR('',#9554,29.732137);
#9556=LINE('',#9525,#9555);
#9557=EDGE_CURVE('',#9526,#9530,#9556,.T.);
#9558=ORIENTED_EDGE('',*,*,#9557,.T.);
#9559=EDGE_LOOP('',(#9548,#9553,#9558));
#9560=FACE_OUTER_BOUND('',#9559,.T.);
#9561=ADVANCED_FACE('',(#9560),#9543,.T.);
#9562=CARTESIAN_POINT('',(50.500000,-5.000000,66.000000));
#9563=DIRECTION('',(-1.000000,0.000000,0.000000));
#9564=DIRECTION('',(0.000000,1.000000,0.000000));
#9565=AXIS2_PLACEMENT_3D('',#9562,#9563,#9564);
#9566=PLANE('',#9565);
#9567=DIRECTION('',(0.000000,0.336336,-0.941742));
#9568=VECTOR('',#9567,29.732137);
#9569=LINE('',#9529,#9568);
#9570=EDGE_CURVE('',#9530,#9526,#9569,.T.);
#9571=ORIENTED_EDGE('',*,*,#9570,.T.);
#9572=DIRECTION('',(0.000000,-1.000000,0.000000));
#9573=VECTOR('',#9572,10.000000);
#9574=LINE('',#9525,#9573);
#9575=EDGE_CURVE('',#9526,#9524,#9574,.T.);
#9576=ORIENTED_EDGE('',*,*,#9575,.T.);
#9577=DIRECTION('',(0.000000,0.000000,1.000000));
#9578=VECTOR('',#9577,28.000000);
#9579=LINE('',#9523,#9578);
#9580=EDGE_CURVE('',#9524,#9530,#9579,.T.);
#9581=ORIENTED_EDGE('',*,*,#9580,.T.);
#9582=EDGE_LOOP('',(#9571,#9576,#9581));
#9583=FACE_OUTER_BOUND('',#9582,.T.);
#9584=ADVANCED_FACE('',(#9583),#9566,.T.);
#9585=CARTESIAN_POINT('',(61.500000,-5.000000,38.000000));
#9586=DIRECTION('',(1.000000,0.000000,0.000000));
#9587=DIRECTION('',(0.000000,1.000000,0.000000));
#9588=AXIS2_PLACEMENT_3D('',#9585,#9586,#9587);
#9589=PLANE('',#9588);
#9590=DIRECTION('',(0.000000,1.000000,0.000000));
#9591=VECTOR('',#9590,10.000000);
#9592=LINE('',#9531,#9591);
#9593=EDGE_CURVE('',#9532,#9534,#9592,.T.);
#9594=ORIENTED_EDGE('',*,*,#9593,.T.);
#9595=DIRECTION('',(0.000000,0.000000,1.000000));
#9596=VECTOR('',#9595,28.000000);
#9597=LINE('',#9533,#9596);
#9598=EDGE_CURVE('',#9534,#9536,#9597,.T.);
#9599=ORIENTED_EDGE('',*,*,#9598,.T.);
#9600=DIRECTION('',(0.000000,-0.336336,-0.941742));
#9601=VECTOR('',#9600,29.732137);
#9602=LINE('',#9535,#9601);
#9603=EDGE_CURVE('',#9536,#9532,#9602,.T.);
#9604=ORIENTED_EDGE('',*,*,#9603,.T.);
#9605=EDGE_LOOP('',(#9594,#9599,#9604));
#9606=FACE_OUTER_BOUND('',#9605,.T.);
#9607=ADVANCED_FACE('',(#9606),#9589,.T.);
#9608=CARTESIAN_POINT('',(61.500000,-5.000000,38.000000));
#9609=DIRECTION('',(1.000000,0.000000,0.000000));
#9610=DIRECTION('',(0.000000,1.000000,0.000000));
#9611=AXIS2_PLACEMENT_3D('',#9608,#9609,#9610);
#9612=PLANE('',#9611);
#9613=DIRECTION('',(0.000000,0.336336,0.941742));
#9614=VECTOR('',#9613,29.732137);
#9615=LINE('',#9531,#9614);
#9616=EDGE_CURVE('',#9532,#9536,#9615,.T.);
#9617=ORIENTED_EDGE('',*,*,#9616,.T.);
#9618=DIRECTION('',(0.000000,-1.000000,0.000000));
#9619=VECTOR('',#9618,10.000000);
#9620=LINE('',#9535,#9619);
#9621=EDGE_CURVE('',#9536,#9538,#9620,.T.);
#9622=ORIENTED_EDGE('',*,*,#9621,.T.);
#9623=DIRECTION('',(0.000000,0.000000,-1.000000));
#9624=VECTOR('',#9623,28.000000);
#9625=LINE('',#9537,#9624);
#9626=EDGE_CURVE('',#9538,#9532,#9625,.T.);
#9627=ORIENTED_EDGE('',*,*,#9626,.T.);
#9628=EDGE_LOOP('',(#9617,#9622,#9627));
#9629=FACE_OUTER_BOUND('',#9628,.T.);
#9630=ADVANCED_FACE('',(#9629),#9612,.T.);
#9631=CARTESIAN_POINT('',(61.500000,-5.000000,38.000000));
#9632=DIRECTION('',(0.000000,-1.000000,0.000000));
#9633=DIRECTION('',(1.000000,0.000000,0.000000));
#9634=AXIS2_PLACEMENT_3D('',#9631,#9632,#9633);
#9635=PLANE('',#9634);
#9636=DIRECTION('',(0.000000,0.000000,1.000000));
#9637=VECTOR('',#9636,28.000000);
#9638=LINE('',#9531,#9637);
#9639=EDGE_CURVE('',#9532,#9538,#9638,.T.);
#9640=ORIENTED_EDGE('',*,*,#9639,.T.);
#9641=DIRECTION('',(-1.000000,0.000000,0.000000));
#9642=VECTOR('',#9641,11.000000);
#9643=LINE('',#9537,#9642);
#9644=EDGE_CURVE('',#9538,#9530,#9643,.T.);
#9645=ORIENTED_EDGE('',*,*,#9644,.T.);
#9646=DIRECTION('',(0.365652,0.000000,-0.930751));
#9647=VECTOR('',#9646,30.083218);
#9648=LINE('',#9529,#9647);
#9649=EDGE_CURVE('',#9530,#9532,#9648,.T.);
#9650=ORIENTED_EDGE('',*,*,#9649,.T.);
#9651=EDGE_LOOP('',(#9640,#9645,#9650));
#9652=FACE_OUTER_BOUND('',#9651,.T.);
#9653=ADVANCED_FACE('',(#9652),#9635,.T.);
#9654=CARTESIAN_POINT('',(61.500000,-5.000000,38.000000));
#9655=DIRECTION('',(0.000000,-1.000000,0.000000));
#9656=DIRECTION('',(1.000000,0.000000,0.000000));
#9657=AXIS2_PLACEMENT_3D('',#9654,#9655,#9656);
#9658=PLANE('',#9657);
#9659=DIRECTION('',(-0.365652,0.000000,0.930751));
#9660=VECTOR('',#9659,30.083218);
#9661=LINE('',#9531,#9660);
#9662=EDGE_CURVE('',#9532,#9530,#9661,.T.);
#9663=ORIENTED_EDGE('',*,*,#9662,.T.);
#9664=DIRECTION('',(0.000000,0.000000,-1.000000));
#9665=VECTOR('',#9664,28.000000);
#9666=LINE('',#9529,#9665);
#9667=EDGE_CURVE('',#9530,#9524,#9666,.T.);
#9668=ORIENTED_EDGE('',*,*,#9667,.T.);
#9669=DIRECTION('',(1.000000,0.000000,0.000000));
#9670=VECTOR('',#9669,11.000000);
#9671=LINE('',#9523,#9670);
#9672=EDGE_CURVE('',#9524,#9532,#9671,.T.);
#9673=ORIENTED_EDGE('',*,*,#9672,.T.);
#9674=EDGE_LOOP('',(#9663,#9668,#9673));
#9675=FACE_OUTER_BOUND('',#9674,.T.);
#9676=ADVANCED_FACE('',(#9675),#9658,.T.);
#9677=CARTESIAN_POINT('',(50.500000,5.000000,38.000000));
#9678=DIRECTION('',(0.000000,1.000000,0.000000));
#9679=DIRECTION('',(1.000000,0.000000,0.000000));
#9680=AXIS2_PLACEMENT_3D('',#9677,#9678,#9679);
#9681=PLANE('',#9680);
#9682=DIRECTION('',(0.000000,0.000000,1.000000));
#9683=VECTOR('',#9682,28.000000);
#9684=LINE('',#9525,#9683);
#9685=EDGE_CURVE('',#9526,#9528,#9684,.T.);
#9686=ORIENTED_EDGE('',*,*,#9685,.T.);
#9687=DIRECTION('',(1.000000,0.000000,0.000000));
#9688=VECTOR('',#9687,11.000000);
#9689=LINE('',#9527,#9688);
#9690=EDGE_CURVE('',#9528,#9536,#9689,.T.);
#9691=ORIENTED_EDGE('',*,*,#9690,.T.);
#9692=DIRECTION('',(-0.365652,0.000000,-0.930751));
#9693=VECTOR('',#9692,30.083218);
#9694=LINE('',#9535,#9693);
#9695=EDGE_CURVE('',#9536,#9526,#9694,.T.);
#9696=ORIENTED_EDGE('',*,*,#9695,.T.);
#9697=EDGE_LOOP('',(#9686,#9691,#9696));
#9698=FACE_OUTER_BOUND('',#9697,.T.);
#9699=ADVANCED_FACE('',(#9698),#9681,.T.);
#9700=CARTESIAN_POINT('',(50.500000,5.000000,38.000000));
#9701=DIRECTION('',(0.000000,1.000000,0.000000));
#9702=DIRECTION('',(1.000000,0.000000,0.000000));
#9703=AXIS2_PLACEMENT_3D('',#9700,#9701,#9702);
#9704=PLANE('',#9703);
#9705=DIRECTION('',(0.365652,0.000000,0.930751));
#9706=VECTOR('',#9705,30.083218);
#9707=LINE('',#9525,#9706);
#9708=EDGE_CURVE('',#9526,#9536,#9707,.T.);
#9709=ORIENTED_EDGE('',*,*,#9708,.T.);
#9710=DIRECTION('',(0.000000,0.000000,-1.000000));
#9711=VECTOR('',#9710,28.000000);
#9712=LINE('',#9535,#9711);
#9713=EDGE_CURVE('',#9536,#9534,#9712,.T.);
#9714=ORIENTED_EDGE('',*,*,#9713,.T.);
#9715=DIRECTION('',(-1.000000,0.000000,0.000000));
#9716=VECTOR('',#9715,11.000000);
#9717=LINE('',#9533,#9716);
#9718=EDGE_CURVE('',#9534,#9526,#9717,.T.);
#9719=ORIENTED_EDGE('',*,*,#9718,.T.);
#9720=EDGE_LOOP('',(#9709,#9714,#9719));
#9721=FACE_OUTER_BOUND('',#9720,.T.);
#9722=ADVANCED_FACE('',(#9721),#9704,.T.);
#9723=CARTESIAN_POINT('',(50.500000,5.000000,38.000000));
#9724=DIRECTION('',(0.000000,0.000000,-1.000000));
#9725=DIRECTION('',(1.000000,0.000000,0.000000));
#9726=AXIS2_PLACEMENT_3D('',#9723,#9724,#9725);
#9727=PLANE('',#9726);
#9728=DIRECTION('',(1.000000,0.000000,0.000000));
#9729=VECTOR('',#9728,11.000000);
#9730=LINE('',#9525,#9729);
#9731=EDGE_CURVE('',#9526,#9534,#9730,.T.);
#9732=ORIENTED_EDGE('',*,*,#9731,.T.);
#9733=DIRECTION('',(0.000000,-1.000000,0.000000));
#9734=VECTOR('',#9733,10.000000);
#9735=LINE('',#9533,#9734);
#9736=EDGE_CURVE('',#9534,#9532,#9735,.T.);
#9737=ORIENTED_EDGE('',*,*,#9736,.T.);
#9738=DIRECTION('',(-0.739940,0.672673,0.000000));
#9739=VECTOR('',#9738,14.866069);
#9740=LINE('',#9531,#9739);
#9741=EDGE_CURVE('',#9532,#9526,#9740,.T.);
#9742=ORIENTED_EDGE('',*,*,#9741,.T.);
#9743=EDGE_LOOP('',(#9732,#9737,#9742));
#9744=FACE_OUTER_BOUND('',#9743,.T.);
#9745=ADVANCED_FACE('',(#9744),#9727,.T.);
#9746=CARTESIAN_POINT('',(50.500000,5.000000,38.000000));
#9747=DIRECTION('',(0.000000,0.000000,-1.000000));
#9748=DIRECTION('',(1.000000,0.000000,0.000000));
#9749=AXIS2_PLACEMENT_3D('',#9746,#9747,#9748);
#9750=PLANE('',#9749);
#9751=DIRECTION('',(0.739940,-0.672673,0.000000));
#9752=VECTOR('',#9751,14.866069);
#9753=LINE('',#9525,#9752);
#9754=EDGE_CURVE('',#9526,#9532,#9753,.T.);
#9755=ORIENTED_EDGE('',*,*,#9754,.T.);
#9756=DIRECTION('',(-1.000000,0.000000,0.000000));
#9757=VECTOR('',#9756,11.000000);
#9758=LINE('',#9531,#9757);
#9759=EDGE_CURVE('',#9532,#9524,#9758,.T.);
#9760=ORIENTED_EDGE('',*,*,#9759,.T.);
#9761=DIRECTION('',(0.000000,1.000000,0.000000));
#9762=VECTOR('',#9761,10.000000);
#9763=LINE('',#9523,#9762);
#9764=EDGE_CURVE('',#9524,#9526,#9763,.T.);
#9765=ORIENTED_EDGE('',*,*,#9764,.T.);
#9766=EDGE_LOOP('',(#9755,#9760,#9765));
#9767=FACE_OUTER_BOUND('',#9766,.T.);
#9768=ADVANCED_FACE('',(#9767),#9750,.T.);
#9769=CARTESIAN_POINT('',(50.500000,-5.000000,66.000000));
#9770=DIRECTION('',(0.000000,0.000000,1.000000));
#9771=DIRECTION('',(1.000000,0.000000,0.000000));
#9772=AXIS2_PLACEMENT_3D('',#9769,#9770,#9771);
#9773=PLANE('',#9772);
#9774=DIRECTION('',(1.000000,0.000000,0.000000));
#9775=VECTOR('',#9774,11.000000);
#9776=LINE('',#9529,#9775);
#9777=EDGE_CURVE('',#9530,#9538,#9776,.T.);
#9778=ORIENTED_EDGE('',*,*,#9777,.T.);
#9779=DIRECTION('',(0.000000,1.000000,0.000000));
#9780=VECTOR('',#9779,10.000000);
#9781=LINE('',#9537,#9780);
#9782=EDGE_CURVE('',#9538,#9536,#9781,.T.);
#9783=ORIENTED_EDGE('',*,*,#9782,.T.);
#9784=DIRECTION('',(-0.739940,-0.672673,0.000000));
#9785=VECTOR('',#9784,14.866069);
#9786=LINE('',#9535,#9785);
#9787=EDGE_CURVE('',#9536,#9530,#9786,.T.);
#9788=ORIENTED_EDGE('',*,*,#9787,.T.);
#9789=EDGE_LOOP('',(#9778,#9783,#9788));
#9790=FACE_OUTER_BOUND('',#9789,.T.);
#9791=ADVANCED_FACE('',(#9790),#9773,.T.);
#9792=CARTESIAN_POINT('',(50.500000,-5.000000,66.000000));
#9793=DIRECTION('',(0.000000,0.000000,1.000000));
#9794=DIRECTION('',(1.000000,0.000000,0.000000));
#9795=AXIS2_PLACEMENT_3D('',#9792,#9793,#9794);
#9796=PLANE('',#9795);
#9797=DIRECTION('',(0.739940,0.672673,0.000000));
#9798=VECTOR('',#9797,14.866069);
#9799=LINE('',#9529,#9798);
#9800=EDGE_CURVE('',#9530,#9536,#9799,.T.);
#9801=ORIENTED_EDGE('',*,*,#9800,.T.);
#9802=DIRECTION('',(-1.000000,0.000000,0.000000));
#9803=VECTOR('',#9802,11.000000);
#9804=LINE('',#9535,#9803);
#9805=EDGE_CURVE('',#9536,#9528,#9804,.T.);
#9806=ORIENTED_EDGE('',*,*,#9805,.T.);
#9807=DIRECTION('',(0.000000,-1.000000,0.000000));
#9808=VECTOR('',#9807,10.000000);
#9809=LINE('',#9527,#9808);
#9810=EDGE_CURVE('',#9528,#9530,#9809,.T.);
#9811=ORIENTED_EDGE('',*,*,#9810,.T.);
#9812=EDGE_LOOP('',(#9801,#9806,#9811));
#9813=FACE_OUTER_BOUND('',#9812,.T.);
#9814=ADVANCED_FACE('',(#9813),#9796,.T.);
#9815=CLOSED_SHELL('',(#9561,#9584,#9607,#9630,#9653,#9676,#9699,#9722,#9745,#9768,#9791,#9814));
#9816=FACETED_BREP('vertical_ballast_cassette',#9815);
#9817=CARTESIAN_POINT('',(50.000000,-10.000000,10.000000));
#9818=VERTEX_POINT('',#9817);
#9819=CARTESIAN_POINT('',(50.000000,10.000000,10.000000));
#9820=VERTEX_POINT('',#9819);
#9821=CARTESIAN_POINT('',(50.000000,10.000000,98.000000));
#9822=VERTEX_POINT('',#9821);
#9823=CARTESIAN_POINT('',(50.000000,-10.000000,98.000000));
#9824=VERTEX_POINT('',#9823);
#9825=CARTESIAN_POINT('',(66.000000,-10.000000,10.000000));
#9826=VERTEX_POINT('',#9825);
#9827=CARTESIAN_POINT('',(66.000000,10.000000,10.000000));
#9828=VERTEX_POINT('',#9827);
#9829=CARTESIAN_POINT('',(66.000000,10.000000,98.000000));
#9830=VERTEX_POINT('',#9829);
#9831=CARTESIAN_POINT('',(66.000000,-10.000000,98.000000));
#9832=VERTEX_POINT('',#9831);
#9833=CARTESIAN_POINT('',(50.000000,-10.000000,98.000000));
#9834=DIRECTION('',(-1.000000,0.000000,0.000000));
#9835=DIRECTION('',(0.000000,1.000000,0.000000));
#9836=AXIS2_PLACEMENT_3D('',#9833,#9834,#9835);
#9837=PLANE('',#9836);
#9838=DIRECTION('',(0.000000,1.000000,0.000000));
#9839=VECTOR('',#9838,20.000000);
#9840=LINE('',#9823,#9839);
#9841=EDGE_CURVE('',#9824,#9822,#9840,.T.);
#9842=ORIENTED_EDGE('',*,*,#9841,.T.);
#9843=DIRECTION('',(0.000000,0.000000,-1.000000));
#9844=VECTOR('',#9843,88.000000);
#9845=LINE('',#9821,#9844);
#9846=EDGE_CURVE('',#9822,#9820,#9845,.T.);
#9847=ORIENTED_EDGE('',*,*,#9846,.T.);
#9848=DIRECTION('',(0.000000,-0.221621,0.975133));
#9849=VECTOR('',#9848,90.244113);
#9850=LINE('',#9819,#9849);
#9851=EDGE_CURVE('',#9820,#9824,#9850,.T.);
#9852=ORIENTED_EDGE('',*,*,#9851,.T.);
#9853=EDGE_LOOP('',(#9842,#9847,#9852));
#9854=FACE_OUTER_BOUND('',#9853,.T.);
#9855=ADVANCED_FACE('',(#9854),#9837,.T.);
#9856=CARTESIAN_POINT('',(50.000000,-10.000000,98.000000));
#9857=DIRECTION('',(-1.000000,0.000000,0.000000));
#9858=DIRECTION('',(0.000000,1.000000,0.000000));
#9859=AXIS2_PLACEMENT_3D('',#9856,#9857,#9858);
#9860=PLANE('',#9859);
#9861=DIRECTION('',(0.000000,0.221621,-0.975133));
#9862=VECTOR('',#9861,90.244113);
#9863=LINE('',#9823,#9862);
#9864=EDGE_CURVE('',#9824,#9820,#9863,.T.);
#9865=ORIENTED_EDGE('',*,*,#9864,.T.);
#9866=DIRECTION('',(0.000000,-1.000000,0.000000));
#9867=VECTOR('',#9866,20.000000);
#9868=LINE('',#9819,#9867);
#9869=EDGE_CURVE('',#9820,#9818,#9868,.T.);
#9870=ORIENTED_EDGE('',*,*,#9869,.T.);
#9871=DIRECTION('',(0.000000,0.000000,1.000000));
#9872=VECTOR('',#9871,88.000000);
#9873=LINE('',#9817,#9872);
#9874=EDGE_CURVE('',#9818,#9824,#9873,.T.);
#9875=ORIENTED_EDGE('',*,*,#9874,.T.);
#9876=EDGE_LOOP('',(#9865,#9870,#9875));
#9877=FACE_OUTER_BOUND('',#9876,.T.);
#9878=ADVANCED_FACE('',(#9877),#9860,.T.);
#9879=CARTESIAN_POINT('',(66.000000,-10.000000,10.000000));
#9880=DIRECTION('',(1.000000,0.000000,0.000000));
#9881=DIRECTION('',(0.000000,1.000000,0.000000));
#9882=AXIS2_PLACEMENT_3D('',#9879,#9880,#9881);
#9883=PLANE('',#9882);
#9884=DIRECTION('',(0.000000,1.000000,0.000000));
#9885=VECTOR('',#9884,20.000000);
#9886=LINE('',#9825,#9885);
#9887=EDGE_CURVE('',#9826,#9828,#9886,.T.);
#9888=ORIENTED_EDGE('',*,*,#9887,.T.);
#9889=DIRECTION('',(0.000000,0.000000,1.000000));
#9890=VECTOR('',#9889,88.000000);
#9891=LINE('',#9827,#9890);
#9892=EDGE_CURVE('',#9828,#9830,#9891,.T.);
#9893=ORIENTED_EDGE('',*,*,#9892,.T.);
#9894=DIRECTION('',(0.000000,-0.221621,-0.975133));
#9895=VECTOR('',#9894,90.244113);
#9896=LINE('',#9829,#9895);
#9897=EDGE_CURVE('',#9830,#9826,#9896,.T.);
#9898=ORIENTED_EDGE('',*,*,#9897,.T.);
#9899=EDGE_LOOP('',(#9888,#9893,#9898));
#9900=FACE_OUTER_BOUND('',#9899,.T.);
#9901=ADVANCED_FACE('',(#9900),#9883,.T.);
#9902=CARTESIAN_POINT('',(66.000000,-10.000000,10.000000));
#9903=DIRECTION('',(1.000000,0.000000,0.000000));
#9904=DIRECTION('',(0.000000,1.000000,0.000000));
#9905=AXIS2_PLACEMENT_3D('',#9902,#9903,#9904);
#9906=PLANE('',#9905);
#9907=DIRECTION('',(0.000000,0.221621,0.975133));
#9908=VECTOR('',#9907,90.244113);
#9909=LINE('',#9825,#9908);
#9910=EDGE_CURVE('',#9826,#9830,#9909,.T.);
#9911=ORIENTED_EDGE('',*,*,#9910,.T.);
#9912=DIRECTION('',(0.000000,-1.000000,0.000000));
#9913=VECTOR('',#9912,20.000000);
#9914=LINE('',#9829,#9913);
#9915=EDGE_CURVE('',#9830,#9832,#9914,.T.);
#9916=ORIENTED_EDGE('',*,*,#9915,.T.);
#9917=DIRECTION('',(0.000000,0.000000,-1.000000));
#9918=VECTOR('',#9917,88.000000);
#9919=LINE('',#9831,#9918);
#9920=EDGE_CURVE('',#9832,#9826,#9919,.T.);
#9921=ORIENTED_EDGE('',*,*,#9920,.T.);
#9922=EDGE_LOOP('',(#9911,#9916,#9921));
#9923=FACE_OUTER_BOUND('',#9922,.T.);
#9924=ADVANCED_FACE('',(#9923),#9906,.T.);
#9925=CARTESIAN_POINT('',(66.000000,-10.000000,10.000000));
#9926=DIRECTION('',(0.000000,-1.000000,0.000000));
#9927=DIRECTION('',(1.000000,0.000000,0.000000));
#9928=AXIS2_PLACEMENT_3D('',#9925,#9926,#9927);
#9929=PLANE('',#9928);
#9930=DIRECTION('',(0.000000,0.000000,1.000000));
#9931=VECTOR('',#9930,88.000000);
#9932=LINE('',#9825,#9931);
#9933=EDGE_CURVE('',#9826,#9832,#9932,.T.);
#9934=ORIENTED_EDGE('',*,*,#9933,.T.);
#9935=DIRECTION('',(-1.000000,0.000000,0.000000));
#9936=VECTOR('',#9935,16.000000);
#9937=LINE('',#9831,#9936);
#9938=EDGE_CURVE('',#9832,#9824,#9937,.T.);
#9939=ORIENTED_EDGE('',*,*,#9938,.T.);
#9940=DIRECTION('',(0.178885,0.000000,-0.983870));
#9941=VECTOR('',#9940,89.442719);
#9942=LINE('',#9823,#9941);
#9943=EDGE_CURVE('',#9824,#9826,#9942,.T.);
#9944=ORIENTED_EDGE('',*,*,#9943,.T.);
#9945=EDGE_LOOP('',(#9934,#9939,#9944));
#9946=FACE_OUTER_BOUND('',#9945,.T.);
#9947=ADVANCED_FACE('',(#9946),#9929,.T.);
#9948=CARTESIAN_POINT('',(66.000000,-10.000000,10.000000));
#9949=DIRECTION('',(0.000000,-1.000000,0.000000));
#9950=DIRECTION('',(1.000000,0.000000,0.000000));
#9951=AXIS2_PLACEMENT_3D('',#9948,#9949,#9950);
#9952=PLANE('',#9951);
#9953=DIRECTION('',(-0.178885,0.000000,0.983870));
#9954=VECTOR('',#9953,89.442719);
#9955=LINE('',#9825,#9954);
#9956=EDGE_CURVE('',#9826,#9824,#9955,.T.);
#9957=ORIENTED_EDGE('',*,*,#9956,.T.);
#9958=DIRECTION('',(0.000000,0.000000,-1.000000));
#9959=VECTOR('',#9958,88.000000);
#9960=LINE('',#9823,#9959);
#9961=EDGE_CURVE('',#9824,#9818,#9960,.T.);
#9962=ORIENTED_EDGE('',*,*,#9961,.T.);
#9963=DIRECTION('',(1.000000,0.000000,0.000000));
#9964=VECTOR('',#9963,16.000000);
#9965=LINE('',#9817,#9964);
#9966=EDGE_CURVE('',#9818,#9826,#9965,.T.);
#9967=ORIENTED_EDGE('',*,*,#9966,.T.);
#9968=EDGE_LOOP('',(#9957,#9962,#9967));
#9969=FACE_OUTER_BOUND('',#9968,.T.);
#9970=ADVANCED_FACE('',(#9969),#9952,.T.);
#9971=CARTESIAN_POINT('',(50.000000,10.000000,10.000000));
#9972=DIRECTION('',(0.000000,1.000000,0.000000));
#9973=DIRECTION('',(1.000000,0.000000,0.000000));
#9974=AXIS2_PLACEMENT_3D('',#9971,#9972,#9973);
#9975=PLANE('',#9974);
#9976=DIRECTION('',(0.000000,0.000000,1.000000));
#9977=VECTOR('',#9976,88.000000);
#9978=LINE('',#9819,#9977);
#9979=EDGE_CURVE('',#9820,#9822,#9978,.T.);
#9980=ORIENTED_EDGE('',*,*,#9979,.T.);
#9981=DIRECTION('',(1.000000,0.000000,0.000000));
#9982=VECTOR('',#9981,16.000000);
#9983=LINE('',#9821,#9982);
#9984=EDGE_CURVE('',#9822,#9830,#9983,.T.);
#9985=ORIENTED_EDGE('',*,*,#9984,.T.);
#9986=DIRECTION('',(-0.178885,0.000000,-0.983870));
#9987=VECTOR('',#9986,89.442719);
#9988=LINE('',#9829,#9987);
#9989=EDGE_CURVE('',#9830,#9820,#9988,.T.);
#9990=ORIENTED_EDGE('',*,*,#9989,.T.);
#9991=EDGE_LOOP('',(#9980,#9985,#9990));
#9992=FACE_OUTER_BOUND('',#9991,.T.);
#9993=ADVANCED_FACE('',(#9992),#9975,.T.);
#9994=CARTESIAN_POINT('',(50.000000,10.000000,10.000000));
#9995=DIRECTION('',(0.000000,1.000000,0.000000));
#9996=DIRECTION('',(1.000000,0.000000,0.000000));
#9997=AXIS2_PLACEMENT_3D('',#9994,#9995,#9996);
#9998=PLANE('',#9997);
#9999=DIRECTION('',(0.178885,0.000000,0.983870));
#10000=VECTOR('',#9999,89.442719);
#10001=LINE('',#9819,#10000);
#10002=EDGE_CURVE('',#9820,#9830,#10001,.T.);
#10003=ORIENTED_EDGE('',*,*,#10002,.T.);
#10004=DIRECTION('',(0.000000,0.000000,-1.000000));
#10005=VECTOR('',#10004,88.000000);
#10006=LINE('',#9829,#10005);
#10007=EDGE_CURVE('',#9830,#9828,#10006,.T.);
#10008=ORIENTED_EDGE('',*,*,#10007,.T.);
#10009=DIRECTION('',(-1.000000,0.000000,0.000000));
#10010=VECTOR('',#10009,16.000000);
#10011=LINE('',#9827,#10010);
#10012=EDGE_CURVE('',#9828,#9820,#10011,.T.);
#10013=ORIENTED_EDGE('',*,*,#10012,.T.);
#10014=EDGE_LOOP('',(#10003,#10008,#10013));
#10015=FACE_OUTER_BOUND('',#10014,.T.);
#10016=ADVANCED_FACE('',(#10015),#9998,.T.);
#10017=CARTESIAN_POINT('',(50.000000,10.000000,10.000000));
#10018=DIRECTION('',(0.000000,0.000000,-1.000000));
#10019=DIRECTION('',(1.000000,0.000000,0.000000));
#10020=AXIS2_PLACEMENT_3D('',#10017,#10018,#10019);
#10021=PLANE('',#10020);
#10022=DIRECTION('',(1.000000,0.000000,0.000000));
#10023=VECTOR('',#10022,16.000000);
#10024=LINE('',#9819,#10023);
#10025=EDGE_CURVE('',#9820,#9828,#10024,.T.);
#10026=ORIENTED_EDGE('',*,*,#10025,.T.);
#10027=DIRECTION('',(0.000000,-1.000000,0.000000));
#10028=VECTOR('',#10027,20.000000);
#10029=LINE('',#9827,#10028);
#10030=EDGE_CURVE('',#9828,#9826,#10029,.T.);
#10031=ORIENTED_EDGE('',*,*,#10030,.T.);
#10032=DIRECTION('',(-0.624695,0.780869,0.000000));
#10033=VECTOR('',#10032,25.612497);
#10034=LINE('',#9825,#10033);
#10035=EDGE_CURVE('',#9826,#9820,#10034,.T.);
#10036=ORIENTED_EDGE('',*,*,#10035,.T.);
#10037=EDGE_LOOP('',(#10026,#10031,#10036));
#10038=FACE_OUTER_BOUND('',#10037,.T.);
#10039=ADVANCED_FACE('',(#10038),#10021,.T.);
#10040=CARTESIAN_POINT('',(50.000000,10.000000,10.000000));
#10041=DIRECTION('',(0.000000,0.000000,-1.000000));
#10042=DIRECTION('',(1.000000,0.000000,0.000000));
#10043=AXIS2_PLACEMENT_3D('',#10040,#10041,#10042);
#10044=PLANE('',#10043);
#10045=DIRECTION('',(0.624695,-0.780869,0.000000));
#10046=VECTOR('',#10045,25.612497);
#10047=LINE('',#9819,#10046);
#10048=EDGE_CURVE('',#9820,#9826,#10047,.T.);
#10049=ORIENTED_EDGE('',*,*,#10048,.T.);
#10050=DIRECTION('',(-1.000000,0.000000,0.000000));
#10051=VECTOR('',#10050,16.000000);
#10052=LINE('',#9825,#10051);
#10053=EDGE_CURVE('',#9826,#9818,#10052,.T.);
#10054=ORIENTED_EDGE('',*,*,#10053,.T.);
#10055=DIRECTION('',(0.000000,1.000000,0.000000));
#10056=VECTOR('',#10055,20.000000);
#10057=LINE('',#9817,#10056);
#10058=EDGE_CURVE('',#9818,#9820,#10057,.T.);
#10059=ORIENTED_EDGE('',*,*,#10058,.T.);
#10060=EDGE_LOOP('',(#10049,#10054,#10059));
#10061=FACE_OUTER_BOUND('',#10060,.T.);
#10062=ADVANCED_FACE('',(#10061),#10044,.T.);
#10063=CARTESIAN_POINT('',(50.000000,-10.000000,98.000000));
#10064=DIRECTION('',(0.000000,0.000000,1.000000));
#10065=DIRECTION('',(1.000000,0.000000,0.000000));
#10066=AXIS2_PLACEMENT_3D('',#10063,#10064,#10065);
#10067=PLANE('',#10066);
#10068=DIRECTION('',(1.000000,0.000000,0.000000));
#10069=VECTOR('',#10068,16.000000);
#10070=LINE('',#9823,#10069);
#10071=EDGE_CURVE('',#9824,#9832,#10070,.T.);
#10072=ORIENTED_EDGE('',*,*,#10071,.T.);
#10073=DIRECTION('',(0.000000,1.000000,0.000000));
#10074=VECTOR('',#10073,20.000000);
#10075=LINE('',#9831,#10074);
#10076=EDGE_CURVE('',#9832,#9830,#10075,.T.);
#10077=ORIENTED_EDGE('',*,*,#10076,.T.);
#10078=DIRECTION('',(-0.624695,-0.780869,0.000000));
#10079=VECTOR('',#10078,25.612497);
#10080=LINE('',#9829,#10079);
#10081=EDGE_CURVE('',#9830,#9824,#10080,.T.);
#10082=ORIENTED_EDGE('',*,*,#10081,.T.);
#10083=EDGE_LOOP('',(#10072,#10077,#10082));
#10084=FACE_OUTER_BOUND('',#10083,.T.);
#10085=ADVANCED_FACE('',(#10084),#10067,.T.);
#10086=CARTESIAN_POINT('',(50.000000,-10.000000,98.000000));
#10087=DIRECTION('',(0.000000,0.000000,1.000000));
#10088=DIRECTION('',(1.000000,0.000000,0.000000));
#10089=AXIS2_PLACEMENT_3D('',#10086,#10087,#10088);
#10090=PLANE('',#10089);
#10091=DIRECTION('',(0.624695,0.780869,0.000000));
#10092=VECTOR('',#10091,25.612497);
#10093=LINE('',#9823,#10092);
#10094=EDGE_CURVE('',#9824,#9830,#10093,.T.);
#10095=ORIENTED_EDGE('',*,*,#10094,.T.);
#10096=DIRECTION('',(-1.000000,0.000000,0.000000));
#10097=VECTOR('',#10096,16.000000);
#10098=LINE('',#9829,#10097);
#10099=EDGE_CURVE('',#9830,#9822,#10098,.T.);
#10100=ORIENTED_EDGE('',*,*,#10099,.T.);
#10101=DIRECTION('',(0.000000,-1.000000,0.000000));
#10102=VECTOR('',#10101,20.000000);
#10103=LINE('',#9821,#10102);
#10104=EDGE_CURVE('',#9822,#9824,#10103,.T.);
#10105=ORIENTED_EDGE('',*,*,#10104,.T.);
#10106=EDGE_LOOP('',(#10095,#10100,#10105));
#10107=FACE_OUTER_BOUND('',#10106,.T.);
#10108=ADVANCED_FACE('',(#10107),#10090,.T.);
#10109=CLOSED_SHELL('',(#9855,#9878,#9901,#9924,#9947,#9970,#9993,#10016,#10039,#10062,#10085,#10108));
#10110=FACETED_BREP('vertical_ballast_track',#10109);
#10111=CARTESIAN_POINT('',(50.000000,-10.000000,10.000000));
#10112=VERTEX_POINT('',#10111);
#10113=CARTESIAN_POINT('',(50.000000,10.000000,10.000000));
#10114=VERTEX_POINT('',#10113);
#10115=CARTESIAN_POINT('',(50.000000,10.000000,14.000000));
#10116=VERTEX_POINT('',#10115);
#10117=CARTESIAN_POINT('',(50.000000,-10.000000,14.000000));
#10118=VERTEX_POINT('',#10117);
#10119=CARTESIAN_POINT('',(66.000000,-10.000000,10.000000));
#10120=VERTEX_POINT('',#10119);
#10121=CARTESIAN_POINT('',(66.000000,10.000000,10.000000));
#10122=VERTEX_POINT('',#10121);
#10123=CARTESIAN_POINT('',(66.000000,10.000000,14.000000));
#10124=VERTEX_POINT('',#10123);
#10125=CARTESIAN_POINT('',(66.000000,-10.000000,14.000000));
#10126=VERTEX_POINT('',#10125);
#10127=CARTESIAN_POINT('',(50.000000,-10.000000,14.000000));
#10128=DIRECTION('',(-1.000000,0.000000,0.000000));
#10129=DIRECTION('',(0.000000,1.000000,0.000000));
#10130=AXIS2_PLACEMENT_3D('',#10127,#10128,#10129);
#10131=PLANE('',#10130);
#10132=DIRECTION('',(0.000000,1.000000,0.000000));
#10133=VECTOR('',#10132,20.000000);
#10134=LINE('',#10117,#10133);
#10135=EDGE_CURVE('',#10118,#10116,#10134,.T.);
#10136=ORIENTED_EDGE('',*,*,#10135,.T.);
#10137=DIRECTION('',(0.000000,0.000000,-1.000000));
#10138=VECTOR('',#10137,4.000000);
#10139=LINE('',#10115,#10138);
#10140=EDGE_CURVE('',#10116,#10114,#10139,.T.);
#10141=ORIENTED_EDGE('',*,*,#10140,.T.);
#10142=DIRECTION('',(0.000000,-0.980581,0.196116));
#10143=VECTOR('',#10142,20.396078);
#10144=LINE('',#10113,#10143);
#10145=EDGE_CURVE('',#10114,#10118,#10144,.T.);
#10146=ORIENTED_EDGE('',*,*,#10145,.T.);
#10147=EDGE_LOOP('',(#10136,#10141,#10146));
#10148=FACE_OUTER_BOUND('',#10147,.T.);
#10149=ADVANCED_FACE('',(#10148),#10131,.T.);
#10150=CARTESIAN_POINT('',(50.000000,-10.000000,14.000000));
#10151=DIRECTION('',(-1.000000,0.000000,0.000000));
#10152=DIRECTION('',(0.000000,1.000000,0.000000));
#10153=AXIS2_PLACEMENT_3D('',#10150,#10151,#10152);
#10154=PLANE('',#10153);
#10155=DIRECTION('',(0.000000,0.980581,-0.196116));
#10156=VECTOR('',#10155,20.396078);
#10157=LINE('',#10117,#10156);
#10158=EDGE_CURVE('',#10118,#10114,#10157,.T.);
#10159=ORIENTED_EDGE('',*,*,#10158,.T.);
#10160=DIRECTION('',(0.000000,-1.000000,0.000000));
#10161=VECTOR('',#10160,20.000000);
#10162=LINE('',#10113,#10161);
#10163=EDGE_CURVE('',#10114,#10112,#10162,.T.);
#10164=ORIENTED_EDGE('',*,*,#10163,.T.);
#10165=DIRECTION('',(0.000000,0.000000,1.000000));
#10166=VECTOR('',#10165,4.000000);
#10167=LINE('',#10111,#10166);
#10168=EDGE_CURVE('',#10112,#10118,#10167,.T.);
#10169=ORIENTED_EDGE('',*,*,#10168,.T.);
#10170=EDGE_LOOP('',(#10159,#10164,#10169));
#10171=FACE_OUTER_BOUND('',#10170,.T.);
#10172=ADVANCED_FACE('',(#10171),#10154,.T.);
#10173=CARTESIAN_POINT('',(66.000000,-10.000000,10.000000));
#10174=DIRECTION('',(1.000000,0.000000,0.000000));
#10175=DIRECTION('',(0.000000,1.000000,0.000000));
#10176=AXIS2_PLACEMENT_3D('',#10173,#10174,#10175);
#10177=PLANE('',#10176);
#10178=DIRECTION('',(0.000000,1.000000,0.000000));
#10179=VECTOR('',#10178,20.000000);
#10180=LINE('',#10119,#10179);
#10181=EDGE_CURVE('',#10120,#10122,#10180,.T.);
#10182=ORIENTED_EDGE('',*,*,#10181,.T.);
#10183=DIRECTION('',(0.000000,0.000000,1.000000));
#10184=VECTOR('',#10183,4.000000);
#10185=LINE('',#10121,#10184);
#10186=EDGE_CURVE('',#10122,#10124,#10185,.T.);
#10187=ORIENTED_EDGE('',*,*,#10186,.T.);
#10188=DIRECTION('',(0.000000,-0.980581,-0.196116));
#10189=VECTOR('',#10188,20.396078);
#10190=LINE('',#10123,#10189);
#10191=EDGE_CURVE('',#10124,#10120,#10190,.T.);
#10192=ORIENTED_EDGE('',*,*,#10191,.T.);
#10193=EDGE_LOOP('',(#10182,#10187,#10192));
#10194=FACE_OUTER_BOUND('',#10193,.T.);
#10195=ADVANCED_FACE('',(#10194),#10177,.T.);
#10196=CARTESIAN_POINT('',(66.000000,-10.000000,10.000000));
#10197=DIRECTION('',(1.000000,0.000000,0.000000));
#10198=DIRECTION('',(0.000000,1.000000,0.000000));
#10199=AXIS2_PLACEMENT_3D('',#10196,#10197,#10198);
#10200=PLANE('',#10199);
#10201=DIRECTION('',(0.000000,0.980581,0.196116));
#10202=VECTOR('',#10201,20.396078);
#10203=LINE('',#10119,#10202);
#10204=EDGE_CURVE('',#10120,#10124,#10203,.T.);
#10205=ORIENTED_EDGE('',*,*,#10204,.T.);
#10206=DIRECTION('',(0.000000,-1.000000,0.000000));
#10207=VECTOR('',#10206,20.000000);
#10208=LINE('',#10123,#10207);
#10209=EDGE_CURVE('',#10124,#10126,#10208,.T.);
#10210=ORIENTED_EDGE('',*,*,#10209,.T.);
#10211=DIRECTION('',(0.000000,0.000000,-1.000000));
#10212=VECTOR('',#10211,4.000000);
#10213=LINE('',#10125,#10212);
#10214=EDGE_CURVE('',#10126,#10120,#10213,.T.);
#10215=ORIENTED_EDGE('',*,*,#10214,.T.);
#10216=EDGE_LOOP('',(#10205,#10210,#10215));
#10217=FACE_OUTER_BOUND('',#10216,.T.);
#10218=ADVANCED_FACE('',(#10217),#10200,.T.);
#10219=CARTESIAN_POINT('',(66.000000,-10.000000,10.000000));
#10220=DIRECTION('',(0.000000,-1.000000,0.000000));
#10221=DIRECTION('',(1.000000,0.000000,0.000000));
#10222=AXIS2_PLACEMENT_3D('',#10219,#10220,#10221);
#10223=PLANE('',#10222);
#10224=DIRECTION('',(0.000000,0.000000,1.000000));
#10225=VECTOR('',#10224,4.000000);
#10226=LINE('',#10119,#10225);
#10227=EDGE_CURVE('',#10120,#10126,#10226,.T.);
#10228=ORIENTED_EDGE('',*,*,#10227,.T.);
#10229=DIRECTION('',(-1.000000,0.000000,0.000000));
#10230=VECTOR('',#10229,16.000000);
#10231=LINE('',#10125,#10230);
#10232=EDGE_CURVE('',#10126,#10118,#10231,.T.);
#10233=ORIENTED_EDGE('',*,*,#10232,.T.);
#10234=DIRECTION('',(0.970143,0.000000,-0.242536));
#10235=VECTOR('',#10234,16.492423);
#10236=LINE('',#10117,#10235);
#10237=EDGE_CURVE('',#10118,#10120,#10236,.T.);
#10238=ORIENTED_EDGE('',*,*,#10237,.T.);
#10239=EDGE_LOOP('',(#10228,#10233,#10238));
#10240=FACE_OUTER_BOUND('',#10239,.T.);
#10241=ADVANCED_FACE('',(#10240),#10223,.T.);
#10242=CARTESIAN_POINT('',(66.000000,-10.000000,10.000000));
#10243=DIRECTION('',(0.000000,-1.000000,0.000000));
#10244=DIRECTION('',(1.000000,0.000000,0.000000));
#10245=AXIS2_PLACEMENT_3D('',#10242,#10243,#10244);
#10246=PLANE('',#10245);
#10247=DIRECTION('',(-0.970143,0.000000,0.242536));
#10248=VECTOR('',#10247,16.492423);
#10249=LINE('',#10119,#10248);
#10250=EDGE_CURVE('',#10120,#10118,#10249,.T.);
#10251=ORIENTED_EDGE('',*,*,#10250,.T.);
#10252=DIRECTION('',(0.000000,0.000000,-1.000000));
#10253=VECTOR('',#10252,4.000000);
#10254=LINE('',#10117,#10253);
#10255=EDGE_CURVE('',#10118,#10112,#10254,.T.);
#10256=ORIENTED_EDGE('',*,*,#10255,.T.);
#10257=DIRECTION('',(1.000000,0.000000,0.000000));
#10258=VECTOR('',#10257,16.000000);
#10259=LINE('',#10111,#10258);
#10260=EDGE_CURVE('',#10112,#10120,#10259,.T.);
#10261=ORIENTED_EDGE('',*,*,#10260,.T.);
#10262=EDGE_LOOP('',(#10251,#10256,#10261));
#10263=FACE_OUTER_BOUND('',#10262,.T.);
#10264=ADVANCED_FACE('',(#10263),#10246,.T.);
#10265=CARTESIAN_POINT('',(50.000000,10.000000,10.000000));
#10266=DIRECTION('',(0.000000,1.000000,0.000000));
#10267=DIRECTION('',(1.000000,0.000000,0.000000));
#10268=AXIS2_PLACEMENT_3D('',#10265,#10266,#10267);
#10269=PLANE('',#10268);
#10270=DIRECTION('',(0.000000,0.000000,1.000000));
#10271=VECTOR('',#10270,4.000000);
#10272=LINE('',#10113,#10271);
#10273=EDGE_CURVE('',#10114,#10116,#10272,.T.);
#10274=ORIENTED_EDGE('',*,*,#10273,.T.);
#10275=DIRECTION('',(1.000000,0.000000,0.000000));
#10276=VECTOR('',#10275,16.000000);
#10277=LINE('',#10115,#10276);
#10278=EDGE_CURVE('',#10116,#10124,#10277,.T.);
#10279=ORIENTED_EDGE('',*,*,#10278,.T.);
#10280=DIRECTION('',(-0.970143,0.000000,-0.242536));
#10281=VECTOR('',#10280,16.492423);
#10282=LINE('',#10123,#10281);
#10283=EDGE_CURVE('',#10124,#10114,#10282,.T.);
#10284=ORIENTED_EDGE('',*,*,#10283,.T.);
#10285=EDGE_LOOP('',(#10274,#10279,#10284));
#10286=FACE_OUTER_BOUND('',#10285,.T.);
#10287=ADVANCED_FACE('',(#10286),#10269,.T.);
#10288=CARTESIAN_POINT('',(50.000000,10.000000,10.000000));
#10289=DIRECTION('',(0.000000,1.000000,0.000000));
#10290=DIRECTION('',(1.000000,0.000000,0.000000));
#10291=AXIS2_PLACEMENT_3D('',#10288,#10289,#10290);
#10292=PLANE('',#10291);
#10293=DIRECTION('',(0.970143,0.000000,0.242536));
#10294=VECTOR('',#10293,16.492423);
#10295=LINE('',#10113,#10294);
#10296=EDGE_CURVE('',#10114,#10124,#10295,.T.);
#10297=ORIENTED_EDGE('',*,*,#10296,.T.);
#10298=DIRECTION('',(0.000000,0.000000,-1.000000));
#10299=VECTOR('',#10298,4.000000);
#10300=LINE('',#10123,#10299);
#10301=EDGE_CURVE('',#10124,#10122,#10300,.T.);
#10302=ORIENTED_EDGE('',*,*,#10301,.T.);
#10303=DIRECTION('',(-1.000000,0.000000,0.000000));
#10304=VECTOR('',#10303,16.000000);
#10305=LINE('',#10121,#10304);
#10306=EDGE_CURVE('',#10122,#10114,#10305,.T.);
#10307=ORIENTED_EDGE('',*,*,#10306,.T.);
#10308=EDGE_LOOP('',(#10297,#10302,#10307));
#10309=FACE_OUTER_BOUND('',#10308,.T.);
#10310=ADVANCED_FACE('',(#10309),#10292,.T.);
#10311=CARTESIAN_POINT('',(50.000000,10.000000,10.000000));
#10312=DIRECTION('',(0.000000,0.000000,-1.000000));
#10313=DIRECTION('',(1.000000,0.000000,0.000000));
#10314=AXIS2_PLACEMENT_3D('',#10311,#10312,#10313);
#10315=PLANE('',#10314);
#10316=DIRECTION('',(1.000000,0.000000,0.000000));
#10317=VECTOR('',#10316,16.000000);
#10318=LINE('',#10113,#10317);
#10319=EDGE_CURVE('',#10114,#10122,#10318,.T.);
#10320=ORIENTED_EDGE('',*,*,#10319,.T.);
#10321=DIRECTION('',(0.000000,-1.000000,0.000000));
#10322=VECTOR('',#10321,20.000000);
#10323=LINE('',#10121,#10322);
#10324=EDGE_CURVE('',#10122,#10120,#10323,.T.);
#10325=ORIENTED_EDGE('',*,*,#10324,.T.);
#10326=DIRECTION('',(-0.624695,0.780869,0.000000));
#10327=VECTOR('',#10326,25.612497);
#10328=LINE('',#10119,#10327);
#10329=EDGE_CURVE('',#10120,#10114,#10328,.T.);
#10330=ORIENTED_EDGE('',*,*,#10329,.T.);
#10331=EDGE_LOOP('',(#10320,#10325,#10330));
#10332=FACE_OUTER_BOUND('',#10331,.T.);
#10333=ADVANCED_FACE('',(#10332),#10315,.T.);
#10334=CARTESIAN_POINT('',(50.000000,10.000000,10.000000));
#10335=DIRECTION('',(0.000000,0.000000,-1.000000));
#10336=DIRECTION('',(1.000000,0.000000,0.000000));
#10337=AXIS2_PLACEMENT_3D('',#10334,#10335,#10336);
#10338=PLANE('',#10337);
#10339=DIRECTION('',(0.624695,-0.780869,0.000000));
#10340=VECTOR('',#10339,25.612497);
#10341=LINE('',#10113,#10340);
#10342=EDGE_CURVE('',#10114,#10120,#10341,.T.);
#10343=ORIENTED_EDGE('',*,*,#10342,.T.);
#10344=DIRECTION('',(-1.000000,0.000000,0.000000));
#10345=VECTOR('',#10344,16.000000);
#10346=LINE('',#10119,#10345);
#10347=EDGE_CURVE('',#10120,#10112,#10346,.T.);
#10348=ORIENTED_EDGE('',*,*,#10347,.T.);
#10349=DIRECTION('',(0.000000,1.000000,0.000000));
#10350=VECTOR('',#10349,20.000000);
#10351=LINE('',#10111,#10350);
#10352=EDGE_CURVE('',#10112,#10114,#10351,.T.);
#10353=ORIENTED_EDGE('',*,*,#10352,.T.);
#10354=EDGE_LOOP('',(#10343,#10348,#10353));
#10355=FACE_OUTER_BOUND('',#10354,.T.);
#10356=ADVANCED_FACE('',(#10355),#10338,.T.);
#10357=CARTESIAN_POINT('',(50.000000,-10.000000,14.000000));
#10358=DIRECTION('',(0.000000,0.000000,1.000000));
#10359=DIRECTION('',(1.000000,0.000000,0.000000));
#10360=AXIS2_PLACEMENT_3D('',#10357,#10358,#10359);
#10361=PLANE('',#10360);
#10362=DIRECTION('',(1.000000,0.000000,0.000000));
#10363=VECTOR('',#10362,16.000000);
#10364=LINE('',#10117,#10363);
#10365=EDGE_CURVE('',#10118,#10126,#10364,.T.);
#10366=ORIENTED_EDGE('',*,*,#10365,.T.);
#10367=DIRECTION('',(0.000000,1.000000,0.000000));
#10368=VECTOR('',#10367,20.000000);
#10369=LINE('',#10125,#10368);
#10370=EDGE_CURVE('',#10126,#10124,#10369,.T.);
#10371=ORIENTED_EDGE('',*,*,#10370,.T.);
#10372=DIRECTION('',(-0.624695,-0.780869,0.000000));
#10373=VECTOR('',#10372,25.612497);
#10374=LINE('',#10123,#10373);
#10375=EDGE_CURVE('',#10124,#10118,#10374,.T.);
#10376=ORIENTED_EDGE('',*,*,#10375,.T.);
#10377=EDGE_LOOP('',(#10366,#10371,#10376));
#10378=FACE_OUTER_BOUND('',#10377,.T.);
#10379=ADVANCED_FACE('',(#10378),#10361,.T.);
#10380=CARTESIAN_POINT('',(50.000000,-10.000000,14.000000));
#10381=DIRECTION('',(0.000000,0.000000,1.000000));
#10382=DIRECTION('',(1.000000,0.000000,0.000000));
#10383=AXIS2_PLACEMENT_3D('',#10380,#10381,#10382);
#10384=PLANE('',#10383);
#10385=DIRECTION('',(0.624695,0.780869,0.000000));
#10386=VECTOR('',#10385,25.612497);
#10387=LINE('',#10117,#10386);
#10388=EDGE_CURVE('',#10118,#10124,#10387,.T.);
#10389=ORIENTED_EDGE('',*,*,#10388,.T.);
#10390=DIRECTION('',(-1.000000,0.000000,0.000000));
#10391=VECTOR('',#10390,16.000000);
#10392=LINE('',#10123,#10391);
#10393=EDGE_CURVE('',#10124,#10116,#10392,.T.);
#10394=ORIENTED_EDGE('',*,*,#10393,.T.);
#10395=DIRECTION('',(0.000000,-1.000000,0.000000));
#10396=VECTOR('',#10395,20.000000);
#10397=LINE('',#10115,#10396);
#10398=EDGE_CURVE('',#10116,#10118,#10397,.T.);
#10399=ORIENTED_EDGE('',*,*,#10398,.T.);
#10400=EDGE_LOOP('',(#10389,#10394,#10399));
#10401=FACE_OUTER_BOUND('',#10400,.T.);
#10402=ADVANCED_FACE('',(#10401),#10384,.T.);
#10403=CLOSED_SHELL('',(#10149,#10172,#10195,#10218,#10241,#10264,#10287,#10310,#10333,#10356,#10379,#10402));
#10404=FACETED_BREP('vertical_end_stop_lower',#10403);
#10405=CARTESIAN_POINT('',(50.000000,-10.000000,94.000000));
#10406=VERTEX_POINT('',#10405);
#10407=CARTESIAN_POINT('',(50.000000,10.000000,94.000000));
#10408=VERTEX_POINT('',#10407);
#10409=CARTESIAN_POINT('',(50.000000,10.000000,98.000000));
#10410=VERTEX_POINT('',#10409);
#10411=CARTESIAN_POINT('',(50.000000,-10.000000,98.000000));
#10412=VERTEX_POINT('',#10411);
#10413=CARTESIAN_POINT('',(66.000000,-10.000000,94.000000));
#10414=VERTEX_POINT('',#10413);
#10415=CARTESIAN_POINT('',(66.000000,10.000000,94.000000));
#10416=VERTEX_POINT('',#10415);
#10417=CARTESIAN_POINT('',(66.000000,10.000000,98.000000));
#10418=VERTEX_POINT('',#10417);
#10419=CARTESIAN_POINT('',(66.000000,-10.000000,98.000000));
#10420=VERTEX_POINT('',#10419);
#10421=CARTESIAN_POINT('',(50.000000,-10.000000,98.000000));
#10422=DIRECTION('',(-1.000000,0.000000,0.000000));
#10423=DIRECTION('',(0.000000,1.000000,0.000000));
#10424=AXIS2_PLACEMENT_3D('',#10421,#10422,#10423);
#10425=PLANE('',#10424);
#10426=DIRECTION('',(0.000000,1.000000,0.000000));
#10427=VECTOR('',#10426,20.000000);
#10428=LINE('',#10411,#10427);
#10429=EDGE_CURVE('',#10412,#10410,#10428,.T.);
#10430=ORIENTED_EDGE('',*,*,#10429,.T.);
#10431=DIRECTION('',(0.000000,0.000000,-1.000000));
#10432=VECTOR('',#10431,4.000000);
#10433=LINE('',#10409,#10432);
#10434=EDGE_CURVE('',#10410,#10408,#10433,.T.);
#10435=ORIENTED_EDGE('',*,*,#10434,.T.);
#10436=DIRECTION('',(0.000000,-0.980581,0.196116));
#10437=VECTOR('',#10436,20.396078);
#10438=LINE('',#10407,#10437);
#10439=EDGE_CURVE('',#10408,#10412,#10438,.T.);
#10440=ORIENTED_EDGE('',*,*,#10439,.T.);
#10441=EDGE_LOOP('',(#10430,#10435,#10440));
#10442=FACE_OUTER_BOUND('',#10441,.T.);
#10443=ADVANCED_FACE('',(#10442),#10425,.T.);
#10444=CARTESIAN_POINT('',(50.000000,-10.000000,98.000000));
#10445=DIRECTION('',(-1.000000,0.000000,0.000000));
#10446=DIRECTION('',(0.000000,1.000000,0.000000));
#10447=AXIS2_PLACEMENT_3D('',#10444,#10445,#10446);
#10448=PLANE('',#10447);
#10449=DIRECTION('',(0.000000,0.980581,-0.196116));
#10450=VECTOR('',#10449,20.396078);
#10451=LINE('',#10411,#10450);
#10452=EDGE_CURVE('',#10412,#10408,#10451,.T.);
#10453=ORIENTED_EDGE('',*,*,#10452,.T.);
#10454=DIRECTION('',(0.000000,-1.000000,0.000000));
#10455=VECTOR('',#10454,20.000000);
#10456=LINE('',#10407,#10455);
#10457=EDGE_CURVE('',#10408,#10406,#10456,.T.);
#10458=ORIENTED_EDGE('',*,*,#10457,.T.);
#10459=DIRECTION('',(0.000000,0.000000,1.000000));
#10460=VECTOR('',#10459,4.000000);
#10461=LINE('',#10405,#10460);
#10462=EDGE_CURVE('',#10406,#10412,#10461,.T.);
#10463=ORIENTED_EDGE('',*,*,#10462,.T.);
#10464=EDGE_LOOP('',(#10453,#10458,#10463));
#10465=FACE_OUTER_BOUND('',#10464,.T.);
#10466=ADVANCED_FACE('',(#10465),#10448,.T.);
#10467=CARTESIAN_POINT('',(66.000000,-10.000000,94.000000));
#10468=DIRECTION('',(1.000000,0.000000,0.000000));
#10469=DIRECTION('',(0.000000,1.000000,0.000000));
#10470=AXIS2_PLACEMENT_3D('',#10467,#10468,#10469);
#10471=PLANE('',#10470);
#10472=DIRECTION('',(0.000000,1.000000,0.000000));
#10473=VECTOR('',#10472,20.000000);
#10474=LINE('',#10413,#10473);
#10475=EDGE_CURVE('',#10414,#10416,#10474,.T.);
#10476=ORIENTED_EDGE('',*,*,#10475,.T.);
#10477=DIRECTION('',(0.000000,0.000000,1.000000));
#10478=VECTOR('',#10477,4.000000);
#10479=LINE('',#10415,#10478);
#10480=EDGE_CURVE('',#10416,#10418,#10479,.T.);
#10481=ORIENTED_EDGE('',*,*,#10480,.T.);
#10482=DIRECTION('',(0.000000,-0.980581,-0.196116));
#10483=VECTOR('',#10482,20.396078);
#10484=LINE('',#10417,#10483);
#10485=EDGE_CURVE('',#10418,#10414,#10484,.T.);
#10486=ORIENTED_EDGE('',*,*,#10485,.T.);
#10487=EDGE_LOOP('',(#10476,#10481,#10486));
#10488=FACE_OUTER_BOUND('',#10487,.T.);
#10489=ADVANCED_FACE('',(#10488),#10471,.T.);
#10490=CARTESIAN_POINT('',(66.000000,-10.000000,94.000000));
#10491=DIRECTION('',(1.000000,0.000000,0.000000));
#10492=DIRECTION('',(0.000000,1.000000,0.000000));
#10493=AXIS2_PLACEMENT_3D('',#10490,#10491,#10492);
#10494=PLANE('',#10493);
#10495=DIRECTION('',(0.000000,0.980581,0.196116));
#10496=VECTOR('',#10495,20.396078);
#10497=LINE('',#10413,#10496);
#10498=EDGE_CURVE('',#10414,#10418,#10497,.T.);
#10499=ORIENTED_EDGE('',*,*,#10498,.T.);
#10500=DIRECTION('',(0.000000,-1.000000,0.000000));
#10501=VECTOR('',#10500,20.000000);
#10502=LINE('',#10417,#10501);
#10503=EDGE_CURVE('',#10418,#10420,#10502,.T.);
#10504=ORIENTED_EDGE('',*,*,#10503,.T.);
#10505=DIRECTION('',(0.000000,0.000000,-1.000000));
#10506=VECTOR('',#10505,4.000000);
#10507=LINE('',#10419,#10506);
#10508=EDGE_CURVE('',#10420,#10414,#10507,.T.);
#10509=ORIENTED_EDGE('',*,*,#10508,.T.);
#10510=EDGE_LOOP('',(#10499,#10504,#10509));
#10511=FACE_OUTER_BOUND('',#10510,.T.);
#10512=ADVANCED_FACE('',(#10511),#10494,.T.);
#10513=CARTESIAN_POINT('',(66.000000,-10.000000,94.000000));
#10514=DIRECTION('',(0.000000,-1.000000,0.000000));
#10515=DIRECTION('',(1.000000,0.000000,0.000000));
#10516=AXIS2_PLACEMENT_3D('',#10513,#10514,#10515);
#10517=PLANE('',#10516);
#10518=DIRECTION('',(0.000000,0.000000,1.000000));
#10519=VECTOR('',#10518,4.000000);
#10520=LINE('',#10413,#10519);
#10521=EDGE_CURVE('',#10414,#10420,#10520,.T.);
#10522=ORIENTED_EDGE('',*,*,#10521,.T.);
#10523=DIRECTION('',(-1.000000,0.000000,0.000000));
#10524=VECTOR('',#10523,16.000000);
#10525=LINE('',#10419,#10524);
#10526=EDGE_CURVE('',#10420,#10412,#10525,.T.);
#10527=ORIENTED_EDGE('',*,*,#10526,.T.);
#10528=DIRECTION('',(0.970143,0.000000,-0.242536));
#10529=VECTOR('',#10528,16.492423);
#10530=LINE('',#10411,#10529);
#10531=EDGE_CURVE('',#10412,#10414,#10530,.T.);
#10532=ORIENTED_EDGE('',*,*,#10531,.T.);
#10533=EDGE_LOOP('',(#10522,#10527,#10532));
#10534=FACE_OUTER_BOUND('',#10533,.T.);
#10535=ADVANCED_FACE('',(#10534),#10517,.T.);
#10536=CARTESIAN_POINT('',(66.000000,-10.000000,94.000000));
#10537=DIRECTION('',(0.000000,-1.000000,0.000000));
#10538=DIRECTION('',(1.000000,0.000000,0.000000));
#10539=AXIS2_PLACEMENT_3D('',#10536,#10537,#10538);
#10540=PLANE('',#10539);
#10541=DIRECTION('',(-0.970143,0.000000,0.242536));
#10542=VECTOR('',#10541,16.492423);
#10543=LINE('',#10413,#10542);
#10544=EDGE_CURVE('',#10414,#10412,#10543,.T.);
#10545=ORIENTED_EDGE('',*,*,#10544,.T.);
#10546=DIRECTION('',(0.000000,0.000000,-1.000000));
#10547=VECTOR('',#10546,4.000000);
#10548=LINE('',#10411,#10547);
#10549=EDGE_CURVE('',#10412,#10406,#10548,.T.);
#10550=ORIENTED_EDGE('',*,*,#10549,.T.);
#10551=DIRECTION('',(1.000000,0.000000,0.000000));
#10552=VECTOR('',#10551,16.000000);
#10553=LINE('',#10405,#10552);
#10554=EDGE_CURVE('',#10406,#10414,#10553,.T.);
#10555=ORIENTED_EDGE('',*,*,#10554,.T.);
#10556=EDGE_LOOP('',(#10545,#10550,#10555));
#10557=FACE_OUTER_BOUND('',#10556,.T.);
#10558=ADVANCED_FACE('',(#10557),#10540,.T.);
#10559=CARTESIAN_POINT('',(50.000000,10.000000,94.000000));
#10560=DIRECTION('',(0.000000,1.000000,0.000000));
#10561=DIRECTION('',(1.000000,0.000000,0.000000));
#10562=AXIS2_PLACEMENT_3D('',#10559,#10560,#10561);
#10563=PLANE('',#10562);
#10564=DIRECTION('',(0.000000,0.000000,1.000000));
#10565=VECTOR('',#10564,4.000000);
#10566=LINE('',#10407,#10565);
#10567=EDGE_CURVE('',#10408,#10410,#10566,.T.);
#10568=ORIENTED_EDGE('',*,*,#10567,.T.);
#10569=DIRECTION('',(1.000000,0.000000,0.000000));
#10570=VECTOR('',#10569,16.000000);
#10571=LINE('',#10409,#10570);
#10572=EDGE_CURVE('',#10410,#10418,#10571,.T.);
#10573=ORIENTED_EDGE('',*,*,#10572,.T.);
#10574=DIRECTION('',(-0.970143,0.000000,-0.242536));
#10575=VECTOR('',#10574,16.492423);
#10576=LINE('',#10417,#10575);
#10577=EDGE_CURVE('',#10418,#10408,#10576,.T.);
#10578=ORIENTED_EDGE('',*,*,#10577,.T.);
#10579=EDGE_LOOP('',(#10568,#10573,#10578));
#10580=FACE_OUTER_BOUND('',#10579,.T.);
#10581=ADVANCED_FACE('',(#10580),#10563,.T.);
#10582=CARTESIAN_POINT('',(50.000000,10.000000,94.000000));
#10583=DIRECTION('',(0.000000,1.000000,0.000000));
#10584=DIRECTION('',(1.000000,0.000000,0.000000));
#10585=AXIS2_PLACEMENT_3D('',#10582,#10583,#10584);
#10586=PLANE('',#10585);
#10587=DIRECTION('',(0.970143,0.000000,0.242536));
#10588=VECTOR('',#10587,16.492423);
#10589=LINE('',#10407,#10588);
#10590=EDGE_CURVE('',#10408,#10418,#10589,.T.);
#10591=ORIENTED_EDGE('',*,*,#10590,.T.);
#10592=DIRECTION('',(0.000000,0.000000,-1.000000));
#10593=VECTOR('',#10592,4.000000);
#10594=LINE('',#10417,#10593);
#10595=EDGE_CURVE('',#10418,#10416,#10594,.T.);
#10596=ORIENTED_EDGE('',*,*,#10595,.T.);
#10597=DIRECTION('',(-1.000000,0.000000,0.000000));
#10598=VECTOR('',#10597,16.000000);
#10599=LINE('',#10415,#10598);
#10600=EDGE_CURVE('',#10416,#10408,#10599,.T.);
#10601=ORIENTED_EDGE('',*,*,#10600,.T.);
#10602=EDGE_LOOP('',(#10591,#10596,#10601));
#10603=FACE_OUTER_BOUND('',#10602,.T.);
#10604=ADVANCED_FACE('',(#10603),#10586,.T.);
#10605=CARTESIAN_POINT('',(50.000000,10.000000,94.000000));
#10606=DIRECTION('',(0.000000,0.000000,-1.000000));
#10607=DIRECTION('',(1.000000,0.000000,0.000000));
#10608=AXIS2_PLACEMENT_3D('',#10605,#10606,#10607);
#10609=PLANE('',#10608);
#10610=DIRECTION('',(1.000000,0.000000,0.000000));
#10611=VECTOR('',#10610,16.000000);
#10612=LINE('',#10407,#10611);
#10613=EDGE_CURVE('',#10408,#10416,#10612,.T.);
#10614=ORIENTED_EDGE('',*,*,#10613,.T.);
#10615=DIRECTION('',(0.000000,-1.000000,0.000000));
#10616=VECTOR('',#10615,20.000000);
#10617=LINE('',#10415,#10616);
#10618=EDGE_CURVE('',#10416,#10414,#10617,.T.);
#10619=ORIENTED_EDGE('',*,*,#10618,.T.);
#10620=DIRECTION('',(-0.624695,0.780869,0.000000));
#10621=VECTOR('',#10620,25.612497);
#10622=LINE('',#10413,#10621);
#10623=EDGE_CURVE('',#10414,#10408,#10622,.T.);
#10624=ORIENTED_EDGE('',*,*,#10623,.T.);
#10625=EDGE_LOOP('',(#10614,#10619,#10624));
#10626=FACE_OUTER_BOUND('',#10625,.T.);
#10627=ADVANCED_FACE('',(#10626),#10609,.T.);
#10628=CARTESIAN_POINT('',(50.000000,10.000000,94.000000));
#10629=DIRECTION('',(0.000000,0.000000,-1.000000));
#10630=DIRECTION('',(1.000000,0.000000,0.000000));
#10631=AXIS2_PLACEMENT_3D('',#10628,#10629,#10630);
#10632=PLANE('',#10631);
#10633=DIRECTION('',(0.624695,-0.780869,0.000000));
#10634=VECTOR('',#10633,25.612497);
#10635=LINE('',#10407,#10634);
#10636=EDGE_CURVE('',#10408,#10414,#10635,.T.);
#10637=ORIENTED_EDGE('',*,*,#10636,.T.);
#10638=DIRECTION('',(-1.000000,0.000000,0.000000));
#10639=VECTOR('',#10638,16.000000);
#10640=LINE('',#10413,#10639);
#10641=EDGE_CURVE('',#10414,#10406,#10640,.T.);
#10642=ORIENTED_EDGE('',*,*,#10641,.T.);
#10643=DIRECTION('',(0.000000,1.000000,0.000000));
#10644=VECTOR('',#10643,20.000000);
#10645=LINE('',#10405,#10644);
#10646=EDGE_CURVE('',#10406,#10408,#10645,.T.);
#10647=ORIENTED_EDGE('',*,*,#10646,.T.);
#10648=EDGE_LOOP('',(#10637,#10642,#10647));
#10649=FACE_OUTER_BOUND('',#10648,.T.);
#10650=ADVANCED_FACE('',(#10649),#10632,.T.);
#10651=CARTESIAN_POINT('',(50.000000,-10.000000,98.000000));
#10652=DIRECTION('',(0.000000,0.000000,1.000000));
#10653=DIRECTION('',(1.000000,0.000000,0.000000));
#10654=AXIS2_PLACEMENT_3D('',#10651,#10652,#10653);
#10655=PLANE('',#10654);
#10656=DIRECTION('',(1.000000,0.000000,0.000000));
#10657=VECTOR('',#10656,16.000000);
#10658=LINE('',#10411,#10657);
#10659=EDGE_CURVE('',#10412,#10420,#10658,.T.);
#10660=ORIENTED_EDGE('',*,*,#10659,.T.);
#10661=DIRECTION('',(0.000000,1.000000,0.000000));
#10662=VECTOR('',#10661,20.000000);
#10663=LINE('',#10419,#10662);
#10664=EDGE_CURVE('',#10420,#10418,#10663,.T.);
#10665=ORIENTED_EDGE('',*,*,#10664,.T.);
#10666=DIRECTION('',(-0.624695,-0.780869,0.000000));
#10667=VECTOR('',#10666,25.612497);
#10668=LINE('',#10417,#10667);
#10669=EDGE_CURVE('',#10418,#10412,#10668,.T.);
#10670=ORIENTED_EDGE('',*,*,#10669,.T.);
#10671=EDGE_LOOP('',(#10660,#10665,#10670));
#10672=FACE_OUTER_BOUND('',#10671,.T.);
#10673=ADVANCED_FACE('',(#10672),#10655,.T.);
#10674=CARTESIAN_POINT('',(50.000000,-10.000000,98.000000));
#10675=DIRECTION('',(0.000000,0.000000,1.000000));
#10676=DIRECTION('',(1.000000,0.000000,0.000000));
#10677=AXIS2_PLACEMENT_3D('',#10674,#10675,#10676);
#10678=PLANE('',#10677);
#10679=DIRECTION('',(0.624695,0.780869,0.000000));
#10680=VECTOR('',#10679,25.612497);
#10681=LINE('',#10411,#10680);
#10682=EDGE_CURVE('',#10412,#10418,#10681,.T.);
#10683=ORIENTED_EDGE('',*,*,#10682,.T.);
#10684=DIRECTION('',(-1.000000,0.000000,0.000000));
#10685=VECTOR('',#10684,16.000000);
#10686=LINE('',#10417,#10685);
#10687=EDGE_CURVE('',#10418,#10410,#10686,.T.);
#10688=ORIENTED_EDGE('',*,*,#10687,.T.);
#10689=DIRECTION('',(0.000000,-1.000000,0.000000));
#10690=VECTOR('',#10689,20.000000);
#10691=LINE('',#10409,#10690);
#10692=EDGE_CURVE('',#10410,#10412,#10691,.T.);
#10693=ORIENTED_EDGE('',*,*,#10692,.T.);
#10694=EDGE_LOOP('',(#10683,#10688,#10693));
#10695=FACE_OUTER_BOUND('',#10694,.T.);
#10696=ADVANCED_FACE('',(#10695),#10678,.T.);
#10697=CLOSED_SHELL('',(#10443,#10466,#10489,#10512,#10535,#10558,#10581,#10604,#10627,#10650,#10673,#10696));
#10698=FACETED_BREP('vertical_end_stop_upper',#10697);
#10699=CARTESIAN_POINT('',(67.000000,4.000000,52.000000));
#10700=VERTEX_POINT('',#10699);
#10701=CARTESIAN_POINT('',(67.000000,3.695518,53.530734));
#10702=VERTEX_POINT('',#10701);
#10703=CARTESIAN_POINT('',(67.000000,2.828427,54.828427));
#10704=VERTEX_POINT('',#10703);
#10705=CARTESIAN_POINT('',(67.000000,1.530734,55.695518));
#10706=VERTEX_POINT('',#10705);
#10707=CARTESIAN_POINT('',(67.000000,0.000000,56.000000));
#10708=VERTEX_POINT('',#10707);
#10709=CARTESIAN_POINT('',(67.000000,-1.530734,55.695518));
#10710=VERTEX_POINT('',#10709);
#10711=CARTESIAN_POINT('',(67.000000,-2.828427,54.828427));
#10712=VERTEX_POINT('',#10711);
#10713=CARTESIAN_POINT('',(67.000000,-3.695518,53.530734));
#10714=VERTEX_POINT('',#10713);
#10715=CARTESIAN_POINT('',(67.000000,-4.000000,52.000000));
#10716=VERTEX_POINT('',#10715);
#10717=CARTESIAN_POINT('',(67.000000,-3.695518,50.469266));
#10718=VERTEX_POINT('',#10717);
#10719=CARTESIAN_POINT('',(67.000000,-2.828427,49.171573));
#10720=VERTEX_POINT('',#10719);
#10721=CARTESIAN_POINT('',(67.000000,-1.530734,48.304482));
#10722=VERTEX_POINT('',#10721);
#10723=CARTESIAN_POINT('',(67.000000,0.000000,48.000000));
#10724=VERTEX_POINT('',#10723);
#10725=CARTESIAN_POINT('',(67.000000,1.530734,48.304482));
#10726=VERTEX_POINT('',#10725);
#10727=CARTESIAN_POINT('',(67.000000,2.828427,49.171573));
#10728=VERTEX_POINT('',#10727);
#10729=CARTESIAN_POINT('',(67.000000,3.695518,50.469266));
#10730=VERTEX_POINT('',#10729);
#10731=CARTESIAN_POINT('',(71.000000,4.000000,52.000000));
#10732=VERTEX_POINT('',#10731);
#10733=CARTESIAN_POINT('',(71.000000,3.695518,53.530734));
#10734=VERTEX_POINT('',#10733);
#10735=CARTESIAN_POINT('',(71.000000,2.828427,54.828427));
#10736=VERTEX_POINT('',#10735);
#10737=CARTESIAN_POINT('',(71.000000,1.530734,55.695518));
#10738=VERTEX_POINT('',#10737);
#10739=CARTESIAN_POINT('',(71.000000,0.000000,56.000000));
#10740=VERTEX_POINT('',#10739);
#10741=CARTESIAN_POINT('',(71.000000,-1.530734,55.695518));
#10742=VERTEX_POINT('',#10741);
#10743=CARTESIAN_POINT('',(71.000000,-2.828427,54.828427));
#10744=VERTEX_POINT('',#10743);
#10745=CARTESIAN_POINT('',(71.000000,-3.695518,53.530734));
#10746=VERTEX_POINT('',#10745);
#10747=CARTESIAN_POINT('',(71.000000,-4.000000,52.000000));
#10748=VERTEX_POINT('',#10747);
#10749=CARTESIAN_POINT('',(71.000000,-3.695518,50.469266));
#10750=VERTEX_POINT('',#10749);
#10751=CARTESIAN_POINT('',(71.000000,-2.828427,49.171573));
#10752=VERTEX_POINT('',#10751);
#10753=CARTESIAN_POINT('',(71.000000,-1.530734,48.304482));
#10754=VERTEX_POINT('',#10753);
#10755=CARTESIAN_POINT('',(71.000000,0.000000,48.000000));
#10756=VERTEX_POINT('',#10755);
#10757=CARTESIAN_POINT('',(71.000000,1.530734,48.304482));
#10758=VERTEX_POINT('',#10757);
#10759=CARTESIAN_POINT('',(71.000000,2.828427,49.171573));
#10760=VERTEX_POINT('',#10759);
#10761=CARTESIAN_POINT('',(71.000000,3.695518,50.469266));
#10762=VERTEX_POINT('',#10761);
#10763=CARTESIAN_POINT('',(67.000000,0.000000,52.000000));
#10764=VERTEX_POINT('',#10763);
#10765=CARTESIAN_POINT('',(71.000000,0.000000,52.000000));
#10766=VERTEX_POINT('',#10765);
#10767=CARTESIAN_POINT('',(67.000000,4.000000,52.000000));
#10768=DIRECTION('',(0.000000,0.980785,0.195090));
#10769=DIRECTION('',(1.000000,0.000000,0.000000));
#10770=AXIS2_PLACEMENT_3D('',#10767,#10768,#10769);
#10771=PLANE('',#10770);
#10772=DIRECTION('',(0.000000,-0.195090,0.980785));
#10773=VECTOR('',#10772,1.560723);
#10774=LINE('',#10699,#10773);
#10775=EDGE_CURVE('',#10700,#10702,#10774,.T.);
#10776=ORIENTED_EDGE('',*,*,#10775,.T.);
#10777=DIRECTION('',(1.000000,0.000000,0.000000));
#10778=VECTOR('',#10777,4.000000);
#10779=LINE('',#10701,#10778);
#10780=EDGE_CURVE('',#10702,#10734,#10779,.T.);
#10781=ORIENTED_EDGE('',*,*,#10780,.T.);
#10782=DIRECTION('',(-0.931598,0.070914,-0.356507));
#10783=VECTOR('',#10782,4.293700);
#10784=LINE('',#10733,#10783);
#10785=EDGE_CURVE('',#10734,#10700,#10784,.T.);
#10786=ORIENTED_EDGE('',*,*,#10785,.T.);
#10787=EDGE_LOOP('',(#10776,#10781,#10786));
#10788=FACE_OUTER_BOUND('',#10787,.T.);
#10789=ADVANCED_FACE('',(#10788),#10771,.T.);
#10790=CARTESIAN_POINT('',(67.000000,4.000000,52.000000));
#10791=DIRECTION('',(0.000000,0.980785,0.195090));
#10792=DIRECTION('',(1.000000,0.000000,0.000000));
#10793=AXIS2_PLACEMENT_3D('',#10790,#10791,#10792);
#10794=PLANE('',#10793);
#10795=DIRECTION('',(0.931598,-0.070914,0.356507));
#10796=VECTOR('',#10795,4.293700);
#10797=LINE('',#10699,#10796);
#10798=EDGE_CURVE('',#10700,#10734,#10797,.T.);
#10799=ORIENTED_EDGE('',*,*,#10798,.T.);
#10800=DIRECTION('',(0.000000,0.195090,-0.980785));
#10801=VECTOR('',#10800,1.560723);
#10802=LINE('',#10733,#10801);
#10803=EDGE_CURVE('',#10734,#10732,#10802,.T.);
#10804=ORIENTED_EDGE('',*,*,#10803,.T.);
#10805=DIRECTION('',(-1.000000,0.000000,0.000000));
#10806=VECTOR('',#10805,4.000000);
#10807=LINE('',#10731,#10806);
#10808=EDGE_CURVE('',#10732,#10700,#10807,.T.);
#10809=ORIENTED_EDGE('',*,*,#10808,.T.);
#10810=EDGE_LOOP('',(#10799,#10804,#10809));
#10811=FACE_OUTER_BOUND('',#10810,.T.);
#10812=ADVANCED_FACE('',(#10811),#10794,.T.);
#10813=CARTESIAN_POINT('',(67.000000,3.695518,53.530734));
#10814=DIRECTION('',(0.000000,0.831470,0.555570));
#10815=DIRECTION('',(1.000000,0.000000,0.000000));
#10816=AXIS2_PLACEMENT_3D('',#10813,#10814,#10815);
#10817=PLANE('',#10816);
#10818=DIRECTION('',(0.000000,-0.555570,0.831470));
#10819=VECTOR('',#10818,1.560722);
#10820=LINE('',#10701,#10819);
#10821=EDGE_CURVE('',#10702,#10704,#10820,.T.);
#10822=ORIENTED_EDGE('',*,*,#10821,.T.);
#10823=DIRECTION('',(1.000000,0.000000,0.000000));
#10824=VECTOR('',#10823,4.000000);
#10825=LINE('',#10703,#10824);
#10826=EDGE_CURVE('',#10704,#10736,#10825,.T.);
#10827=ORIENTED_EDGE('',*,*,#10826,.T.);
#10828=DIRECTION('',(-0.931598,0.201945,-0.302232));
#10829=VECTOR('',#10828,4.293699);
#10830=LINE('',#10735,#10829);
#10831=EDGE_CURVE('',#10736,#10702,#10830,.T.);
#10832=ORIENTED_EDGE('',*,*,#10831,.T.);
#10833=EDGE_LOOP('',(#10822,#10827,#10832));
#10834=FACE_OUTER_BOUND('',#10833,.T.);
#10835=ADVANCED_FACE('',(#10834),#10817,.T.);
#10836=CARTESIAN_POINT('',(67.000000,3.695518,53.530734));
#10837=DIRECTION('',(0.000000,0.831470,0.555570));
#10838=DIRECTION('',(1.000000,0.000000,0.000000));
#10839=AXIS2_PLACEMENT_3D('',#10836,#10837,#10838);
#10840=PLANE('',#10839);
#10841=DIRECTION('',(0.931598,-0.201945,0.302232));
#10842=VECTOR('',#10841,4.293699);
#10843=LINE('',#10701,#10842);
#10844=EDGE_CURVE('',#10702,#10736,#10843,.T.);
#10845=ORIENTED_EDGE('',*,*,#10844,.T.);
#10846=DIRECTION('',(0.000000,0.555570,-0.831470));
#10847=VECTOR('',#10846,1.560722);
#10848=LINE('',#10735,#10847);
#10849=EDGE_CURVE('',#10736,#10734,#10848,.T.);
#10850=ORIENTED_EDGE('',*,*,#10849,.T.);
#10851=DIRECTION('',(-1.000000,0.000000,0.000000));
#10852=VECTOR('',#10851,4.000000);
#10853=LINE('',#10733,#10852);
#10854=EDGE_CURVE('',#10734,#10702,#10853,.T.);
#10855=ORIENTED_EDGE('',*,*,#10854,.T.);
#10856=EDGE_LOOP('',(#10845,#10850,#10855));
#10857=FACE_OUTER_BOUND('',#10856,.T.);
#10858=ADVANCED_FACE('',(#10857),#10840,.T.);
#10859=CARTESIAN_POINT('',(67.000000,2.828427,54.828427));
#10860=DIRECTION('',(0.000000,0.555570,0.831470));
#10861=DIRECTION('',(1.000000,0.000000,0.000000));
#10862=AXIS2_PLACEMENT_3D('',#10859,#10860,#10861);
#10863=PLANE('',#10862);
#10864=DIRECTION('',(0.000000,-0.831470,0.555570));
#10865=VECTOR('',#10864,1.560722);
#10866=LINE('',#10703,#10865);
#10867=EDGE_CURVE('',#10704,#10706,#10866,.T.);
#10868=ORIENTED_EDGE('',*,*,#10867,.T.);
#10869=DIRECTION('',(1.000000,0.000000,0.000000));
#10870=VECTOR('',#10869,4.000000);
#10871=LINE('',#10705,#10870);
#10872=EDGE_CURVE('',#10706,#10738,#10871,.T.);
#10873=ORIENTED_EDGE('',*,*,#10872,.T.);
#10874=DIRECTION('',(-0.931598,0.302232,-0.201945));
#10875=VECTOR('',#10874,4.293699);
#10876=LINE('',#10737,#10875);
#10877=EDGE_CURVE('',#10738,#10704,#10876,.T.);
#10878=ORIENTED_EDGE('',*,*,#10877,.T.);
#10879=EDGE_LOOP('',(#10868,#10873,#10878));
#10880=FACE_OUTER_BOUND('',#10879,.T.);
#10881=ADVANCED_FACE('',(#10880),#10863,.T.);
#10882=CARTESIAN_POINT('',(67.000000,2.828427,54.828427));
#10883=DIRECTION('',(0.000000,0.555570,0.831470));
#10884=DIRECTION('',(1.000000,0.000000,0.000000));
#10885=AXIS2_PLACEMENT_3D('',#10882,#10883,#10884);
#10886=PLANE('',#10885);
#10887=DIRECTION('',(0.931598,-0.302232,0.201945));
#10888=VECTOR('',#10887,4.293699);
#10889=LINE('',#10703,#10888);
#10890=EDGE_CURVE('',#10704,#10738,#10889,.T.);
#10891=ORIENTED_EDGE('',*,*,#10890,.T.);
#10892=DIRECTION('',(0.000000,0.831470,-0.555570));
#10893=VECTOR('',#10892,1.560722);
#10894=LINE('',#10737,#10893);
#10895=EDGE_CURVE('',#10738,#10736,#10894,.T.);
#10896=ORIENTED_EDGE('',*,*,#10895,.T.);
#10897=DIRECTION('',(-1.000000,0.000000,0.000000));
#10898=VECTOR('',#10897,4.000000);
#10899=LINE('',#10735,#10898);
#10900=EDGE_CURVE('',#10736,#10704,#10899,.T.);
#10901=ORIENTED_EDGE('',*,*,#10900,.T.);
#10902=EDGE_LOOP('',(#10891,#10896,#10901));
#10903=FACE_OUTER_BOUND('',#10902,.T.);
#10904=ADVANCED_FACE('',(#10903),#10886,.T.);
#10905=CARTESIAN_POINT('',(67.000000,1.530734,55.695518));
#10906=DIRECTION('',(0.000000,0.195090,0.980785));
#10907=DIRECTION('',(1.000000,0.000000,0.000000));
#10908=AXIS2_PLACEMENT_3D('',#10905,#10906,#10907);
#10909=PLANE('',#10908);
#10910=DIRECTION('',(0.000000,-0.980785,0.195090));
#10911=VECTOR('',#10910,1.560723);
#10912=LINE('',#10705,#10911);
#10913=EDGE_CURVE('',#10706,#10708,#10912,.T.);
#10914=ORIENTED_EDGE('',*,*,#10913,.T.);
#10915=DIRECTION('',(1.000000,0.000000,0.000000));
#10916=VECTOR('',#10915,4.000000);
#10917=LINE('',#10707,#10916);
#10918=EDGE_CURVE('',#10708,#10740,#10917,.T.);
#10919=ORIENTED_EDGE('',*,*,#10918,.T.);
#10920=DIRECTION('',(-0.931598,0.356507,-0.070914));
#10921=VECTOR('',#10920,4.293700);
#10922=LINE('',#10739,#10921);
#10923=EDGE_CURVE('',#10740,#10706,#10922,.T.);
#10924=ORIENTED_EDGE('',*,*,#10923,.T.);
#10925=EDGE_LOOP('',(#10914,#10919,#10924));
#10926=FACE_OUTER_BOUND('',#10925,.T.);
#10927=ADVANCED_FACE('',(#10926),#10909,.T.);
#10928=CARTESIAN_POINT('',(67.000000,1.530734,55.695518));
#10929=DIRECTION('',(0.000000,0.195090,0.980785));
#10930=DIRECTION('',(1.000000,0.000000,0.000000));
#10931=AXIS2_PLACEMENT_3D('',#10928,#10929,#10930);
#10932=PLANE('',#10931);
#10933=DIRECTION('',(0.931598,-0.356507,0.070914));
#10934=VECTOR('',#10933,4.293700);
#10935=LINE('',#10705,#10934);
#10936=EDGE_CURVE('',#10706,#10740,#10935,.T.);
#10937=ORIENTED_EDGE('',*,*,#10936,.T.);
#10938=DIRECTION('',(0.000000,0.980785,-0.195090));
#10939=VECTOR('',#10938,1.560723);
#10940=LINE('',#10739,#10939);
#10941=EDGE_CURVE('',#10740,#10738,#10940,.T.);
#10942=ORIENTED_EDGE('',*,*,#10941,.T.);
#10943=DIRECTION('',(-1.000000,0.000000,0.000000));
#10944=VECTOR('',#10943,4.000000);
#10945=LINE('',#10737,#10944);
#10946=EDGE_CURVE('',#10738,#10706,#10945,.T.);
#10947=ORIENTED_EDGE('',*,*,#10946,.T.);
#10948=EDGE_LOOP('',(#10937,#10942,#10947));
#10949=FACE_OUTER_BOUND('',#10948,.T.);
#10950=ADVANCED_FACE('',(#10949),#10932,.T.);
#10951=CARTESIAN_POINT('',(67.000000,0.000000,56.000000));
#10952=DIRECTION('',(0.000000,-0.195090,0.980785));
#10953=DIRECTION('',(1.000000,0.000000,0.000000));
#10954=AXIS2_PLACEMENT_3D('',#10951,#10952,#10953);
#10955=PLANE('',#10954);
#10956=DIRECTION('',(0.000000,-0.980785,-0.195090));
#10957=VECTOR('',#10956,1.560723);
#10958=LINE('',#10707,#10957);
#10959=EDGE_CURVE('',#10708,#10710,#10958,.T.);
#10960=ORIENTED_EDGE('',*,*,#10959,.T.);
#10961=DIRECTION('',(1.000000,0.000000,0.000000));
#10962=VECTOR('',#10961,4.000000);
#10963=LINE('',#10709,#10962);
#10964=EDGE_CURVE('',#10710,#10742,#10963,.T.);
#10965=ORIENTED_EDGE('',*,*,#10964,.T.);
#10966=DIRECTION('',(-0.931598,0.356507,0.070914));
#10967=VECTOR('',#10966,4.293700);
#10968=LINE('',#10741,#10967);
#10969=EDGE_CURVE('',#10742,#10708,#10968,.T.);
#10970=ORIENTED_EDGE('',*,*,#10969,.T.);
#10971=EDGE_LOOP('',(#10960,#10965,#10970));
#10972=FACE_OUTER_BOUND('',#10971,.T.);
#10973=ADVANCED_FACE('',(#10972),#10955,.T.);
#10974=CARTESIAN_POINT('',(67.000000,0.000000,56.000000));
#10975=DIRECTION('',(0.000000,-0.195090,0.980785));
#10976=DIRECTION('',(1.000000,0.000000,0.000000));
#10977=AXIS2_PLACEMENT_3D('',#10974,#10975,#10976);
#10978=PLANE('',#10977);
#10979=DIRECTION('',(0.931598,-0.356507,-0.070914));
#10980=VECTOR('',#10979,4.293700);
#10981=LINE('',#10707,#10980);
#10982=EDGE_CURVE('',#10708,#10742,#10981,.T.);
#10983=ORIENTED_EDGE('',*,*,#10982,.T.);
#10984=DIRECTION('',(0.000000,0.980785,0.195090));
#10985=VECTOR('',#10984,1.560723);
#10986=LINE('',#10741,#10985);
#10987=EDGE_CURVE('',#10742,#10740,#10986,.T.);
#10988=ORIENTED_EDGE('',*,*,#10987,.T.);
#10989=DIRECTION('',(-1.000000,0.000000,0.000000));
#10990=VECTOR('',#10989,4.000000);
#10991=LINE('',#10739,#10990);
#10992=EDGE_CURVE('',#10740,#10708,#10991,.T.);
#10993=ORIENTED_EDGE('',*,*,#10992,.T.);
#10994=EDGE_LOOP('',(#10983,#10988,#10993));
#10995=FACE_OUTER_BOUND('',#10994,.T.);
#10996=ADVANCED_FACE('',(#10995),#10978,.T.);
#10997=CARTESIAN_POINT('',(67.000000,-1.530734,55.695518));
#10998=DIRECTION('',(0.000000,-0.555570,0.831470));
#10999=DIRECTION('',(1.000000,0.000000,0.000000));
#11000=AXIS2_PLACEMENT_3D('',#10997,#10998,#10999);
#11001=PLANE('',#11000);
#11002=DIRECTION('',(0.000000,-0.831470,-0.555570));
#11003=VECTOR('',#11002,1.560722);
#11004=LINE('',#10709,#11003);
#11005=EDGE_CURVE('',#10710,#10712,#11004,.T.);
#11006=ORIENTED_EDGE('',*,*,#11005,.T.);
#11007=DIRECTION('',(1.000000,0.000000,0.000000));
#11008=VECTOR('',#11007,4.000000);
#11009=LINE('',#10711,#11008);
#11010=EDGE_CURVE('',#10712,#10744,#11009,.T.);
#11011=ORIENTED_EDGE('',*,*,#11010,.T.);
#11012=DIRECTION('',(-0.931598,0.302232,0.201945));
#11013=VECTOR('',#11012,4.293699);
#11014=LINE('',#10743,#11013);
#11015=EDGE_CURVE('',#10744,#10710,#11014,.T.);
#11016=ORIENTED_EDGE('',*,*,#11015,.T.);
#11017=EDGE_LOOP('',(#11006,#11011,#11016));
#11018=FACE_OUTER_BOUND('',#11017,.T.);
#11019=ADVANCED_FACE('',(#11018),#11001,.T.);
#11020=CARTESIAN_POINT('',(67.000000,-1.530734,55.695518));
#11021=DIRECTION('',(0.000000,-0.555570,0.831470));
#11022=DIRECTION('',(1.000000,0.000000,0.000000));
#11023=AXIS2_PLACEMENT_3D('',#11020,#11021,#11022);
#11024=PLANE('',#11023);
#11025=DIRECTION('',(0.931598,-0.302232,-0.201945));
#11026=VECTOR('',#11025,4.293699);
#11027=LINE('',#10709,#11026);
#11028=EDGE_CURVE('',#10710,#10744,#11027,.T.);
#11029=ORIENTED_EDGE('',*,*,#11028,.T.);
#11030=DIRECTION('',(0.000000,0.831470,0.555570));
#11031=VECTOR('',#11030,1.560722);
#11032=LINE('',#10743,#11031);
#11033=EDGE_CURVE('',#10744,#10742,#11032,.T.);
#11034=ORIENTED_EDGE('',*,*,#11033,.T.);
#11035=DIRECTION('',(-1.000000,0.000000,0.000000));
#11036=VECTOR('',#11035,4.000000);
#11037=LINE('',#10741,#11036);
#11038=EDGE_CURVE('',#10742,#10710,#11037,.T.);
#11039=ORIENTED_EDGE('',*,*,#11038,.T.);
#11040=EDGE_LOOP('',(#11029,#11034,#11039));
#11041=FACE_OUTER_BOUND('',#11040,.T.);
#11042=ADVANCED_FACE('',(#11041),#11024,.T.);
#11043=CARTESIAN_POINT('',(67.000000,-2.828427,54.828427));
#11044=DIRECTION('',(0.000000,-0.831470,0.555570));
#11045=DIRECTION('',(1.000000,0.000000,0.000000));
#11046=AXIS2_PLACEMENT_3D('',#11043,#11044,#11045);
#11047=PLANE('',#11046);
#11048=DIRECTION('',(0.000000,-0.555570,-0.831470));
#11049=VECTOR('',#11048,1.560722);
#11050=LINE('',#10711,#11049);
#11051=EDGE_CURVE('',#10712,#10714,#11050,.T.);
#11052=ORIENTED_EDGE('',*,*,#11051,.T.);
#11053=DIRECTION('',(1.000000,0.000000,0.000000));
#11054=VECTOR('',#11053,4.000000);
#11055=LINE('',#10713,#11054);
#11056=EDGE_CURVE('',#10714,#10746,#11055,.T.);
#11057=ORIENTED_EDGE('',*,*,#11056,.T.);
#11058=DIRECTION('',(-0.931598,0.201945,0.302232));
#11059=VECTOR('',#11058,4.293699);
#11060=LINE('',#10745,#11059);
#11061=EDGE_CURVE('',#10746,#10712,#11060,.T.);
#11062=ORIENTED_EDGE('',*,*,#11061,.T.);
#11063=EDGE_LOOP('',(#11052,#11057,#11062));
#11064=FACE_OUTER_BOUND('',#11063,.T.);
#11065=ADVANCED_FACE('',(#11064),#11047,.T.);
#11066=CARTESIAN_POINT('',(67.000000,-2.828427,54.828427));
#11067=DIRECTION('',(0.000000,-0.831470,0.555570));
#11068=DIRECTION('',(1.000000,0.000000,0.000000));
#11069=AXIS2_PLACEMENT_3D('',#11066,#11067,#11068);
#11070=PLANE('',#11069);
#11071=DIRECTION('',(0.931598,-0.201945,-0.302232));
#11072=VECTOR('',#11071,4.293699);
#11073=LINE('',#10711,#11072);
#11074=EDGE_CURVE('',#10712,#10746,#11073,.T.);
#11075=ORIENTED_EDGE('',*,*,#11074,.T.);
#11076=DIRECTION('',(0.000000,0.555570,0.831470));
#11077=VECTOR('',#11076,1.560722);
#11078=LINE('',#10745,#11077);
#11079=EDGE_CURVE('',#10746,#10744,#11078,.T.);
#11080=ORIENTED_EDGE('',*,*,#11079,.T.);
#11081=DIRECTION('',(-1.000000,0.000000,0.000000));
#11082=VECTOR('',#11081,4.000000);
#11083=LINE('',#10743,#11082);
#11084=EDGE_CURVE('',#10744,#10712,#11083,.T.);
#11085=ORIENTED_EDGE('',*,*,#11084,.T.);
#11086=EDGE_LOOP('',(#11075,#11080,#11085));
#11087=FACE_OUTER_BOUND('',#11086,.T.);
#11088=ADVANCED_FACE('',(#11087),#11070,.T.);
#11089=CARTESIAN_POINT('',(67.000000,-3.695518,53.530734));
#11090=DIRECTION('',(0.000000,-0.980785,0.195090));
#11091=DIRECTION('',(1.000000,0.000000,0.000000));
#11092=AXIS2_PLACEMENT_3D('',#11089,#11090,#11091);
#11093=PLANE('',#11092);
#11094=DIRECTION('',(0.000000,-0.195090,-0.980785));
#11095=VECTOR('',#11094,1.560723);
#11096=LINE('',#10713,#11095);
#11097=EDGE_CURVE('',#10714,#10716,#11096,.T.);
#11098=ORIENTED_EDGE('',*,*,#11097,.T.);
#11099=DIRECTION('',(1.000000,0.000000,0.000000));
#11100=VECTOR('',#11099,4.000000);
#11101=LINE('',#10715,#11100);
#11102=EDGE_CURVE('',#10716,#10748,#11101,.T.);
#11103=ORIENTED_EDGE('',*,*,#11102,.T.);
#11104=DIRECTION('',(-0.931598,0.070914,0.356507));
#11105=VECTOR('',#11104,4.293700);
#11106=LINE('',#10747,#11105);
#11107=EDGE_CURVE('',#10748,#10714,#11106,.T.);
#11108=ORIENTED_EDGE('',*,*,#11107,.T.);
#11109=EDGE_LOOP('',(#11098,#11103,#11108));
#11110=FACE_OUTER_BOUND('',#11109,.T.);
#11111=ADVANCED_FACE('',(#11110),#11093,.T.);
#11112=CARTESIAN_POINT('',(67.000000,-3.695518,53.530734));
#11113=DIRECTION('',(0.000000,-0.980785,0.195090));
#11114=DIRECTION('',(1.000000,0.000000,0.000000));
#11115=AXIS2_PLACEMENT_3D('',#11112,#11113,#11114);
#11116=PLANE('',#11115);
#11117=DIRECTION('',(0.931598,-0.070914,-0.356507));
#11118=VECTOR('',#11117,4.293700);
#11119=LINE('',#10713,#11118);
#11120=EDGE_CURVE('',#10714,#10748,#11119,.T.);
#11121=ORIENTED_EDGE('',*,*,#11120,.T.);
#11122=DIRECTION('',(0.000000,0.195090,0.980785));
#11123=VECTOR('',#11122,1.560723);
#11124=LINE('',#10747,#11123);
#11125=EDGE_CURVE('',#10748,#10746,#11124,.T.);
#11126=ORIENTED_EDGE('',*,*,#11125,.T.);
#11127=DIRECTION('',(-1.000000,0.000000,0.000000));
#11128=VECTOR('',#11127,4.000000);
#11129=LINE('',#10745,#11128);
#11130=EDGE_CURVE('',#10746,#10714,#11129,.T.);
#11131=ORIENTED_EDGE('',*,*,#11130,.T.);
#11132=EDGE_LOOP('',(#11121,#11126,#11131));
#11133=FACE_OUTER_BOUND('',#11132,.T.);
#11134=ADVANCED_FACE('',(#11133),#11116,.T.);
#11135=CARTESIAN_POINT('',(67.000000,-4.000000,52.000000));
#11136=DIRECTION('',(0.000000,-0.980785,-0.195090));
#11137=DIRECTION('',(1.000000,0.000000,0.000000));
#11138=AXIS2_PLACEMENT_3D('',#11135,#11136,#11137);
#11139=PLANE('',#11138);
#11140=DIRECTION('',(0.000000,0.195090,-0.980785));
#11141=VECTOR('',#11140,1.560723);
#11142=LINE('',#10715,#11141);
#11143=EDGE_CURVE('',#10716,#10718,#11142,.T.);
#11144=ORIENTED_EDGE('',*,*,#11143,.T.);
#11145=DIRECTION('',(1.000000,0.000000,0.000000));
#11146=VECTOR('',#11145,4.000000);
#11147=LINE('',#10717,#11146);
#11148=EDGE_CURVE('',#10718,#10750,#11147,.T.);
#11149=ORIENTED_EDGE('',*,*,#11148,.T.);
#11150=DIRECTION('',(-0.931598,-0.070914,0.356507));
#11151=VECTOR('',#11150,4.293700);
#11152=LINE('',#10749,#11151);
#11153=EDGE_CURVE('',#10750,#10716,#11152,.T.);
#11154=ORIENTED_EDGE('',*,*,#11153,.T.);
#11155=EDGE_LOOP('',(#11144,#11149,#11154));
#11156=FACE_OUTER_BOUND('',#11155,.T.);
#11157=ADVANCED_FACE('',(#11156),#11139,.T.);
#11158=CARTESIAN_POINT('',(67.000000,-4.000000,52.000000));
#11159=DIRECTION('',(0.000000,-0.980785,-0.195090));
#11160=DIRECTION('',(1.000000,0.000000,0.000000));
#11161=AXIS2_PLACEMENT_3D('',#11158,#11159,#11160);
#11162=PLANE('',#11161);
#11163=DIRECTION('',(0.931598,0.070914,-0.356507));
#11164=VECTOR('',#11163,4.293700);
#11165=LINE('',#10715,#11164);
#11166=EDGE_CURVE('',#10716,#10750,#11165,.T.);
#11167=ORIENTED_EDGE('',*,*,#11166,.T.);
#11168=DIRECTION('',(0.000000,-0.195090,0.980785));
#11169=VECTOR('',#11168,1.560723);
#11170=LINE('',#10749,#11169);
#11171=EDGE_CURVE('',#10750,#10748,#11170,.T.);
#11172=ORIENTED_EDGE('',*,*,#11171,.T.);
#11173=DIRECTION('',(-1.000000,0.000000,0.000000));
#11174=VECTOR('',#11173,4.000000);
#11175=LINE('',#10747,#11174);
#11176=EDGE_CURVE('',#10748,#10716,#11175,.T.);
#11177=ORIENTED_EDGE('',*,*,#11176,.T.);
#11178=EDGE_LOOP('',(#11167,#11172,#11177));
#11179=FACE_OUTER_BOUND('',#11178,.T.);
#11180=ADVANCED_FACE('',(#11179),#11162,.T.);
#11181=CARTESIAN_POINT('',(67.000000,-3.695518,50.469266));
#11182=DIRECTION('',(0.000000,-0.831470,-0.555570));
#11183=DIRECTION('',(1.000000,0.000000,0.000000));
#11184=AXIS2_PLACEMENT_3D('',#11181,#11182,#11183);
#11185=PLANE('',#11184);
#11186=DIRECTION('',(0.000000,0.555570,-0.831470));
#11187=VECTOR('',#11186,1.560722);
#11188=LINE('',#10717,#11187);
#11189=EDGE_CURVE('',#10718,#10720,#11188,.T.);
#11190=ORIENTED_EDGE('',*,*,#11189,.T.);
#11191=DIRECTION('',(1.000000,0.000000,0.000000));
#11192=VECTOR('',#11191,4.000000);
#11193=LINE('',#10719,#11192);
#11194=EDGE_CURVE('',#10720,#10752,#11193,.T.);
#11195=ORIENTED_EDGE('',*,*,#11194,.T.);
#11196=DIRECTION('',(-0.931598,-0.201945,0.302232));
#11197=VECTOR('',#11196,4.293699);
#11198=LINE('',#10751,#11197);
#11199=EDGE_CURVE('',#10752,#10718,#11198,.T.);
#11200=ORIENTED_EDGE('',*,*,#11199,.T.);
#11201=EDGE_LOOP('',(#11190,#11195,#11200));
#11202=FACE_OUTER_BOUND('',#11201,.T.);
#11203=ADVANCED_FACE('',(#11202),#11185,.T.);
#11204=CARTESIAN_POINT('',(67.000000,-3.695518,50.469266));
#11205=DIRECTION('',(0.000000,-0.831470,-0.555570));
#11206=DIRECTION('',(1.000000,0.000000,0.000000));
#11207=AXIS2_PLACEMENT_3D('',#11204,#11205,#11206);
#11208=PLANE('',#11207);
#11209=DIRECTION('',(0.931598,0.201945,-0.302232));
#11210=VECTOR('',#11209,4.293699);
#11211=LINE('',#10717,#11210);
#11212=EDGE_CURVE('',#10718,#10752,#11211,.T.);
#11213=ORIENTED_EDGE('',*,*,#11212,.T.);
#11214=DIRECTION('',(0.000000,-0.555570,0.831470));
#11215=VECTOR('',#11214,1.560722);
#11216=LINE('',#10751,#11215);
#11217=EDGE_CURVE('',#10752,#10750,#11216,.T.);
#11218=ORIENTED_EDGE('',*,*,#11217,.T.);
#11219=DIRECTION('',(-1.000000,0.000000,0.000000));
#11220=VECTOR('',#11219,4.000000);
#11221=LINE('',#10749,#11220);
#11222=EDGE_CURVE('',#10750,#10718,#11221,.T.);
#11223=ORIENTED_EDGE('',*,*,#11222,.T.);
#11224=EDGE_LOOP('',(#11213,#11218,#11223));
#11225=FACE_OUTER_BOUND('',#11224,.T.);
#11226=ADVANCED_FACE('',(#11225),#11208,.T.);
#11227=CARTESIAN_POINT('',(67.000000,-2.828427,49.171573));
#11228=DIRECTION('',(0.000000,-0.555570,-0.831470));
#11229=DIRECTION('',(1.000000,0.000000,0.000000));
#11230=AXIS2_PLACEMENT_3D('',#11227,#11228,#11229);
#11231=PLANE('',#11230);
#11232=DIRECTION('',(0.000000,0.831470,-0.555570));
#11233=VECTOR('',#11232,1.560722);
#11234=LINE('',#10719,#11233);
#11235=EDGE_CURVE('',#10720,#10722,#11234,.T.);
#11236=ORIENTED_EDGE('',*,*,#11235,.T.);
#11237=DIRECTION('',(1.000000,0.000000,0.000000));
#11238=VECTOR('',#11237,4.000000);
#11239=LINE('',#10721,#11238);
#11240=EDGE_CURVE('',#10722,#10754,#11239,.T.);
#11241=ORIENTED_EDGE('',*,*,#11240,.T.);
#11242=DIRECTION('',(-0.931598,-0.302232,0.201945));
#11243=VECTOR('',#11242,4.293699);
#11244=LINE('',#10753,#11243);
#11245=EDGE_CURVE('',#10754,#10720,#11244,.T.);
#11246=ORIENTED_EDGE('',*,*,#11245,.T.);
#11247=EDGE_LOOP('',(#11236,#11241,#11246));
#11248=FACE_OUTER_BOUND('',#11247,.T.);
#11249=ADVANCED_FACE('',(#11248),#11231,.T.);
#11250=CARTESIAN_POINT('',(67.000000,-2.828427,49.171573));
#11251=DIRECTION('',(0.000000,-0.555570,-0.831470));
#11252=DIRECTION('',(1.000000,0.000000,0.000000));
#11253=AXIS2_PLACEMENT_3D('',#11250,#11251,#11252);
#11254=PLANE('',#11253);
#11255=DIRECTION('',(0.931598,0.302232,-0.201945));
#11256=VECTOR('',#11255,4.293699);
#11257=LINE('',#10719,#11256);
#11258=EDGE_CURVE('',#10720,#10754,#11257,.T.);
#11259=ORIENTED_EDGE('',*,*,#11258,.T.);
#11260=DIRECTION('',(0.000000,-0.831470,0.555570));
#11261=VECTOR('',#11260,1.560722);
#11262=LINE('',#10753,#11261);
#11263=EDGE_CURVE('',#10754,#10752,#11262,.T.);
#11264=ORIENTED_EDGE('',*,*,#11263,.T.);
#11265=DIRECTION('',(-1.000000,0.000000,0.000000));
#11266=VECTOR('',#11265,4.000000);
#11267=LINE('',#10751,#11266);
#11268=EDGE_CURVE('',#10752,#10720,#11267,.T.);
#11269=ORIENTED_EDGE('',*,*,#11268,.T.);
#11270=EDGE_LOOP('',(#11259,#11264,#11269));
#11271=FACE_OUTER_BOUND('',#11270,.T.);
#11272=ADVANCED_FACE('',(#11271),#11254,.T.);
#11273=CARTESIAN_POINT('',(67.000000,-1.530734,48.304482));
#11274=DIRECTION('',(0.000000,-0.195090,-0.980785));
#11275=DIRECTION('',(1.000000,0.000000,0.000000));
#11276=AXIS2_PLACEMENT_3D('',#11273,#11274,#11275);
#11277=PLANE('',#11276);
#11278=DIRECTION('',(0.000000,0.980785,-0.195090));
#11279=VECTOR('',#11278,1.560723);
#11280=LINE('',#10721,#11279);
#11281=EDGE_CURVE('',#10722,#10724,#11280,.T.);
#11282=ORIENTED_EDGE('',*,*,#11281,.T.);
#11283=DIRECTION('',(1.000000,0.000000,0.000000));
#11284=VECTOR('',#11283,4.000000);
#11285=LINE('',#10723,#11284);
#11286=EDGE_CURVE('',#10724,#10756,#11285,.T.);
#11287=ORIENTED_EDGE('',*,*,#11286,.T.);
#11288=DIRECTION('',(-0.931598,-0.356507,0.070914));
#11289=VECTOR('',#11288,4.293700);
#11290=LINE('',#10755,#11289);
#11291=EDGE_CURVE('',#10756,#10722,#11290,.T.);
#11292=ORIENTED_EDGE('',*,*,#11291,.T.);
#11293=EDGE_LOOP('',(#11282,#11287,#11292));
#11294=FACE_OUTER_BOUND('',#11293,.T.);
#11295=ADVANCED_FACE('',(#11294),#11277,.T.);
#11296=CARTESIAN_POINT('',(67.000000,-1.530734,48.304482));
#11297=DIRECTION('',(0.000000,-0.195090,-0.980785));
#11298=DIRECTION('',(1.000000,0.000000,0.000000));
#11299=AXIS2_PLACEMENT_3D('',#11296,#11297,#11298);
#11300=PLANE('',#11299);
#11301=DIRECTION('',(0.931598,0.356507,-0.070914));
#11302=VECTOR('',#11301,4.293700);
#11303=LINE('',#10721,#11302);
#11304=EDGE_CURVE('',#10722,#10756,#11303,.T.);
#11305=ORIENTED_EDGE('',*,*,#11304,.T.);
#11306=DIRECTION('',(0.000000,-0.980785,0.195090));
#11307=VECTOR('',#11306,1.560723);
#11308=LINE('',#10755,#11307);
#11309=EDGE_CURVE('',#10756,#10754,#11308,.T.);
#11310=ORIENTED_EDGE('',*,*,#11309,.T.);
#11311=DIRECTION('',(-1.000000,0.000000,0.000000));
#11312=VECTOR('',#11311,4.000000);
#11313=LINE('',#10753,#11312);
#11314=EDGE_CURVE('',#10754,#10722,#11313,.T.);
#11315=ORIENTED_EDGE('',*,*,#11314,.T.);
#11316=EDGE_LOOP('',(#11305,#11310,#11315));
#11317=FACE_OUTER_BOUND('',#11316,.T.);
#11318=ADVANCED_FACE('',(#11317),#11300,.T.);
#11319=CARTESIAN_POINT('',(67.000000,0.000000,48.000000));
#11320=DIRECTION('',(0.000000,0.195090,-0.980785));
#11321=DIRECTION('',(1.000000,0.000000,0.000000));
#11322=AXIS2_PLACEMENT_3D('',#11319,#11320,#11321);
#11323=PLANE('',#11322);
#11324=DIRECTION('',(0.000000,0.980785,0.195090));
#11325=VECTOR('',#11324,1.560723);
#11326=LINE('',#10723,#11325);
#11327=EDGE_CURVE('',#10724,#10726,#11326,.T.);
#11328=ORIENTED_EDGE('',*,*,#11327,.T.);
#11329=DIRECTION('',(1.000000,0.000000,0.000000));
#11330=VECTOR('',#11329,4.000000);
#11331=LINE('',#10725,#11330);
#11332=EDGE_CURVE('',#10726,#10758,#11331,.T.);
#11333=ORIENTED_EDGE('',*,*,#11332,.T.);
#11334=DIRECTION('',(-0.931598,-0.356507,-0.070914));
#11335=VECTOR('',#11334,4.293700);
#11336=LINE('',#10757,#11335);
#11337=EDGE_CURVE('',#10758,#10724,#11336,.T.);
#11338=ORIENTED_EDGE('',*,*,#11337,.T.);
#11339=EDGE_LOOP('',(#11328,#11333,#11338));
#11340=FACE_OUTER_BOUND('',#11339,.T.);
#11341=ADVANCED_FACE('',(#11340),#11323,.T.);
#11342=CARTESIAN_POINT('',(67.000000,0.000000,48.000000));
#11343=DIRECTION('',(0.000000,0.195090,-0.980785));
#11344=DIRECTION('',(1.000000,0.000000,0.000000));
#11345=AXIS2_PLACEMENT_3D('',#11342,#11343,#11344);
#11346=PLANE('',#11345);
#11347=DIRECTION('',(0.931598,0.356507,0.070914));
#11348=VECTOR('',#11347,4.293700);
#11349=LINE('',#10723,#11348);
#11350=EDGE_CURVE('',#10724,#10758,#11349,.T.);
#11351=ORIENTED_EDGE('',*,*,#11350,.T.);
#11352=DIRECTION('',(0.000000,-0.980785,-0.195090));
#11353=VECTOR('',#11352,1.560723);
#11354=LINE('',#10757,#11353);
#11355=EDGE_CURVE('',#10758,#10756,#11354,.T.);
#11356=ORIENTED_EDGE('',*,*,#11355,.T.);
#11357=DIRECTION('',(-1.000000,0.000000,0.000000));
#11358=VECTOR('',#11357,4.000000);
#11359=LINE('',#10755,#11358);
#11360=EDGE_CURVE('',#10756,#10724,#11359,.T.);
#11361=ORIENTED_EDGE('',*,*,#11360,.T.);
#11362=EDGE_LOOP('',(#11351,#11356,#11361));
#11363=FACE_OUTER_BOUND('',#11362,.T.);
#11364=ADVANCED_FACE('',(#11363),#11346,.T.);
#11365=CARTESIAN_POINT('',(67.000000,1.530734,48.304482));
#11366=DIRECTION('',(0.000000,0.555570,-0.831470));
#11367=DIRECTION('',(1.000000,0.000000,0.000000));
#11368=AXIS2_PLACEMENT_3D('',#11365,#11366,#11367);
#11369=PLANE('',#11368);
#11370=DIRECTION('',(0.000000,0.831470,0.555570));
#11371=VECTOR('',#11370,1.560722);
#11372=LINE('',#10725,#11371);
#11373=EDGE_CURVE('',#10726,#10728,#11372,.T.);
#11374=ORIENTED_EDGE('',*,*,#11373,.T.);
#11375=DIRECTION('',(1.000000,0.000000,0.000000));
#11376=VECTOR('',#11375,4.000000);
#11377=LINE('',#10727,#11376);
#11378=EDGE_CURVE('',#10728,#10760,#11377,.T.);
#11379=ORIENTED_EDGE('',*,*,#11378,.T.);
#11380=DIRECTION('',(-0.931598,-0.302232,-0.201945));
#11381=VECTOR('',#11380,4.293699);
#11382=LINE('',#10759,#11381);
#11383=EDGE_CURVE('',#10760,#10726,#11382,.T.);
#11384=ORIENTED_EDGE('',*,*,#11383,.T.);
#11385=EDGE_LOOP('',(#11374,#11379,#11384));
#11386=FACE_OUTER_BOUND('',#11385,.T.);
#11387=ADVANCED_FACE('',(#11386),#11369,.T.);
#11388=CARTESIAN_POINT('',(67.000000,1.530734,48.304482));
#11389=DIRECTION('',(0.000000,0.555570,-0.831470));
#11390=DIRECTION('',(1.000000,0.000000,0.000000));
#11391=AXIS2_PLACEMENT_3D('',#11388,#11389,#11390);
#11392=PLANE('',#11391);
#11393=DIRECTION('',(0.931598,0.302232,0.201945));
#11394=VECTOR('',#11393,4.293699);
#11395=LINE('',#10725,#11394);
#11396=EDGE_CURVE('',#10726,#10760,#11395,.T.);
#11397=ORIENTED_EDGE('',*,*,#11396,.T.);
#11398=DIRECTION('',(0.000000,-0.831470,-0.555570));
#11399=VECTOR('',#11398,1.560722);
#11400=LINE('',#10759,#11399);
#11401=EDGE_CURVE('',#10760,#10758,#11400,.T.);
#11402=ORIENTED_EDGE('',*,*,#11401,.T.);
#11403=DIRECTION('',(-1.000000,0.000000,0.000000));
#11404=VECTOR('',#11403,4.000000);
#11405=LINE('',#10757,#11404);
#11406=EDGE_CURVE('',#10758,#10726,#11405,.T.);
#11407=ORIENTED_EDGE('',*,*,#11406,.T.);
#11408=EDGE_LOOP('',(#11397,#11402,#11407));
#11409=FACE_OUTER_BOUND('',#11408,.T.);
#11410=ADVANCED_FACE('',(#11409),#11392,.T.);
#11411=CARTESIAN_POINT('',(67.000000,2.828427,49.171573));
#11412=DIRECTION('',(0.000000,0.831470,-0.555570));
#11413=DIRECTION('',(1.000000,0.000000,0.000000));
#11414=AXIS2_PLACEMENT_3D('',#11411,#11412,#11413);
#11415=PLANE('',#11414);
#11416=DIRECTION('',(0.000000,0.555570,0.831470));
#11417=VECTOR('',#11416,1.560722);
#11418=LINE('',#10727,#11417);
#11419=EDGE_CURVE('',#10728,#10730,#11418,.T.);
#11420=ORIENTED_EDGE('',*,*,#11419,.T.);
#11421=DIRECTION('',(1.000000,0.000000,0.000000));
#11422=VECTOR('',#11421,4.000000);
#11423=LINE('',#10729,#11422);
#11424=EDGE_CURVE('',#10730,#10762,#11423,.T.);
#11425=ORIENTED_EDGE('',*,*,#11424,.T.);
#11426=DIRECTION('',(-0.931598,-0.201945,-0.302232));
#11427=VECTOR('',#11426,4.293699);
#11428=LINE('',#10761,#11427);
#11429=EDGE_CURVE('',#10762,#10728,#11428,.T.);
#11430=ORIENTED_EDGE('',*,*,#11429,.T.);
#11431=EDGE_LOOP('',(#11420,#11425,#11430));
#11432=FACE_OUTER_BOUND('',#11431,.T.);
#11433=ADVANCED_FACE('',(#11432),#11415,.T.);
#11434=CARTESIAN_POINT('',(67.000000,2.828427,49.171573));
#11435=DIRECTION('',(0.000000,0.831470,-0.555570));
#11436=DIRECTION('',(1.000000,0.000000,0.000000));
#11437=AXIS2_PLACEMENT_3D('',#11434,#11435,#11436);
#11438=PLANE('',#11437);
#11439=DIRECTION('',(0.931598,0.201945,0.302232));
#11440=VECTOR('',#11439,4.293699);
#11441=LINE('',#10727,#11440);
#11442=EDGE_CURVE('',#10728,#10762,#11441,.T.);
#11443=ORIENTED_EDGE('',*,*,#11442,.T.);
#11444=DIRECTION('',(0.000000,-0.555570,-0.831470));
#11445=VECTOR('',#11444,1.560722);
#11446=LINE('',#10761,#11445);
#11447=EDGE_CURVE('',#10762,#10760,#11446,.T.);
#11448=ORIENTED_EDGE('',*,*,#11447,.T.);
#11449=DIRECTION('',(-1.000000,0.000000,0.000000));
#11450=VECTOR('',#11449,4.000000);
#11451=LINE('',#10759,#11450);
#11452=EDGE_CURVE('',#10760,#10728,#11451,.T.);
#11453=ORIENTED_EDGE('',*,*,#11452,.T.);
#11454=EDGE_LOOP('',(#11443,#11448,#11453));
#11455=FACE_OUTER_BOUND('',#11454,.T.);
#11456=ADVANCED_FACE('',(#11455),#11438,.T.);
#11457=CARTESIAN_POINT('',(67.000000,3.695518,50.469266));
#11458=DIRECTION('',(0.000000,0.980785,-0.195090));
#11459=DIRECTION('',(1.000000,0.000000,0.000000));
#11460=AXIS2_PLACEMENT_3D('',#11457,#11458,#11459);
#11461=PLANE('',#11460);
#11462=DIRECTION('',(0.000000,0.195090,0.980785));
#11463=VECTOR('',#11462,1.560723);
#11464=LINE('',#10729,#11463);
#11465=EDGE_CURVE('',#10730,#10700,#11464,.T.);
#11466=ORIENTED_EDGE('',*,*,#11465,.T.);
#11467=DIRECTION('',(1.000000,0.000000,0.000000));
#11468=VECTOR('',#11467,4.000000);
#11469=LINE('',#10699,#11468);
#11470=EDGE_CURVE('',#10700,#10732,#11469,.T.);
#11471=ORIENTED_EDGE('',*,*,#11470,.T.);
#11472=DIRECTION('',(-0.931598,-0.070914,-0.356507));
#11473=VECTOR('',#11472,4.293700);
#11474=LINE('',#10731,#11473);
#11475=EDGE_CURVE('',#10732,#10730,#11474,.T.);
#11476=ORIENTED_EDGE('',*,*,#11475,.T.);
#11477=EDGE_LOOP('',(#11466,#11471,#11476));
#11478=FACE_OUTER_BOUND('',#11477,.T.);
#11479=ADVANCED_FACE('',(#11478),#11461,.T.);
#11480=CARTESIAN_POINT('',(67.000000,3.695518,50.469266));
#11481=DIRECTION('',(0.000000,0.980785,-0.195090));
#11482=DIRECTION('',(1.000000,0.000000,0.000000));
#11483=AXIS2_PLACEMENT_3D('',#11480,#11481,#11482);
#11484=PLANE('',#11483);
#11485=DIRECTION('',(0.931598,0.070914,0.356507));
#11486=VECTOR('',#11485,4.293700);
#11487=LINE('',#10729,#11486);
#11488=EDGE_CURVE('',#10730,#10732,#11487,.T.);
#11489=ORIENTED_EDGE('',*,*,#11488,.T.);
#11490=DIRECTION('',(0.000000,-0.195090,-0.980785));
#11491=VECTOR('',#11490,1.560723);
#11492=LINE('',#10731,#11491);
#11493=EDGE_CURVE('',#10732,#10762,#11492,.T.);
#11494=ORIENTED_EDGE('',*,*,#11493,.T.);
#11495=DIRECTION('',(-1.000000,0.000000,0.000000));
#11496=VECTOR('',#11495,4.000000);
#11497=LINE('',#10761,#11496);
#11498=EDGE_CURVE('',#10762,#10730,#11497,.T.);
#11499=ORIENTED_EDGE('',*,*,#11498,.T.);
#11500=EDGE_LOOP('',(#11489,#11494,#11499));
#11501=FACE_OUTER_BOUND('',#11500,.T.);
#11502=ADVANCED_FACE('',(#11501),#11484,.T.);
#11503=CARTESIAN_POINT('',(67.000000,0.000000,52.000000));
#11504=DIRECTION('',(-1.000000,0.000000,0.000000));
#11505=DIRECTION('',(0.000000,1.000000,0.000000));
#11506=AXIS2_PLACEMENT_3D('',#11503,#11504,#11505);
#11507=PLANE('',#11506);
#11508=DIRECTION('',(0.000000,0.923880,0.382684));
#11509=VECTOR('',#11508,4.000000);
#11510=LINE('',#10763,#11509);
#11511=EDGE_CURVE('',#10764,#10702,#11510,.T.);
#11512=ORIENTED_EDGE('',*,*,#11511,.T.);
#11513=DIRECTION('',(0.000000,0.195090,-0.980785));
#11514=VECTOR('',#11513,1.560723);
#11515=LINE('',#10701,#11514);
#11516=EDGE_CURVE('',#10702,#10700,#11515,.T.);
#11517=ORIENTED_EDGE('',*,*,#11516,.T.);
#11518=DIRECTION('',(0.000000,-1.000000,0.000000));
#11519=VECTOR('',#11518,4.000000);
#11520=LINE('',#10699,#11519);
#11521=EDGE_CURVE('',#10700,#10764,#11520,.T.);
#11522=ORIENTED_EDGE('',*,*,#11521,.T.);
#11523=EDGE_LOOP('',(#11512,#11517,#11522));
#11524=FACE_OUTER_BOUND('',#11523,.T.);
#11525=ADVANCED_FACE('',(#11524),#11507,.T.);
#11526=CARTESIAN_POINT('',(71.000000,0.000000,52.000000));
#11527=DIRECTION('',(1.000000,0.000000,0.000000));
#11528=DIRECTION('',(0.000000,1.000000,0.000000));
#11529=AXIS2_PLACEMENT_3D('',#11526,#11527,#11528);
#11530=PLANE('',#11529);
#11531=DIRECTION('',(0.000000,1.000000,0.000000));
#11532=VECTOR('',#11531,4.000000);
#11533=LINE('',#10765,#11532);
#11534=EDGE_CURVE('',#10766,#10732,#11533,.T.);
#11535=ORIENTED_EDGE('',*,*,#11534,.T.);
#11536=DIRECTION('',(0.000000,-0.195090,0.980785));
#11537=VECTOR('',#11536,1.560723);
#11538=LINE('',#10731,#11537);
#11539=EDGE_CURVE('',#10732,#10734,#11538,.T.);
#11540=ORIENTED_EDGE('',*,*,#11539,.T.);
#11541=DIRECTION('',(0.000000,-0.923880,-0.382684));
#11542=VECTOR('',#11541,4.000000);
#11543=LINE('',#10733,#11542);
#11544=EDGE_CURVE('',#10734,#10766,#11543,.T.);
#11545=ORIENTED_EDGE('',*,*,#11544,.T.);
#11546=EDGE_LOOP('',(#11535,#11540,#11545));
#11547=FACE_OUTER_BOUND('',#11546,.T.);
#11548=ADVANCED_FACE('',(#11547),#11530,.T.);
#11549=CARTESIAN_POINT('',(67.000000,0.000000,52.000000));
#11550=DIRECTION('',(-1.000000,0.000000,0.000000));
#11551=DIRECTION('',(0.000000,1.000000,0.000000));
#11552=AXIS2_PLACEMENT_3D('',#11549,#11550,#11551);
#11553=PLANE('',#11552);
#11554=DIRECTION('',(0.000000,0.707107,0.707107));
#11555=VECTOR('',#11554,4.000000);
#11556=LINE('',#10763,#11555);
#11557=EDGE_CURVE('',#10764,#10704,#11556,.T.);
#11558=ORIENTED_EDGE('',*,*,#11557,.T.);
#11559=DIRECTION('',(0.000000,0.555570,-0.831470));
#11560=VECTOR('',#11559,1.560722);
#11561=LINE('',#10703,#11560);
#11562=EDGE_CURVE('',#10704,#10702,#11561,.T.);
#11563=ORIENTED_EDGE('',*,*,#11562,.T.);
#11564=DIRECTION('',(0.000000,-0.923880,-0.382684));
#11565=VECTOR('',#11564,4.000000);
#11566=LINE('',#10701,#11565);
#11567=EDGE_CURVE('',#10702,#10764,#11566,.T.);
#11568=ORIENTED_EDGE('',*,*,#11567,.T.);
#11569=EDGE_LOOP('',(#11558,#11563,#11568));
#11570=FACE_OUTER_BOUND('',#11569,.T.);
#11571=ADVANCED_FACE('',(#11570),#11553,.T.);
#11572=CARTESIAN_POINT('',(71.000000,0.000000,52.000000));
#11573=DIRECTION('',(1.000000,0.000000,0.000000));
#11574=DIRECTION('',(0.000000,1.000000,0.000000));
#11575=AXIS2_PLACEMENT_3D('',#11572,#11573,#11574);
#11576=PLANE('',#11575);
#11577=DIRECTION('',(0.000000,0.923880,0.382684));
#11578=VECTOR('',#11577,4.000000);
#11579=LINE('',#10765,#11578);
#11580=EDGE_CURVE('',#10766,#10734,#11579,.T.);
#11581=ORIENTED_EDGE('',*,*,#11580,.T.);
#11582=DIRECTION('',(0.000000,-0.555570,0.831470));
#11583=VECTOR('',#11582,1.560722);
#11584=LINE('',#10733,#11583);
#11585=EDGE_CURVE('',#10734,#10736,#11584,.T.);
#11586=ORIENTED_EDGE('',*,*,#11585,.T.);
#11587=DIRECTION('',(0.000000,-0.707107,-0.707107));
#11588=VECTOR('',#11587,4.000000);
#11589=LINE('',#10735,#11588);
#11590=EDGE_CURVE('',#10736,#10766,#11589,.T.);
#11591=ORIENTED_EDGE('',*,*,#11590,.T.);
#11592=EDGE_LOOP('',(#11581,#11586,#11591));
#11593=FACE_OUTER_BOUND('',#11592,.T.);
#11594=ADVANCED_FACE('',(#11593),#11576,.T.);
#11595=CARTESIAN_POINT('',(67.000000,0.000000,52.000000));
#11596=DIRECTION('',(-1.000000,0.000000,0.000000));
#11597=DIRECTION('',(0.000000,1.000000,0.000000));
#11598=AXIS2_PLACEMENT_3D('',#11595,#11596,#11597);
#11599=PLANE('',#11598);
#11600=DIRECTION('',(0.000000,0.382684,0.923880));
#11601=VECTOR('',#11600,4.000000);
#11602=LINE('',#10763,#11601);
#11603=EDGE_CURVE('',#10764,#10706,#11602,.T.);
#11604=ORIENTED_EDGE('',*,*,#11603,.T.);
#11605=DIRECTION('',(0.000000,0.831470,-0.555570));
#11606=VECTOR('',#11605,1.560722);
#11607=LINE('',#10705,#11606);
#11608=EDGE_CURVE('',#10706,#10704,#11607,.T.);
#11609=ORIENTED_EDGE('',*,*,#11608,.T.);
#11610=DIRECTION('',(0.000000,-0.707107,-0.707107));
#11611=VECTOR('',#11610,4.000000);
#11612=LINE('',#10703,#11611);
#11613=EDGE_CURVE('',#10704,#10764,#11612,.T.);
#11614=ORIENTED_EDGE('',*,*,#11613,.T.);
#11615=EDGE_LOOP('',(#11604,#11609,#11614));
#11616=FACE_OUTER_BOUND('',#11615,.T.);
#11617=ADVANCED_FACE('',(#11616),#11599,.T.);
#11618=CARTESIAN_POINT('',(71.000000,0.000000,52.000000));
#11619=DIRECTION('',(1.000000,0.000000,0.000000));
#11620=DIRECTION('',(0.000000,1.000000,0.000000));
#11621=AXIS2_PLACEMENT_3D('',#11618,#11619,#11620);
#11622=PLANE('',#11621);
#11623=DIRECTION('',(0.000000,0.707107,0.707107));
#11624=VECTOR('',#11623,4.000000);
#11625=LINE('',#10765,#11624);
#11626=EDGE_CURVE('',#10766,#10736,#11625,.T.);
#11627=ORIENTED_EDGE('',*,*,#11626,.T.);
#11628=DIRECTION('',(0.000000,-0.831470,0.555570));
#11629=VECTOR('',#11628,1.560722);
#11630=LINE('',#10735,#11629);
#11631=EDGE_CURVE('',#10736,#10738,#11630,.T.);
#11632=ORIENTED_EDGE('',*,*,#11631,.T.);
#11633=DIRECTION('',(0.000000,-0.382684,-0.923880));
#11634=VECTOR('',#11633,4.000000);
#11635=LINE('',#10737,#11634);
#11636=EDGE_CURVE('',#10738,#10766,#11635,.T.);
#11637=ORIENTED_EDGE('',*,*,#11636,.T.);
#11638=EDGE_LOOP('',(#11627,#11632,#11637));
#11639=FACE_OUTER_BOUND('',#11638,.T.);
#11640=ADVANCED_FACE('',(#11639),#11622,.T.);
#11641=CARTESIAN_POINT('',(67.000000,0.000000,52.000000));
#11642=DIRECTION('',(-1.000000,0.000000,0.000000));
#11643=DIRECTION('',(0.000000,1.000000,0.000000));
#11644=AXIS2_PLACEMENT_3D('',#11641,#11642,#11643);
#11645=PLANE('',#11644);
#11646=DIRECTION('',(0.000000,0.000000,1.000000));
#11647=VECTOR('',#11646,4.000000);
#11648=LINE('',#10763,#11647);
#11649=EDGE_CURVE('',#10764,#10708,#11648,.T.);
#11650=ORIENTED_EDGE('',*,*,#11649,.T.);
#11651=DIRECTION('',(0.000000,0.980785,-0.195090));
#11652=VECTOR('',#11651,1.560723);
#11653=LINE('',#10707,#11652);
#11654=EDGE_CURVE('',#10708,#10706,#11653,.T.);
#11655=ORIENTED_EDGE('',*,*,#11654,.T.);
#11656=DIRECTION('',(0.000000,-0.382684,-0.923880));
#11657=VECTOR('',#11656,4.000000);
#11658=LINE('',#10705,#11657);
#11659=EDGE_CURVE('',#10706,#10764,#11658,.T.);
#11660=ORIENTED_EDGE('',*,*,#11659,.T.);
#11661=EDGE_LOOP('',(#11650,#11655,#11660));
#11662=FACE_OUTER_BOUND('',#11661,.T.);
#11663=ADVANCED_FACE('',(#11662),#11645,.T.);
#11664=CARTESIAN_POINT('',(71.000000,0.000000,52.000000));
#11665=DIRECTION('',(1.000000,0.000000,0.000000));
#11666=DIRECTION('',(0.000000,1.000000,0.000000));
#11667=AXIS2_PLACEMENT_3D('',#11664,#11665,#11666);
#11668=PLANE('',#11667);
#11669=DIRECTION('',(0.000000,0.382684,0.923880));
#11670=VECTOR('',#11669,4.000000);
#11671=LINE('',#10765,#11670);
#11672=EDGE_CURVE('',#10766,#10738,#11671,.T.);
#11673=ORIENTED_EDGE('',*,*,#11672,.T.);
#11674=DIRECTION('',(0.000000,-0.980785,0.195090));
#11675=VECTOR('',#11674,1.560723);
#11676=LINE('',#10737,#11675);
#11677=EDGE_CURVE('',#10738,#10740,#11676,.T.);
#11678=ORIENTED_EDGE('',*,*,#11677,.T.);
#11679=DIRECTION('',(0.000000,0.000000,-1.000000));
#11680=VECTOR('',#11679,4.000000);
#11681=LINE('',#10739,#11680);
#11682=EDGE_CURVE('',#10740,#10766,#11681,.T.);
#11683=ORIENTED_EDGE('',*,*,#11682,.T.);
#11684=EDGE_LOOP('',(#11673,#11678,#11683));
#11685=FACE_OUTER_BOUND('',#11684,.T.);
#11686=ADVANCED_FACE('',(#11685),#11668,.T.);
#11687=CARTESIAN_POINT('',(67.000000,0.000000,52.000000));
#11688=DIRECTION('',(-1.000000,0.000000,0.000000));
#11689=DIRECTION('',(0.000000,1.000000,0.000000));
#11690=AXIS2_PLACEMENT_3D('',#11687,#11688,#11689);
#11691=PLANE('',#11690);
#11692=DIRECTION('',(0.000000,-0.382684,0.923880));
#11693=VECTOR('',#11692,4.000000);
#11694=LINE('',#10763,#11693);
#11695=EDGE_CURVE('',#10764,#10710,#11694,.T.);
#11696=ORIENTED_EDGE('',*,*,#11695,.T.);
#11697=DIRECTION('',(0.000000,0.980785,0.195090));
#11698=VECTOR('',#11697,1.560723);
#11699=LINE('',#10709,#11698);
#11700=EDGE_CURVE('',#10710,#10708,#11699,.T.);
#11701=ORIENTED_EDGE('',*,*,#11700,.T.);
#11702=DIRECTION('',(0.000000,0.000000,-1.000000));
#11703=VECTOR('',#11702,4.000000);
#11704=LINE('',#10707,#11703);
#11705=EDGE_CURVE('',#10708,#10764,#11704,.T.);
#11706=ORIENTED_EDGE('',*,*,#11705,.T.);
#11707=EDGE_LOOP('',(#11696,#11701,#11706));
#11708=FACE_OUTER_BOUND('',#11707,.T.);
#11709=ADVANCED_FACE('',(#11708),#11691,.T.);
#11710=CARTESIAN_POINT('',(71.000000,0.000000,52.000000));
#11711=DIRECTION('',(1.000000,0.000000,0.000000));
#11712=DIRECTION('',(0.000000,1.000000,0.000000));
#11713=AXIS2_PLACEMENT_3D('',#11710,#11711,#11712);
#11714=PLANE('',#11713);
#11715=DIRECTION('',(0.000000,0.000000,1.000000));
#11716=VECTOR('',#11715,4.000000);
#11717=LINE('',#10765,#11716);
#11718=EDGE_CURVE('',#10766,#10740,#11717,.T.);
#11719=ORIENTED_EDGE('',*,*,#11718,.T.);
#11720=DIRECTION('',(0.000000,-0.980785,-0.195090));
#11721=VECTOR('',#11720,1.560723);
#11722=LINE('',#10739,#11721);
#11723=EDGE_CURVE('',#10740,#10742,#11722,.T.);
#11724=ORIENTED_EDGE('',*,*,#11723,.T.);
#11725=DIRECTION('',(0.000000,0.382684,-0.923880));
#11726=VECTOR('',#11725,4.000000);
#11727=LINE('',#10741,#11726);
#11728=EDGE_CURVE('',#10742,#10766,#11727,.T.);
#11729=ORIENTED_EDGE('',*,*,#11728,.T.);
#11730=EDGE_LOOP('',(#11719,#11724,#11729));
#11731=FACE_OUTER_BOUND('',#11730,.T.);
#11732=ADVANCED_FACE('',(#11731),#11714,.T.);
#11733=CARTESIAN_POINT('',(67.000000,0.000000,52.000000));
#11734=DIRECTION('',(-1.000000,0.000000,0.000000));
#11735=DIRECTION('',(0.000000,1.000000,0.000000));
#11736=AXIS2_PLACEMENT_3D('',#11733,#11734,#11735);
#11737=PLANE('',#11736);
#11738=DIRECTION('',(0.000000,-0.707107,0.707107));
#11739=VECTOR('',#11738,4.000000);
#11740=LINE('',#10763,#11739);
#11741=EDGE_CURVE('',#10764,#10712,#11740,.T.);
#11742=ORIENTED_EDGE('',*,*,#11741,.T.);
#11743=DIRECTION('',(0.000000,0.831470,0.555570));
#11744=VECTOR('',#11743,1.560722);
#11745=LINE('',#10711,#11744);
#11746=EDGE_CURVE('',#10712,#10710,#11745,.T.);
#11747=ORIENTED_EDGE('',*,*,#11746,.T.);
#11748=DIRECTION('',(0.000000,0.382684,-0.923880));
#11749=VECTOR('',#11748,4.000000);
#11750=LINE('',#10709,#11749);
#11751=EDGE_CURVE('',#10710,#10764,#11750,.T.);
#11752=ORIENTED_EDGE('',*,*,#11751,.T.);
#11753=EDGE_LOOP('',(#11742,#11747,#11752));
#11754=FACE_OUTER_BOUND('',#11753,.T.);
#11755=ADVANCED_FACE('',(#11754),#11737,.T.);
#11756=CARTESIAN_POINT('',(71.000000,0.000000,52.000000));
#11757=DIRECTION('',(1.000000,0.000000,0.000000));
#11758=DIRECTION('',(0.000000,1.000000,0.000000));
#11759=AXIS2_PLACEMENT_3D('',#11756,#11757,#11758);
#11760=PLANE('',#11759);
#11761=DIRECTION('',(0.000000,-0.382684,0.923880));
#11762=VECTOR('',#11761,4.000000);
#11763=LINE('',#10765,#11762);
#11764=EDGE_CURVE('',#10766,#10742,#11763,.T.);
#11765=ORIENTED_EDGE('',*,*,#11764,.T.);
#11766=DIRECTION('',(0.000000,-0.831470,-0.555570));
#11767=VECTOR('',#11766,1.560722);
#11768=LINE('',#10741,#11767);
#11769=EDGE_CURVE('',#10742,#10744,#11768,.T.);
#11770=ORIENTED_EDGE('',*,*,#11769,.T.);
#11771=DIRECTION('',(0.000000,0.707107,-0.707107));
#11772=VECTOR('',#11771,4.000000);
#11773=LINE('',#10743,#11772);
#11774=EDGE_CURVE('',#10744,#10766,#11773,.T.);
#11775=ORIENTED_EDGE('',*,*,#11774,.T.);
#11776=EDGE_LOOP('',(#11765,#11770,#11775));
#11777=FACE_OUTER_BOUND('',#11776,.T.);
#11778=ADVANCED_FACE('',(#11777),#11760,.T.);
#11779=CARTESIAN_POINT('',(67.000000,0.000000,52.000000));
#11780=DIRECTION('',(-1.000000,0.000000,0.000000));
#11781=DIRECTION('',(0.000000,1.000000,0.000000));
#11782=AXIS2_PLACEMENT_3D('',#11779,#11780,#11781);
#11783=PLANE('',#11782);
#11784=DIRECTION('',(0.000000,-0.923880,0.382684));
#11785=VECTOR('',#11784,4.000000);
#11786=LINE('',#10763,#11785);
#11787=EDGE_CURVE('',#10764,#10714,#11786,.T.);
#11788=ORIENTED_EDGE('',*,*,#11787,.T.);
#11789=DIRECTION('',(0.000000,0.555570,0.831470));
#11790=VECTOR('',#11789,1.560722);
#11791=LINE('',#10713,#11790);
#11792=EDGE_CURVE('',#10714,#10712,#11791,.T.);
#11793=ORIENTED_EDGE('',*,*,#11792,.T.);
#11794=DIRECTION('',(0.000000,0.707107,-0.707107));
#11795=VECTOR('',#11794,4.000000);
#11796=LINE('',#10711,#11795);
#11797=EDGE_CURVE('',#10712,#10764,#11796,.T.);
#11798=ORIENTED_EDGE('',*,*,#11797,.T.);
#11799=EDGE_LOOP('',(#11788,#11793,#11798));
#11800=FACE_OUTER_BOUND('',#11799,.T.);
#11801=ADVANCED_FACE('',(#11800),#11783,.T.);
#11802=CARTESIAN_POINT('',(71.000000,0.000000,52.000000));
#11803=DIRECTION('',(1.000000,0.000000,0.000000));
#11804=DIRECTION('',(0.000000,1.000000,0.000000));
#11805=AXIS2_PLACEMENT_3D('',#11802,#11803,#11804);
#11806=PLANE('',#11805);
#11807=DIRECTION('',(0.000000,-0.707107,0.707107));
#11808=VECTOR('',#11807,4.000000);
#11809=LINE('',#10765,#11808);
#11810=EDGE_CURVE('',#10766,#10744,#11809,.T.);
#11811=ORIENTED_EDGE('',*,*,#11810,.T.);
#11812=DIRECTION('',(0.000000,-0.555570,-0.831470));
#11813=VECTOR('',#11812,1.560722);
#11814=LINE('',#10743,#11813);
#11815=EDGE_CURVE('',#10744,#10746,#11814,.T.);
#11816=ORIENTED_EDGE('',*,*,#11815,.T.);
#11817=DIRECTION('',(0.000000,0.923880,-0.382684));
#11818=VECTOR('',#11817,4.000000);
#11819=LINE('',#10745,#11818);
#11820=EDGE_CURVE('',#10746,#10766,#11819,.T.);
#11821=ORIENTED_EDGE('',*,*,#11820,.T.);
#11822=EDGE_LOOP('',(#11811,#11816,#11821));
#11823=FACE_OUTER_BOUND('',#11822,.T.);
#11824=ADVANCED_FACE('',(#11823),#11806,.T.);
#11825=CARTESIAN_POINT('',(67.000000,0.000000,52.000000));
#11826=DIRECTION('',(-1.000000,0.000000,0.000000));
#11827=DIRECTION('',(0.000000,1.000000,0.000000));
#11828=AXIS2_PLACEMENT_3D('',#11825,#11826,#11827);
#11829=PLANE('',#11828);
#11830=DIRECTION('',(0.000000,-1.000000,0.000000));
#11831=VECTOR('',#11830,4.000000);
#11832=LINE('',#10763,#11831);
#11833=EDGE_CURVE('',#10764,#10716,#11832,.T.);
#11834=ORIENTED_EDGE('',*,*,#11833,.T.);
#11835=DIRECTION('',(0.000000,0.195090,0.980785));
#11836=VECTOR('',#11835,1.560723);
#11837=LINE('',#10715,#11836);
#11838=EDGE_CURVE('',#10716,#10714,#11837,.T.);
#11839=ORIENTED_EDGE('',*,*,#11838,.T.);
#11840=DIRECTION('',(0.000000,0.923880,-0.382684));
#11841=VECTOR('',#11840,4.000000);
#11842=LINE('',#10713,#11841);
#11843=EDGE_CURVE('',#10714,#10764,#11842,.T.);
#11844=ORIENTED_EDGE('',*,*,#11843,.T.);
#11845=EDGE_LOOP('',(#11834,#11839,#11844));
#11846=FACE_OUTER_BOUND('',#11845,.T.);
#11847=ADVANCED_FACE('',(#11846),#11829,.T.);
#11848=CARTESIAN_POINT('',(71.000000,0.000000,52.000000));
#11849=DIRECTION('',(1.000000,0.000000,0.000000));
#11850=DIRECTION('',(0.000000,1.000000,0.000000));
#11851=AXIS2_PLACEMENT_3D('',#11848,#11849,#11850);
#11852=PLANE('',#11851);
#11853=DIRECTION('',(0.000000,-0.923880,0.382684));
#11854=VECTOR('',#11853,4.000000);
#11855=LINE('',#10765,#11854);
#11856=EDGE_CURVE('',#10766,#10746,#11855,.T.);
#11857=ORIENTED_EDGE('',*,*,#11856,.T.);
#11858=DIRECTION('',(0.000000,-0.195090,-0.980785));
#11859=VECTOR('',#11858,1.560723);
#11860=LINE('',#10745,#11859);
#11861=EDGE_CURVE('',#10746,#10748,#11860,.T.);
#11862=ORIENTED_EDGE('',*,*,#11861,.T.);
#11863=DIRECTION('',(0.000000,1.000000,0.000000));
#11864=VECTOR('',#11863,4.000000);
#11865=LINE('',#10747,#11864);
#11866=EDGE_CURVE('',#10748,#10766,#11865,.T.);
#11867=ORIENTED_EDGE('',*,*,#11866,.T.);
#11868=EDGE_LOOP('',(#11857,#11862,#11867));
#11869=FACE_OUTER_BOUND('',#11868,.T.);
#11870=ADVANCED_FACE('',(#11869),#11852,.T.);
#11871=CARTESIAN_POINT('',(67.000000,0.000000,52.000000));
#11872=DIRECTION('',(-1.000000,0.000000,0.000000));
#11873=DIRECTION('',(0.000000,1.000000,0.000000));
#11874=AXIS2_PLACEMENT_3D('',#11871,#11872,#11873);
#11875=PLANE('',#11874);
#11876=DIRECTION('',(0.000000,-0.923880,-0.382684));
#11877=VECTOR('',#11876,4.000000);
#11878=LINE('',#10763,#11877);
#11879=EDGE_CURVE('',#10764,#10718,#11878,.T.);
#11880=ORIENTED_EDGE('',*,*,#11879,.T.);
#11881=DIRECTION('',(0.000000,-0.195090,0.980785));
#11882=VECTOR('',#11881,1.560723);
#11883=LINE('',#10717,#11882);
#11884=EDGE_CURVE('',#10718,#10716,#11883,.T.);
#11885=ORIENTED_EDGE('',*,*,#11884,.T.);
#11886=DIRECTION('',(0.000000,1.000000,0.000000));
#11887=VECTOR('',#11886,4.000000);
#11888=LINE('',#10715,#11887);
#11889=EDGE_CURVE('',#10716,#10764,#11888,.T.);
#11890=ORIENTED_EDGE('',*,*,#11889,.T.);
#11891=EDGE_LOOP('',(#11880,#11885,#11890));
#11892=FACE_OUTER_BOUND('',#11891,.T.);
#11893=ADVANCED_FACE('',(#11892),#11875,.T.);
#11894=CARTESIAN_POINT('',(71.000000,0.000000,52.000000));
#11895=DIRECTION('',(1.000000,0.000000,0.000000));
#11896=DIRECTION('',(0.000000,1.000000,0.000000));
#11897=AXIS2_PLACEMENT_3D('',#11894,#11895,#11896);
#11898=PLANE('',#11897);
#11899=DIRECTION('',(0.000000,-1.000000,0.000000));
#11900=VECTOR('',#11899,4.000000);
#11901=LINE('',#10765,#11900);
#11902=EDGE_CURVE('',#10766,#10748,#11901,.T.);
#11903=ORIENTED_EDGE('',*,*,#11902,.T.);
#11904=DIRECTION('',(0.000000,0.195090,-0.980785));
#11905=VECTOR('',#11904,1.560723);
#11906=LINE('',#10747,#11905);
#11907=EDGE_CURVE('',#10748,#10750,#11906,.T.);
#11908=ORIENTED_EDGE('',*,*,#11907,.T.);
#11909=DIRECTION('',(0.000000,0.923880,0.382684));
#11910=VECTOR('',#11909,4.000000);
#11911=LINE('',#10749,#11910);
#11912=EDGE_CURVE('',#10750,#10766,#11911,.T.);
#11913=ORIENTED_EDGE('',*,*,#11912,.T.);
#11914=EDGE_LOOP('',(#11903,#11908,#11913));
#11915=FACE_OUTER_BOUND('',#11914,.T.);
#11916=ADVANCED_FACE('',(#11915),#11898,.T.);
#11917=CARTESIAN_POINT('',(67.000000,0.000000,52.000000));
#11918=DIRECTION('',(-1.000000,0.000000,0.000000));
#11919=DIRECTION('',(0.000000,1.000000,0.000000));
#11920=AXIS2_PLACEMENT_3D('',#11917,#11918,#11919);
#11921=PLANE('',#11920);
#11922=DIRECTION('',(0.000000,-0.707107,-0.707107));
#11923=VECTOR('',#11922,4.000000);
#11924=LINE('',#10763,#11923);
#11925=EDGE_CURVE('',#10764,#10720,#11924,.T.);
#11926=ORIENTED_EDGE('',*,*,#11925,.T.);
#11927=DIRECTION('',(0.000000,-0.555570,0.831470));
#11928=VECTOR('',#11927,1.560722);
#11929=LINE('',#10719,#11928);
#11930=EDGE_CURVE('',#10720,#10718,#11929,.T.);
#11931=ORIENTED_EDGE('',*,*,#11930,.T.);
#11932=DIRECTION('',(0.000000,0.923880,0.382684));
#11933=VECTOR('',#11932,4.000000);
#11934=LINE('',#10717,#11933);
#11935=EDGE_CURVE('',#10718,#10764,#11934,.T.);
#11936=ORIENTED_EDGE('',*,*,#11935,.T.);
#11937=EDGE_LOOP('',(#11926,#11931,#11936));
#11938=FACE_OUTER_BOUND('',#11937,.T.);
#11939=ADVANCED_FACE('',(#11938),#11921,.T.);
#11940=CARTESIAN_POINT('',(71.000000,0.000000,52.000000));
#11941=DIRECTION('',(1.000000,0.000000,0.000000));
#11942=DIRECTION('',(0.000000,1.000000,0.000000));
#11943=AXIS2_PLACEMENT_3D('',#11940,#11941,#11942);
#11944=PLANE('',#11943);
#11945=DIRECTION('',(0.000000,-0.923880,-0.382684));
#11946=VECTOR('',#11945,4.000000);
#11947=LINE('',#10765,#11946);
#11948=EDGE_CURVE('',#10766,#10750,#11947,.T.);
#11949=ORIENTED_EDGE('',*,*,#11948,.T.);
#11950=DIRECTION('',(0.000000,0.555570,-0.831470));
#11951=VECTOR('',#11950,1.560722);
#11952=LINE('',#10749,#11951);
#11953=EDGE_CURVE('',#10750,#10752,#11952,.T.);
#11954=ORIENTED_EDGE('',*,*,#11953,.T.);
#11955=DIRECTION('',(0.000000,0.707107,0.707107));
#11956=VECTOR('',#11955,4.000000);
#11957=LINE('',#10751,#11956);
#11958=EDGE_CURVE('',#10752,#10766,#11957,.T.);
#11959=ORIENTED_EDGE('',*,*,#11958,.T.);
#11960=EDGE_LOOP('',(#11949,#11954,#11959));
#11961=FACE_OUTER_BOUND('',#11960,.T.);
#11962=ADVANCED_FACE('',(#11961),#11944,.T.);
#11963=CARTESIAN_POINT('',(67.000000,0.000000,52.000000));
#11964=DIRECTION('',(-1.000000,0.000000,0.000000));
#11965=DIRECTION('',(0.000000,1.000000,0.000000));
#11966=AXIS2_PLACEMENT_3D('',#11963,#11964,#11965);
#11967=PLANE('',#11966);
#11968=DIRECTION('',(0.000000,-0.382684,-0.923880));
#11969=VECTOR('',#11968,4.000000);
#11970=LINE('',#10763,#11969);
#11971=EDGE_CURVE('',#10764,#10722,#11970,.T.);
#11972=ORIENTED_EDGE('',*,*,#11971,.T.);
#11973=DIRECTION('',(0.000000,-0.831470,0.555570));
#11974=VECTOR('',#11973,1.560722);
#11975=LINE('',#10721,#11974);
#11976=EDGE_CURVE('',#10722,#10720,#11975,.T.);
#11977=ORIENTED_EDGE('',*,*,#11976,.T.);
#11978=DIRECTION('',(0.000000,0.707107,0.707107));
#11979=VECTOR('',#11978,4.000000);
#11980=LINE('',#10719,#11979);
#11981=EDGE_CURVE('',#10720,#10764,#11980,.T.);
#11982=ORIENTED_EDGE('',*,*,#11981,.T.);
#11983=EDGE_LOOP('',(#11972,#11977,#11982));
#11984=FACE_OUTER_BOUND('',#11983,.T.);
#11985=ADVANCED_FACE('',(#11984),#11967,.T.);
#11986=CARTESIAN_POINT('',(71.000000,0.000000,52.000000));
#11987=DIRECTION('',(1.000000,0.000000,0.000000));
#11988=DIRECTION('',(0.000000,1.000000,0.000000));
#11989=AXIS2_PLACEMENT_3D('',#11986,#11987,#11988);
#11990=PLANE('',#11989);
#11991=DIRECTION('',(0.000000,-0.707107,-0.707107));
#11992=VECTOR('',#11991,4.000000);
#11993=LINE('',#10765,#11992);
#11994=EDGE_CURVE('',#10766,#10752,#11993,.T.);
#11995=ORIENTED_EDGE('',*,*,#11994,.T.);
#11996=DIRECTION('',(0.000000,0.831470,-0.555570));
#11997=VECTOR('',#11996,1.560722);
#11998=LINE('',#10751,#11997);
#11999=EDGE_CURVE('',#10752,#10754,#11998,.T.);
#12000=ORIENTED_EDGE('',*,*,#11999,.T.);
#12001=DIRECTION('',(0.000000,0.382684,0.923880));
#12002=VECTOR('',#12001,4.000000);
#12003=LINE('',#10753,#12002);
#12004=EDGE_CURVE('',#10754,#10766,#12003,.T.);
#12005=ORIENTED_EDGE('',*,*,#12004,.T.);
#12006=EDGE_LOOP('',(#11995,#12000,#12005));
#12007=FACE_OUTER_BOUND('',#12006,.T.);
#12008=ADVANCED_FACE('',(#12007),#11990,.T.);
#12009=CARTESIAN_POINT('',(67.000000,0.000000,52.000000));
#12010=DIRECTION('',(-1.000000,0.000000,0.000000));
#12011=DIRECTION('',(0.000000,1.000000,0.000000));
#12012=AXIS2_PLACEMENT_3D('',#12009,#12010,#12011);
#12013=PLANE('',#12012);
#12014=DIRECTION('',(0.000000,0.000000,-1.000000));
#12015=VECTOR('',#12014,4.000000);
#12016=LINE('',#10763,#12015);
#12017=EDGE_CURVE('',#10764,#10724,#12016,.T.);
#12018=ORIENTED_EDGE('',*,*,#12017,.T.);
#12019=DIRECTION('',(0.000000,-0.980785,0.195090));
#12020=VECTOR('',#12019,1.560723);
#12021=LINE('',#10723,#12020);
#12022=EDGE_CURVE('',#10724,#10722,#12021,.T.);
#12023=ORIENTED_EDGE('',*,*,#12022,.T.);
#12024=DIRECTION('',(0.000000,0.382684,0.923880));
#12025=VECTOR('',#12024,4.000000);
#12026=LINE('',#10721,#12025);
#12027=EDGE_CURVE('',#10722,#10764,#12026,.T.);
#12028=ORIENTED_EDGE('',*,*,#12027,.T.);
#12029=EDGE_LOOP('',(#12018,#12023,#12028));
#12030=FACE_OUTER_BOUND('',#12029,.T.);
#12031=ADVANCED_FACE('',(#12030),#12013,.T.);
#12032=CARTESIAN_POINT('',(71.000000,0.000000,52.000000));
#12033=DIRECTION('',(1.000000,0.000000,0.000000));
#12034=DIRECTION('',(0.000000,1.000000,0.000000));
#12035=AXIS2_PLACEMENT_3D('',#12032,#12033,#12034);
#12036=PLANE('',#12035);
#12037=DIRECTION('',(0.000000,-0.382684,-0.923880));
#12038=VECTOR('',#12037,4.000000);
#12039=LINE('',#10765,#12038);
#12040=EDGE_CURVE('',#10766,#10754,#12039,.T.);
#12041=ORIENTED_EDGE('',*,*,#12040,.T.);
#12042=DIRECTION('',(0.000000,0.980785,-0.195090));
#12043=VECTOR('',#12042,1.560723);
#12044=LINE('',#10753,#12043);
#12045=EDGE_CURVE('',#10754,#10756,#12044,.T.);
#12046=ORIENTED_EDGE('',*,*,#12045,.T.);
#12047=DIRECTION('',(0.000000,0.000000,1.000000));
#12048=VECTOR('',#12047,4.000000);
#12049=LINE('',#10755,#12048);
#12050=EDGE_CURVE('',#10756,#10766,#12049,.T.);
#12051=ORIENTED_EDGE('',*,*,#12050,.T.);
#12052=EDGE_LOOP('',(#12041,#12046,#12051));
#12053=FACE_OUTER_BOUND('',#12052,.T.);
#12054=ADVANCED_FACE('',(#12053),#12036,.T.);
#12055=CARTESIAN_POINT('',(67.000000,0.000000,52.000000));
#12056=DIRECTION('',(-1.000000,0.000000,0.000000));
#12057=DIRECTION('',(0.000000,1.000000,0.000000));
#12058=AXIS2_PLACEMENT_3D('',#12055,#12056,#12057);
#12059=PLANE('',#12058);
#12060=DIRECTION('',(0.000000,0.382684,-0.923880));
#12061=VECTOR('',#12060,4.000000);
#12062=LINE('',#10763,#12061);
#12063=EDGE_CURVE('',#10764,#10726,#12062,.T.);
#12064=ORIENTED_EDGE('',*,*,#12063,.T.);
#12065=DIRECTION('',(0.000000,-0.980785,-0.195090));
#12066=VECTOR('',#12065,1.560723);
#12067=LINE('',#10725,#12066);
#12068=EDGE_CURVE('',#10726,#10724,#12067,.T.);
#12069=ORIENTED_EDGE('',*,*,#12068,.T.);
#12070=DIRECTION('',(0.000000,0.000000,1.000000));
#12071=VECTOR('',#12070,4.000000);
#12072=LINE('',#10723,#12071);
#12073=EDGE_CURVE('',#10724,#10764,#12072,.T.);
#12074=ORIENTED_EDGE('',*,*,#12073,.T.);
#12075=EDGE_LOOP('',(#12064,#12069,#12074));
#12076=FACE_OUTER_BOUND('',#12075,.T.);
#12077=ADVANCED_FACE('',(#12076),#12059,.T.);
#12078=CARTESIAN_POINT('',(71.000000,0.000000,52.000000));
#12079=DIRECTION('',(1.000000,0.000000,0.000000));
#12080=DIRECTION('',(0.000000,1.000000,0.000000));
#12081=AXIS2_PLACEMENT_3D('',#12078,#12079,#12080);
#12082=PLANE('',#12081);
#12083=DIRECTION('',(0.000000,0.000000,-1.000000));
#12084=VECTOR('',#12083,4.000000);
#12085=LINE('',#10765,#12084);
#12086=EDGE_CURVE('',#10766,#10756,#12085,.T.);
#12087=ORIENTED_EDGE('',*,*,#12086,.T.);
#12088=DIRECTION('',(0.000000,0.980785,0.195090));
#12089=VECTOR('',#12088,1.560723);
#12090=LINE('',#10755,#12089);
#12091=EDGE_CURVE('',#10756,#10758,#12090,.T.);
#12092=ORIENTED_EDGE('',*,*,#12091,.T.);
#12093=DIRECTION('',(0.000000,-0.382684,0.923880));
#12094=VECTOR('',#12093,4.000000);
#12095=LINE('',#10757,#12094);
#12096=EDGE_CURVE('',#10758,#10766,#12095,.T.);
#12097=ORIENTED_EDGE('',*,*,#12096,.T.);
#12098=EDGE_LOOP('',(#12087,#12092,#12097));
#12099=FACE_OUTER_BOUND('',#12098,.T.);
#12100=ADVANCED_FACE('',(#12099),#12082,.T.);
#12101=CARTESIAN_POINT('',(67.000000,0.000000,52.000000));
#12102=DIRECTION('',(-1.000000,0.000000,0.000000));
#12103=DIRECTION('',(0.000000,1.000000,0.000000));
#12104=AXIS2_PLACEMENT_3D('',#12101,#12102,#12103);
#12105=PLANE('',#12104);
#12106=DIRECTION('',(0.000000,0.707107,-0.707107));
#12107=VECTOR('',#12106,4.000000);
#12108=LINE('',#10763,#12107);
#12109=EDGE_CURVE('',#10764,#10728,#12108,.T.);
#12110=ORIENTED_EDGE('',*,*,#12109,.T.);
#12111=DIRECTION('',(0.000000,-0.831470,-0.555570));
#12112=VECTOR('',#12111,1.560722);
#12113=LINE('',#10727,#12112);
#12114=EDGE_CURVE('',#10728,#10726,#12113,.T.);
#12115=ORIENTED_EDGE('',*,*,#12114,.T.);
#12116=DIRECTION('',(0.000000,-0.382684,0.923880));
#12117=VECTOR('',#12116,4.000000);
#12118=LINE('',#10725,#12117);
#12119=EDGE_CURVE('',#10726,#10764,#12118,.T.);
#12120=ORIENTED_EDGE('',*,*,#12119,.T.);
#12121=EDGE_LOOP('',(#12110,#12115,#12120));
#12122=FACE_OUTER_BOUND('',#12121,.T.);
#12123=ADVANCED_FACE('',(#12122),#12105,.T.);
#12124=CARTESIAN_POINT('',(71.000000,0.000000,52.000000));
#12125=DIRECTION('',(1.000000,0.000000,0.000000));
#12126=DIRECTION('',(0.000000,1.000000,0.000000));
#12127=AXIS2_PLACEMENT_3D('',#12124,#12125,#12126);
#12128=PLANE('',#12127);
#12129=DIRECTION('',(0.000000,0.382684,-0.923880));
#12130=VECTOR('',#12129,4.000000);
#12131=LINE('',#10765,#12130);
#12132=EDGE_CURVE('',#10766,#10758,#12131,.T.);
#12133=ORIENTED_EDGE('',*,*,#12132,.T.);
#12134=DIRECTION('',(0.000000,0.831470,0.555570));
#12135=VECTOR('',#12134,1.560722);
#12136=LINE('',#10757,#12135);
#12137=EDGE_CURVE('',#10758,#10760,#12136,.T.);
#12138=ORIENTED_EDGE('',*,*,#12137,.T.);
#12139=DIRECTION('',(0.000000,-0.707107,0.707107));
#12140=VECTOR('',#12139,4.000000);
#12141=LINE('',#10759,#12140);
#12142=EDGE_CURVE('',#10760,#10766,#12141,.T.);
#12143=ORIENTED_EDGE('',*,*,#12142,.T.);
#12144=EDGE_LOOP('',(#12133,#12138,#12143));
#12145=FACE_OUTER_BOUND('',#12144,.T.);
#12146=ADVANCED_FACE('',(#12145),#12128,.T.);
#12147=CARTESIAN_POINT('',(67.000000,0.000000,52.000000));
#12148=DIRECTION('',(-1.000000,0.000000,0.000000));
#12149=DIRECTION('',(0.000000,1.000000,0.000000));
#12150=AXIS2_PLACEMENT_3D('',#12147,#12148,#12149);
#12151=PLANE('',#12150);
#12152=DIRECTION('',(0.000000,0.923880,-0.382684));
#12153=VECTOR('',#12152,4.000000);
#12154=LINE('',#10763,#12153);
#12155=EDGE_CURVE('',#10764,#10730,#12154,.T.);
#12156=ORIENTED_EDGE('',*,*,#12155,.T.);
#12157=DIRECTION('',(0.000000,-0.555570,-0.831470));
#12158=VECTOR('',#12157,1.560722);
#12159=LINE('',#10729,#12158);
#12160=EDGE_CURVE('',#10730,#10728,#12159,.T.);
#12161=ORIENTED_EDGE('',*,*,#12160,.T.);
#12162=DIRECTION('',(0.000000,-0.707107,0.707107));
#12163=VECTOR('',#12162,4.000000);
#12164=LINE('',#10727,#12163);
#12165=EDGE_CURVE('',#10728,#10764,#12164,.T.);
#12166=ORIENTED_EDGE('',*,*,#12165,.T.);
#12167=EDGE_LOOP('',(#12156,#12161,#12166));
#12168=FACE_OUTER_BOUND('',#12167,.T.);
#12169=ADVANCED_FACE('',(#12168),#12151,.T.);
#12170=CARTESIAN_POINT('',(71.000000,0.000000,52.000000));
#12171=DIRECTION('',(1.000000,0.000000,0.000000));
#12172=DIRECTION('',(0.000000,1.000000,0.000000));
#12173=AXIS2_PLACEMENT_3D('',#12170,#12171,#12172);
#12174=PLANE('',#12173);
#12175=DIRECTION('',(0.000000,0.707107,-0.707107));
#12176=VECTOR('',#12175,4.000000);
#12177=LINE('',#10765,#12176);
#12178=EDGE_CURVE('',#10766,#10760,#12177,.T.);
#12179=ORIENTED_EDGE('',*,*,#12178,.T.);
#12180=DIRECTION('',(0.000000,0.555570,0.831470));
#12181=VECTOR('',#12180,1.560722);
#12182=LINE('',#10759,#12181);
#12183=EDGE_CURVE('',#10760,#10762,#12182,.T.);
#12184=ORIENTED_EDGE('',*,*,#12183,.T.);
#12185=DIRECTION('',(0.000000,-0.923880,0.382684));
#12186=VECTOR('',#12185,4.000000);
#12187=LINE('',#10761,#12186);
#12188=EDGE_CURVE('',#10762,#10766,#12187,.T.);
#12189=ORIENTED_EDGE('',*,*,#12188,.T.);
#12190=EDGE_LOOP('',(#12179,#12184,#12189));
#12191=FACE_OUTER_BOUND('',#12190,.T.);
#12192=ADVANCED_FACE('',(#12191),#12174,.T.);
#12193=CARTESIAN_POINT('',(67.000000,0.000000,52.000000));
#12194=DIRECTION('',(-1.000000,0.000000,0.000000));
#12195=DIRECTION('',(0.000000,1.000000,0.000000));
#12196=AXIS2_PLACEMENT_3D('',#12193,#12194,#12195);
#12197=PLANE('',#12196);
#12198=DIRECTION('',(0.000000,1.000000,0.000000));
#12199=VECTOR('',#12198,4.000000);
#12200=LINE('',#10763,#12199);
#12201=EDGE_CURVE('',#10764,#10700,#12200,.T.);
#12202=ORIENTED_EDGE('',*,*,#12201,.T.);
#12203=DIRECTION('',(0.000000,-0.195090,-0.980785));
#12204=VECTOR('',#12203,1.560723);
#12205=LINE('',#10699,#12204);
#12206=EDGE_CURVE('',#10700,#10730,#12205,.T.);
#12207=ORIENTED_EDGE('',*,*,#12206,.T.);
#12208=DIRECTION('',(0.000000,-0.923880,0.382684));
#12209=VECTOR('',#12208,4.000000);
#12210=LINE('',#10729,#12209);
#12211=EDGE_CURVE('',#10730,#10764,#12210,.T.);
#12212=ORIENTED_EDGE('',*,*,#12211,.T.);
#12213=EDGE_LOOP('',(#12202,#12207,#12212));
#12214=FACE_OUTER_BOUND('',#12213,.T.);
#12215=ADVANCED_FACE('',(#12214),#12197,.T.);
#12216=CARTESIAN_POINT('',(71.000000,0.000000,52.000000));
#12217=DIRECTION('',(1.000000,0.000000,0.000000));
#12218=DIRECTION('',(0.000000,1.000000,0.000000));
#12219=AXIS2_PLACEMENT_3D('',#12216,#12217,#12218);
#12220=PLANE('',#12219);
#12221=DIRECTION('',(0.000000,0.923880,-0.382684));
#12222=VECTOR('',#12221,4.000000);
#12223=LINE('',#10765,#12222);
#12224=EDGE_CURVE('',#10766,#10762,#12223,.T.);
#12225=ORIENTED_EDGE('',*,*,#12224,.T.);
#12226=DIRECTION('',(0.000000,0.195090,0.980785));
#12227=VECTOR('',#12226,1.560723);
#12228=LINE('',#10761,#12227);
#12229=EDGE_CURVE('',#10762,#10732,#12228,.T.);
#12230=ORIENTED_EDGE('',*,*,#12229,.T.);
#12231=DIRECTION('',(0.000000,-1.000000,0.000000));
#12232=VECTOR('',#12231,4.000000);
#12233=LINE('',#10731,#12232);
#12234=EDGE_CURVE('',#10732,#10766,#12233,.T.);
#12235=ORIENTED_EDGE('',*,*,#12234,.T.);
#12236=EDGE_LOOP('',(#12225,#12230,#12235));
#12237=FACE_OUTER_BOUND('',#12236,.T.);
#12238=ADVANCED_FACE('',(#12237),#12220,.T.);
#12239=CLOSED_SHELL('',(#10789,#10812,#10835,#10858,#10881,#10904,#10927,#10950,#10973,#10996,#11019,#11042,#11065,#11088,#11111,#11134,#11157,#11180,#11203,#11226,#11249,#11272,#11295,#11318,#11341,#11364,#11387,#11410,#11433,#11456,#11479,#11502,#11525,#11548,#11571,#11594,#11617,#11640,#11663,#11686,#11709,#11732,#11755,#11778,#11801,#11824,#11847,#11870,#11893,#11916,#11939,#11962,#11985,#12008,#12031,#12054,#12077,#12100,#12123,#12146,#12169,#12192,#12215,#12238));
#12240=FACETED_BREP('vertical_lock',#12239);
#12241=CARTESIAN_POINT('',(62.000000,-10.000000,14.000000));
#12242=VERTEX_POINT('',#12241);
#12243=CARTESIAN_POINT('',(62.000000,-7.000000,14.000000));
#12244=VERTEX_POINT('',#12243);
#12245=CARTESIAN_POINT('',(62.000000,-7.000000,94.000000));
#12246=VERTEX_POINT('',#12245);
#12247=CARTESIAN_POINT('',(62.000000,-10.000000,94.000000));
#12248=VERTEX_POINT('',#12247);
#12249=CARTESIAN_POINT('',(66.000000,-10.000000,14.000000));
#12250=VERTEX_POINT('',#12249);
#12251=CARTESIAN_POINT('',(66.000000,-7.000000,14.000000));
#12252=VERTEX_POINT('',#12251);
#12253=CARTESIAN_POINT('',(66.000000,-7.000000,94.000000));
#12254=VERTEX_POINT('',#12253);
#12255=CARTESIAN_POINT('',(66.000000,-10.000000,94.000000));
#12256=VERTEX_POINT('',#12255);
#12257=CARTESIAN_POINT('',(62.000000,-10.000000,94.000000));
#12258=DIRECTION('',(-1.000000,0.000000,0.000000));
#12259=DIRECTION('',(0.000000,1.000000,0.000000));
#12260=AXIS2_PLACEMENT_3D('',#12257,#12258,#12259);
#12261=PLANE('',#12260);
#12262=DIRECTION('',(0.000000,1.000000,0.000000));
#12263=VECTOR('',#12262,3.000000);
#12264=LINE('',#12247,#12263);
#12265=EDGE_CURVE('',#12248,#12246,#12264,.T.);
#12266=ORIENTED_EDGE('',*,*,#12265,.T.);
#12267=DIRECTION('',(0.000000,0.000000,-1.000000));
#12268=VECTOR('',#12267,80.000000);
#12269=LINE('',#12245,#12268);
#12270=EDGE_CURVE('',#12246,#12244,#12269,.T.);
#12271=ORIENTED_EDGE('',*,*,#12270,.T.);
#12272=DIRECTION('',(0.000000,-0.037474,0.999298));
#12273=VECTOR('',#12272,80.056230);
#12274=LINE('',#12243,#12273);
#12275=EDGE_CURVE('',#12244,#12248,#12274,.T.);
#12276=ORIENTED_EDGE('',*,*,#12275,.T.);
#12277=EDGE_LOOP('',(#12266,#12271,#12276));
#12278=FACE_OUTER_BOUND('',#12277,.T.);
#12279=ADVANCED_FACE('',(#12278),#12261,.T.);
#12280=CARTESIAN_POINT('',(62.000000,-10.000000,94.000000));
#12281=DIRECTION('',(-1.000000,0.000000,0.000000));
#12282=DIRECTION('',(0.000000,1.000000,0.000000));
#12283=AXIS2_PLACEMENT_3D('',#12280,#12281,#12282);
#12284=PLANE('',#12283);
#12285=DIRECTION('',(0.000000,0.037474,-0.999298));
#12286=VECTOR('',#12285,80.056230);
#12287=LINE('',#12247,#12286);
#12288=EDGE_CURVE('',#12248,#12244,#12287,.T.);
#12289=ORIENTED_EDGE('',*,*,#12288,.T.);
#12290=DIRECTION('',(0.000000,-1.000000,0.000000));
#12291=VECTOR('',#12290,3.000000);
#12292=LINE('',#12243,#12291);
#12293=EDGE_CURVE('',#12244,#12242,#12292,.T.);
#12294=ORIENTED_EDGE('',*,*,#12293,.T.);
#12295=DIRECTION('',(0.000000,0.000000,1.000000));
#12296=VECTOR('',#12295,80.000000);
#12297=LINE('',#12241,#12296);
#12298=EDGE_CURVE('',#12242,#12248,#12297,.T.);
#12299=ORIENTED_EDGE('',*,*,#12298,.T.);
#12300=EDGE_LOOP('',(#12289,#12294,#12299));
#12301=FACE_OUTER_BOUND('',#12300,.T.);
#12302=ADVANCED_FACE('',(#12301),#12284,.T.);
#12303=CARTESIAN_POINT('',(66.000000,-10.000000,14.000000));
#12304=DIRECTION('',(1.000000,0.000000,0.000000));
#12305=DIRECTION('',(0.000000,1.000000,0.000000));
#12306=AXIS2_PLACEMENT_3D('',#12303,#12304,#12305);
#12307=PLANE('',#12306);
#12308=DIRECTION('',(0.000000,1.000000,0.000000));
#12309=VECTOR('',#12308,3.000000);
#12310=LINE('',#12249,#12309);
#12311=EDGE_CURVE('',#12250,#12252,#12310,.T.);
#12312=ORIENTED_EDGE('',*,*,#12311,.T.);
#12313=DIRECTION('',(0.000000,0.000000,1.000000));
#12314=VECTOR('',#12313,80.000000);
#12315=LINE('',#12251,#12314);
#12316=EDGE_CURVE('',#12252,#12254,#12315,.T.);
#12317=ORIENTED_EDGE('',*,*,#12316,.T.);
#12318=DIRECTION('',(0.000000,-0.037474,-0.999298));
#12319=VECTOR('',#12318,80.056230);
#12320=LINE('',#12253,#12319);
#12321=EDGE_CURVE('',#12254,#12250,#12320,.T.);
#12322=ORIENTED_EDGE('',*,*,#12321,.T.);
#12323=EDGE_LOOP('',(#12312,#12317,#12322));
#12324=FACE_OUTER_BOUND('',#12323,.T.);
#12325=ADVANCED_FACE('',(#12324),#12307,.T.);
#12326=CARTESIAN_POINT('',(66.000000,-10.000000,14.000000));
#12327=DIRECTION('',(1.000000,0.000000,0.000000));
#12328=DIRECTION('',(0.000000,1.000000,0.000000));
#12329=AXIS2_PLACEMENT_3D('',#12326,#12327,#12328);
#12330=PLANE('',#12329);
#12331=DIRECTION('',(0.000000,0.037474,0.999298));
#12332=VECTOR('',#12331,80.056230);
#12333=LINE('',#12249,#12332);
#12334=EDGE_CURVE('',#12250,#12254,#12333,.T.);
#12335=ORIENTED_EDGE('',*,*,#12334,.T.);
#12336=DIRECTION('',(0.000000,-1.000000,0.000000));
#12337=VECTOR('',#12336,3.000000);
#12338=LINE('',#12253,#12337);
#12339=EDGE_CURVE('',#12254,#12256,#12338,.T.);
#12340=ORIENTED_EDGE('',*,*,#12339,.T.);
#12341=DIRECTION('',(0.000000,0.000000,-1.000000));
#12342=VECTOR('',#12341,80.000000);
#12343=LINE('',#12255,#12342);
#12344=EDGE_CURVE('',#12256,#12250,#12343,.T.);
#12345=ORIENTED_EDGE('',*,*,#12344,.T.);
#12346=EDGE_LOOP('',(#12335,#12340,#12345));
#12347=FACE_OUTER_BOUND('',#12346,.T.);
#12348=ADVANCED_FACE('',(#12347),#12330,.T.);
#12349=CARTESIAN_POINT('',(66.000000,-10.000000,14.000000));
#12350=DIRECTION('',(0.000000,-1.000000,0.000000));
#12351=DIRECTION('',(1.000000,0.000000,0.000000));
#12352=AXIS2_PLACEMENT_3D('',#12349,#12350,#12351);
#12353=PLANE('',#12352);
#12354=DIRECTION('',(0.000000,0.000000,1.000000));
#12355=VECTOR('',#12354,80.000000);
#12356=LINE('',#12249,#12355);
#12357=EDGE_CURVE('',#12250,#12256,#12356,.T.);
#12358=ORIENTED_EDGE('',*,*,#12357,.T.);
#12359=DIRECTION('',(-1.000000,0.000000,0.000000));
#12360=VECTOR('',#12359,4.000000);
#12361=LINE('',#12255,#12360);
#12362=EDGE_CURVE('',#12256,#12248,#12361,.T.);
#12363=ORIENTED_EDGE('',*,*,#12362,.T.);
#12364=DIRECTION('',(0.049938,0.000000,-0.998752));
#12365=VECTOR('',#12364,80.099938);
#12366=LINE('',#12247,#12365);
#12367=EDGE_CURVE('',#12248,#12250,#12366,.T.);
#12368=ORIENTED_EDGE('',*,*,#12367,.T.);
#12369=EDGE_LOOP('',(#12358,#12363,#12368));
#12370=FACE_OUTER_BOUND('',#12369,.T.);
#12371=ADVANCED_FACE('',(#12370),#12353,.T.);
#12372=CARTESIAN_POINT('',(66.000000,-10.000000,14.000000));
#12373=DIRECTION('',(0.000000,-1.000000,0.000000));
#12374=DIRECTION('',(1.000000,0.000000,0.000000));
#12375=AXIS2_PLACEMENT_3D('',#12372,#12373,#12374);
#12376=PLANE('',#12375);
#12377=DIRECTION('',(-0.049938,0.000000,0.998752));
#12378=VECTOR('',#12377,80.099938);
#12379=LINE('',#12249,#12378);
#12380=EDGE_CURVE('',#12250,#12248,#12379,.T.);
#12381=ORIENTED_EDGE('',*,*,#12380,.T.);
#12382=DIRECTION('',(0.000000,0.000000,-1.000000));
#12383=VECTOR('',#12382,80.000000);
#12384=LINE('',#12247,#12383);
#12385=EDGE_CURVE('',#12248,#12242,#12384,.T.);
#12386=ORIENTED_EDGE('',*,*,#12385,.T.);
#12387=DIRECTION('',(1.000000,0.000000,0.000000));
#12388=VECTOR('',#12387,4.000000);
#12389=LINE('',#12241,#12388);
#12390=EDGE_CURVE('',#12242,#12250,#12389,.T.);
#12391=ORIENTED_EDGE('',*,*,#12390,.T.);
#12392=EDGE_LOOP('',(#12381,#12386,#12391));
#12393=FACE_OUTER_BOUND('',#12392,.T.);
#12394=ADVANCED_FACE('',(#12393),#12376,.T.);
#12395=CARTESIAN_POINT('',(62.000000,-7.000000,14.000000));
#12396=DIRECTION('',(0.000000,1.000000,0.000000));
#12397=DIRECTION('',(1.000000,0.000000,0.000000));
#12398=AXIS2_PLACEMENT_3D('',#12395,#12396,#12397);
#12399=PLANE('',#12398);
#12400=DIRECTION('',(0.000000,0.000000,1.000000));
#12401=VECTOR('',#12400,80.000000);
#12402=LINE('',#12243,#12401);
#12403=EDGE_CURVE('',#12244,#12246,#12402,.T.);
#12404=ORIENTED_EDGE('',*,*,#12403,.T.);
#12405=DIRECTION('',(1.000000,0.000000,0.000000));
#12406=VECTOR('',#12405,4.000000);
#12407=LINE('',#12245,#12406);
#12408=EDGE_CURVE('',#12246,#12254,#12407,.T.);
#12409=ORIENTED_EDGE('',*,*,#12408,.T.);
#12410=DIRECTION('',(-0.049938,0.000000,-0.998752));
#12411=VECTOR('',#12410,80.099938);
#12412=LINE('',#12253,#12411);
#12413=EDGE_CURVE('',#12254,#12244,#12412,.T.);
#12414=ORIENTED_EDGE('',*,*,#12413,.T.);
#12415=EDGE_LOOP('',(#12404,#12409,#12414));
#12416=FACE_OUTER_BOUND('',#12415,.T.);
#12417=ADVANCED_FACE('',(#12416),#12399,.T.);
#12418=CARTESIAN_POINT('',(62.000000,-7.000000,14.000000));
#12419=DIRECTION('',(0.000000,1.000000,0.000000));
#12420=DIRECTION('',(1.000000,0.000000,0.000000));
#12421=AXIS2_PLACEMENT_3D('',#12418,#12419,#12420);
#12422=PLANE('',#12421);
#12423=DIRECTION('',(0.049938,0.000000,0.998752));
#12424=VECTOR('',#12423,80.099938);
#12425=LINE('',#12243,#12424);
#12426=EDGE_CURVE('',#12244,#12254,#12425,.T.);
#12427=ORIENTED_EDGE('',*,*,#12426,.T.);
#12428=DIRECTION('',(0.000000,0.000000,-1.000000));
#12429=VECTOR('',#12428,80.000000);
#12430=LINE('',#12253,#12429);
#12431=EDGE_CURVE('',#12254,#12252,#12430,.T.);
#12432=ORIENTED_EDGE('',*,*,#12431,.T.);
#12433=DIRECTION('',(-1.000000,0.000000,0.000000));
#12434=VECTOR('',#12433,4.000000);
#12435=LINE('',#12251,#12434);
#12436=EDGE_CURVE('',#12252,#12244,#12435,.T.);
#12437=ORIENTED_EDGE('',*,*,#12436,.T.);
#12438=EDGE_LOOP('',(#12427,#12432,#12437));
#12439=FACE_OUTER_BOUND('',#12438,.T.);
#12440=ADVANCED_FACE('',(#12439),#12422,.T.);
#12441=CARTESIAN_POINT('',(62.000000,-7.000000,14.000000));
#12442=DIRECTION('',(0.000000,0.000000,-1.000000));
#12443=DIRECTION('',(1.000000,0.000000,0.000000));
#12444=AXIS2_PLACEMENT_3D('',#12441,#12442,#12443);
#12445=PLANE('',#12444);
#12446=DIRECTION('',(1.000000,0.000000,0.000000));
#12447=VECTOR('',#12446,4.000000);
#12448=LINE('',#12243,#12447);
#12449=EDGE_CURVE('',#12244,#12252,#12448,.T.);
#12450=ORIENTED_EDGE('',*,*,#12449,.T.);
#12451=DIRECTION('',(0.000000,-1.000000,0.000000));
#12452=VECTOR('',#12451,3.000000);
#12453=LINE('',#12251,#12452);
#12454=EDGE_CURVE('',#12252,#12250,#12453,.T.);
#12455=ORIENTED_EDGE('',*,*,#12454,.T.);
#12456=DIRECTION('',(-0.800000,0.600000,0.000000));
#12457=VECTOR('',#12456,5.000000);
#12458=LINE('',#12249,#12457);
#12459=EDGE_CURVE('',#12250,#12244,#12458,.T.);
#12460=ORIENTED_EDGE('',*,*,#12459,.T.);
#12461=EDGE_LOOP('',(#12450,#12455,#12460));
#12462=FACE_OUTER_BOUND('',#12461,.T.);
#12463=ADVANCED_FACE('',(#12462),#12445,.T.);
#12464=CARTESIAN_POINT('',(62.000000,-7.000000,14.000000));
#12465=DIRECTION('',(0.000000,0.000000,-1.000000));
#12466=DIRECTION('',(1.000000,0.000000,0.000000));
#12467=AXIS2_PLACEMENT_3D('',#12464,#12465,#12466);
#12468=PLANE('',#12467);
#12469=DIRECTION('',(0.800000,-0.600000,0.000000));
#12470=VECTOR('',#12469,5.000000);
#12471=LINE('',#12243,#12470);
#12472=EDGE_CURVE('',#12244,#12250,#12471,.T.);
#12473=ORIENTED_EDGE('',*,*,#12472,.T.);
#12474=DIRECTION('',(-1.000000,0.000000,0.000000));
#12475=VECTOR('',#12474,4.000000);
#12476=LINE('',#12249,#12475);
#12477=EDGE_CURVE('',#12250,#12242,#12476,.T.);
#12478=ORIENTED_EDGE('',*,*,#12477,.T.);
#12479=DIRECTION('',(0.000000,1.000000,0.000000));
#12480=VECTOR('',#12479,3.000000);
#12481=LINE('',#12241,#12480);
#12482=EDGE_CURVE('',#12242,#12244,#12481,.T.);
#12483=ORIENTED_EDGE('',*,*,#12482,.T.);
#12484=EDGE_LOOP('',(#12473,#12478,#12483));
#12485=FACE_OUTER_BOUND('',#12484,.T.);
#12486=ADVANCED_FACE('',(#12485),#12468,.T.);
#12487=CARTESIAN_POINT('',(62.000000,-10.000000,94.000000));
#12488=DIRECTION('',(0.000000,0.000000,1.000000));
#12489=DIRECTION('',(1.000000,0.000000,0.000000));
#12490=AXIS2_PLACEMENT_3D('',#12487,#12488,#12489);
#12491=PLANE('',#12490);
#12492=DIRECTION('',(1.000000,0.000000,0.000000));
#12493=VECTOR('',#12492,4.000000);
#12494=LINE('',#12247,#12493);
#12495=EDGE_CURVE('',#12248,#12256,#12494,.T.);
#12496=ORIENTED_EDGE('',*,*,#12495,.T.);
#12497=DIRECTION('',(0.000000,1.000000,0.000000));
#12498=VECTOR('',#12497,3.000000);
#12499=LINE('',#12255,#12498);
#12500=EDGE_CURVE('',#12256,#12254,#12499,.T.);
#12501=ORIENTED_EDGE('',*,*,#12500,.T.);
#12502=DIRECTION('',(-0.800000,-0.600000,0.000000));
#12503=VECTOR('',#12502,5.000000);
#12504=LINE('',#12253,#12503);
#12505=EDGE_CURVE('',#12254,#12248,#12504,.T.);
#12506=ORIENTED_EDGE('',*,*,#12505,.T.);
#12507=EDGE_LOOP('',(#12496,#12501,#12506));
#12508=FACE_OUTER_BOUND('',#12507,.T.);
#12509=ADVANCED_FACE('',(#12508),#12491,.T.);
#12510=CARTESIAN_POINT('',(62.000000,-10.000000,94.000000));
#12511=DIRECTION('',(0.000000,0.000000,1.000000));
#12512=DIRECTION('',(1.000000,0.000000,0.000000));
#12513=AXIS2_PLACEMENT_3D('',#12510,#12511,#12512);
#12514=PLANE('',#12513);
#12515=DIRECTION('',(0.800000,0.600000,0.000000));
#12516=VECTOR('',#12515,5.000000);
#12517=LINE('',#12247,#12516);
#12518=EDGE_CURVE('',#12248,#12254,#12517,.T.);
#12519=ORIENTED_EDGE('',*,*,#12518,.T.);
#12520=DIRECTION('',(-1.000000,0.000000,0.000000));
#12521=VECTOR('',#12520,4.000000);
#12522=LINE('',#12253,#12521);
#12523=EDGE_CURVE('',#12254,#12246,#12522,.T.);
#12524=ORIENTED_EDGE('',*,*,#12523,.T.);
#12525=DIRECTION('',(0.000000,-1.000000,0.000000));
#12526=VECTOR('',#12525,3.000000);
#12527=LINE('',#12245,#12526);
#12528=EDGE_CURVE('',#12246,#12248,#12527,.T.);
#12529=ORIENTED_EDGE('',*,*,#12528,.T.);
#12530=EDGE_LOOP('',(#12519,#12524,#12529));
#12531=FACE_OUTER_BOUND('',#12530,.T.);
#12532=ADVANCED_FACE('',(#12531),#12514,.T.);
#12533=CLOSED_SHELL('',(#12279,#12302,#12325,#12348,#12371,#12394,#12417,#12440,#12463,#12486,#12509,#12532));
#12534=FACETED_BREP('vertical_retainer',#12533);
#12535=CARTESIAN_POINT('',(13.500000,-6.500000,19.500000));
#12536=VERTEX_POINT('',#12535);
#12537=CARTESIAN_POINT('',(13.500000,6.500000,19.500000));
#12538=VERTEX_POINT('',#12537);
#12539=CARTESIAN_POINT('',(13.500000,6.500000,27.000000));
#12540=VERTEX_POINT('',#12539);
#12541=CARTESIAN_POINT('',(13.500000,-6.500000,27.000000));
#12542=VERTEX_POINT('',#12541);
#12543=CARTESIAN_POINT('',(26.500000,-6.500000,19.500000));
#12544=VERTEX_POINT('',#12543);
#12545=CARTESIAN_POINT('',(26.500000,6.500000,19.500000));
#12546=VERTEX_POINT('',#12545);
#12547=CARTESIAN_POINT('',(26.500000,6.500000,27.000000));
#12548=VERTEX_POINT('',#12547);
#12549=CARTESIAN_POINT('',(26.500000,-6.500000,27.000000));
#12550=VERTEX_POINT('',#12549);
#12551=CARTESIAN_POINT('',(13.500000,-6.500000,27.000000));
#12552=DIRECTION('',(-1.000000,0.000000,0.000000));
#12553=DIRECTION('',(0.000000,1.000000,0.000000));
#12554=AXIS2_PLACEMENT_3D('',#12551,#12552,#12553);
#12555=PLANE('',#12554);
#12556=DIRECTION('',(0.000000,1.000000,0.000000));
#12557=VECTOR('',#12556,13.000000);
#12558=LINE('',#12541,#12557);
#12559=EDGE_CURVE('',#12542,#12540,#12558,.T.);
#12560=ORIENTED_EDGE('',*,*,#12559,.T.);
#12561=DIRECTION('',(0.000000,0.000000,-1.000000));
#12562=VECTOR('',#12561,7.500000);
#12563=LINE('',#12539,#12562);
#12564=EDGE_CURVE('',#12540,#12538,#12563,.T.);
#12565=ORIENTED_EDGE('',*,*,#12564,.T.);
#12566=DIRECTION('',(0.000000,-0.866186,0.499722));
#12567=VECTOR('',#12566,15.008331);
#12568=LINE('',#12537,#12567);
#12569=EDGE_CURVE('',#12538,#12542,#12568,.T.);
#12570=ORIENTED_EDGE('',*,*,#12569,.T.);
#12571=EDGE_LOOP('',(#12560,#12565,#12570));
#12572=FACE_OUTER_BOUND('',#12571,.T.);
#12573=ADVANCED_FACE('',(#12572),#12555,.T.);
#12574=CARTESIAN_POINT('',(13.500000,-6.500000,27.000000));
#12575=DIRECTION('',(-1.000000,0.000000,0.000000));
#12576=DIRECTION('',(0.000000,1.000000,0.000000));
#12577=AXIS2_PLACEMENT_3D('',#12574,#12575,#12576);
#12578=PLANE('',#12577);
#12579=DIRECTION('',(0.000000,0.866186,-0.499722));
#12580=VECTOR('',#12579,15.008331);
#12581=LINE('',#12541,#12580);
#12582=EDGE_CURVE('',#12542,#12538,#12581,.T.);
#12583=ORIENTED_EDGE('',*,*,#12582,.T.);
#12584=DIRECTION('',(0.000000,-1.000000,0.000000));
#12585=VECTOR('',#12584,13.000000);
#12586=LINE('',#12537,#12585);
#12587=EDGE_CURVE('',#12538,#12536,#12586,.T.);
#12588=ORIENTED_EDGE('',*,*,#12587,.T.);
#12589=DIRECTION('',(0.000000,0.000000,1.000000));
#12590=VECTOR('',#12589,7.500000);
#12591=LINE('',#12535,#12590);
#12592=EDGE_CURVE('',#12536,#12542,#12591,.T.);
#12593=ORIENTED_EDGE('',*,*,#12592,.T.);
#12594=EDGE_LOOP('',(#12583,#12588,#12593));
#12595=FACE_OUTER_BOUND('',#12594,.T.);
#12596=ADVANCED_FACE('',(#12595),#12578,.T.);
#12597=CARTESIAN_POINT('',(26.500000,-6.500000,19.500000));
#12598=DIRECTION('',(1.000000,0.000000,0.000000));
#12599=DIRECTION('',(0.000000,1.000000,0.000000));
#12600=AXIS2_PLACEMENT_3D('',#12597,#12598,#12599);
#12601=PLANE('',#12600);
#12602=DIRECTION('',(0.000000,1.000000,0.000000));
#12603=VECTOR('',#12602,13.000000);
#12604=LINE('',#12543,#12603);
#12605=EDGE_CURVE('',#12544,#12546,#12604,.T.);
#12606=ORIENTED_EDGE('',*,*,#12605,.T.);
#12607=DIRECTION('',(0.000000,0.000000,1.000000));
#12608=VECTOR('',#12607,7.500000);
#12609=LINE('',#12545,#12608);
#12610=EDGE_CURVE('',#12546,#12548,#12609,.T.);
#12611=ORIENTED_EDGE('',*,*,#12610,.T.);
#12612=DIRECTION('',(0.000000,-0.866186,-0.499722));
#12613=VECTOR('',#12612,15.008331);
#12614=LINE('',#12547,#12613);
#12615=EDGE_CURVE('',#12548,#12544,#12614,.T.);
#12616=ORIENTED_EDGE('',*,*,#12615,.T.);
#12617=EDGE_LOOP('',(#12606,#12611,#12616));
#12618=FACE_OUTER_BOUND('',#12617,.T.);
#12619=ADVANCED_FACE('',(#12618),#12601,.T.);
#12620=CARTESIAN_POINT('',(26.500000,-6.500000,19.500000));
#12621=DIRECTION('',(1.000000,0.000000,0.000000));
#12622=DIRECTION('',(0.000000,1.000000,0.000000));
#12623=AXIS2_PLACEMENT_3D('',#12620,#12621,#12622);
#12624=PLANE('',#12623);
#12625=DIRECTION('',(0.000000,0.866186,0.499722));
#12626=VECTOR('',#12625,15.008331);
#12627=LINE('',#12543,#12626);
#12628=EDGE_CURVE('',#12544,#12548,#12627,.T.);
#12629=ORIENTED_EDGE('',*,*,#12628,.T.);
#12630=DIRECTION('',(0.000000,-1.000000,0.000000));
#12631=VECTOR('',#12630,13.000000);
#12632=LINE('',#12547,#12631);
#12633=EDGE_CURVE('',#12548,#12550,#12632,.T.);
#12634=ORIENTED_EDGE('',*,*,#12633,.T.);
#12635=DIRECTION('',(0.000000,0.000000,-1.000000));
#12636=VECTOR('',#12635,7.500000);
#12637=LINE('',#12549,#12636);
#12638=EDGE_CURVE('',#12550,#12544,#12637,.T.);
#12639=ORIENTED_EDGE('',*,*,#12638,.T.);
#12640=EDGE_LOOP('',(#12629,#12634,#12639));
#12641=FACE_OUTER_BOUND('',#12640,.T.);
#12642=ADVANCED_FACE('',(#12641),#12624,.T.);
#12643=CARTESIAN_POINT('',(26.500000,-6.500000,19.500000));
#12644=DIRECTION('',(0.000000,-1.000000,0.000000));
#12645=DIRECTION('',(1.000000,0.000000,0.000000));
#12646=AXIS2_PLACEMENT_3D('',#12643,#12644,#12645);
#12647=PLANE('',#12646);
#12648=DIRECTION('',(0.000000,0.000000,1.000000));
#12649=VECTOR('',#12648,7.500000);
#12650=LINE('',#12543,#12649);
#12651=EDGE_CURVE('',#12544,#12550,#12650,.T.);
#12652=ORIENTED_EDGE('',*,*,#12651,.T.);
#12653=DIRECTION('',(-1.000000,0.000000,0.000000));
#12654=VECTOR('',#12653,13.000000);
#12655=LINE('',#12549,#12654);
#12656=EDGE_CURVE('',#12550,#12542,#12655,.T.);
#12657=ORIENTED_EDGE('',*,*,#12656,.T.);
#12658=DIRECTION('',(0.866186,0.000000,-0.499722));
#12659=VECTOR('',#12658,15.008331);
#12660=LINE('',#12541,#12659);
#12661=EDGE_CURVE('',#12542,#12544,#12660,.T.);
#12662=ORIENTED_EDGE('',*,*,#12661,.T.);
#12663=EDGE_LOOP('',(#12652,#12657,#12662));
#12664=FACE_OUTER_BOUND('',#12663,.T.);
#12665=ADVANCED_FACE('',(#12664),#12647,.T.);
#12666=CARTESIAN_POINT('',(26.500000,-6.500000,19.500000));
#12667=DIRECTION('',(0.000000,-1.000000,0.000000));
#12668=DIRECTION('',(1.000000,0.000000,0.000000));
#12669=AXIS2_PLACEMENT_3D('',#12666,#12667,#12668);
#12670=PLANE('',#12669);
#12671=DIRECTION('',(-0.866186,0.000000,0.499722));
#12672=VECTOR('',#12671,15.008331);
#12673=LINE('',#12543,#12672);
#12674=EDGE_CURVE('',#12544,#12542,#12673,.T.);
#12675=ORIENTED_EDGE('',*,*,#12674,.T.);
#12676=DIRECTION('',(0.000000,0.000000,-1.000000));
#12677=VECTOR('',#12676,7.500000);
#12678=LINE('',#12541,#12677);
#12679=EDGE_CURVE('',#12542,#12536,#12678,.T.);
#12680=ORIENTED_EDGE('',*,*,#12679,.T.);
#12681=DIRECTION('',(1.000000,0.000000,0.000000));
#12682=VECTOR('',#12681,13.000000);
#12683=LINE('',#12535,#12682);
#12684=EDGE_CURVE('',#12536,#12544,#12683,.T.);
#12685=ORIENTED_EDGE('',*,*,#12684,.T.);
#12686=EDGE_LOOP('',(#12675,#12680,#12685));
#12687=FACE_OUTER_BOUND('',#12686,.T.);
#12688=ADVANCED_FACE('',(#12687),#12670,.T.);
#12689=CARTESIAN_POINT('',(13.500000,6.500000,19.500000));
#12690=DIRECTION('',(0.000000,1.000000,0.000000));
#12691=DIRECTION('',(1.000000,0.000000,0.000000));
#12692=AXIS2_PLACEMENT_3D('',#12689,#12690,#12691);
#12693=PLANE('',#12692);
#12694=DIRECTION('',(0.000000,0.000000,1.000000));
#12695=VECTOR('',#12694,7.500000);
#12696=LINE('',#12537,#12695);
#12697=EDGE_CURVE('',#12538,#12540,#12696,.T.);
#12698=ORIENTED_EDGE('',*,*,#12697,.T.);
#12699=DIRECTION('',(1.000000,0.000000,0.000000));
#12700=VECTOR('',#12699,13.000000);
#12701=LINE('',#12539,#12700);
#12702=EDGE_CURVE('',#12540,#12548,#12701,.T.);
#12703=ORIENTED_EDGE('',*,*,#12702,.T.);
#12704=DIRECTION('',(-0.866186,0.000000,-0.499722));
#12705=VECTOR('',#12704,15.008331);
#12706=LINE('',#12547,#12705);
#12707=EDGE_CURVE('',#12548,#12538,#12706,.T.);
#12708=ORIENTED_EDGE('',*,*,#12707,.T.);
#12709=EDGE_LOOP('',(#12698,#12703,#12708));
#12710=FACE_OUTER_BOUND('',#12709,.T.);
#12711=ADVANCED_FACE('',(#12710),#12693,.T.);
#12712=CARTESIAN_POINT('',(13.500000,6.500000,19.500000));
#12713=DIRECTION('',(0.000000,1.000000,0.000000));
#12714=DIRECTION('',(1.000000,0.000000,0.000000));
#12715=AXIS2_PLACEMENT_3D('',#12712,#12713,#12714);
#12716=PLANE('',#12715);
#12717=DIRECTION('',(0.866186,0.000000,0.499722));
#12718=VECTOR('',#12717,15.008331);
#12719=LINE('',#12537,#12718);
#12720=EDGE_CURVE('',#12538,#12548,#12719,.T.);
#12721=ORIENTED_EDGE('',*,*,#12720,.T.);
#12722=DIRECTION('',(0.000000,0.000000,-1.000000));
#12723=VECTOR('',#12722,7.500000);
#12724=LINE('',#12547,#12723);
#12725=EDGE_CURVE('',#12548,#12546,#12724,.T.);
#12726=ORIENTED_EDGE('',*,*,#12725,.T.);
#12727=DIRECTION('',(-1.000000,0.000000,0.000000));
#12728=VECTOR('',#12727,13.000000);
#12729=LINE('',#12545,#12728);
#12730=EDGE_CURVE('',#12546,#12538,#12729,.T.);
#12731=ORIENTED_EDGE('',*,*,#12730,.T.);
#12732=EDGE_LOOP('',(#12721,#12726,#12731));
#12733=FACE_OUTER_BOUND('',#12732,.T.);
#12734=ADVANCED_FACE('',(#12733),#12716,.T.);
#12735=CARTESIAN_POINT('',(13.500000,6.500000,19.500000));
#12736=DIRECTION('',(0.000000,0.000000,-1.000000));
#12737=DIRECTION('',(1.000000,0.000000,0.000000));
#12738=AXIS2_PLACEMENT_3D('',#12735,#12736,#12737);
#12739=PLANE('',#12738);
#12740=DIRECTION('',(1.000000,0.000000,0.000000));
#12741=VECTOR('',#12740,13.000000);
#12742=LINE('',#12537,#12741);
#12743=EDGE_CURVE('',#12538,#12546,#12742,.T.);
#12744=ORIENTED_EDGE('',*,*,#12743,.T.);
#12745=DIRECTION('',(0.000000,-1.000000,0.000000));
#12746=VECTOR('',#12745,13.000000);
#12747=LINE('',#12545,#12746);
#12748=EDGE_CURVE('',#12546,#12544,#12747,.T.);
#12749=ORIENTED_EDGE('',*,*,#12748,.T.);
#12750=DIRECTION('',(-0.707107,0.707107,0.000000));
#12751=VECTOR('',#12750,18.384776);
#12752=LINE('',#12543,#12751);
#12753=EDGE_CURVE('',#12544,#12538,#12752,.T.);
#12754=ORIENTED_EDGE('',*,*,#12753,.T.);
#12755=EDGE_LOOP('',(#12744,#12749,#12754));
#12756=FACE_OUTER_BOUND('',#12755,.T.);
#12757=ADVANCED_FACE('',(#12756),#12739,.T.);
#12758=CARTESIAN_POINT('',(13.500000,6.500000,19.500000));
#12759=DIRECTION('',(0.000000,0.000000,-1.000000));
#12760=DIRECTION('',(1.000000,0.000000,0.000000));
#12761=AXIS2_PLACEMENT_3D('',#12758,#12759,#12760);
#12762=PLANE('',#12761);
#12763=DIRECTION('',(0.707107,-0.707107,0.000000));
#12764=VECTOR('',#12763,18.384776);
#12765=LINE('',#12537,#12764);
#12766=EDGE_CURVE('',#12538,#12544,#12765,.T.);
#12767=ORIENTED_EDGE('',*,*,#12766,.T.);
#12768=DIRECTION('',(-1.000000,0.000000,0.000000));
#12769=VECTOR('',#12768,13.000000);
#12770=LINE('',#12543,#12769);
#12771=EDGE_CURVE('',#12544,#12536,#12770,.T.);
#12772=ORIENTED_EDGE('',*,*,#12771,.T.);
#12773=DIRECTION('',(0.000000,1.000000,0.000000));
#12774=VECTOR('',#12773,13.000000);
#12775=LINE('',#12535,#12774);
#12776=EDGE_CURVE('',#12536,#12538,#12775,.T.);
#12777=ORIENTED_EDGE('',*,*,#12776,.T.);
#12778=EDGE_LOOP('',(#12767,#12772,#12777));
#12779=FACE_OUTER_BOUND('',#12778,.T.);
#12780=ADVANCED_FACE('',(#12779),#12762,.T.);
#12781=CARTESIAN_POINT('',(13.500000,-6.500000,27.000000));
#12782=DIRECTION('',(0.000000,0.000000,1.000000));
#12783=DIRECTION('',(1.000000,0.000000,0.000000));
#12784=AXIS2_PLACEMENT_3D('',#12781,#12782,#12783);
#12785=PLANE('',#12784);
#12786=DIRECTION('',(1.000000,0.000000,0.000000));
#12787=VECTOR('',#12786,13.000000);
#12788=LINE('',#12541,#12787);
#12789=EDGE_CURVE('',#12542,#12550,#12788,.T.);
#12790=ORIENTED_EDGE('',*,*,#12789,.T.);
#12791=DIRECTION('',(0.000000,1.000000,0.000000));
#12792=VECTOR('',#12791,13.000000);
#12793=LINE('',#12549,#12792);
#12794=EDGE_CURVE('',#12550,#12548,#12793,.T.);
#12795=ORIENTED_EDGE('',*,*,#12794,.T.);
#12796=DIRECTION('',(-0.707107,-0.707107,0.000000));
#12797=VECTOR('',#12796,18.384776);
#12798=LINE('',#12547,#12797);
#12799=EDGE_CURVE('',#12548,#12542,#12798,.T.);
#12800=ORIENTED_EDGE('',*,*,#12799,.T.);
#12801=EDGE_LOOP('',(#12790,#12795,#12800));
#12802=FACE_OUTER_BOUND('',#12801,.T.);
#12803=ADVANCED_FACE('',(#12802),#12785,.T.);
#12804=CARTESIAN_POINT('',(13.500000,-6.500000,27.000000));
#12805=DIRECTION('',(0.000000,0.000000,1.000000));
#12806=DIRECTION('',(1.000000,0.000000,0.000000));
#12807=AXIS2_PLACEMENT_3D('',#12804,#12805,#12806);
#12808=PLANE('',#12807);
#12809=DIRECTION('',(0.707107,0.707107,0.000000));
#12810=VECTOR('',#12809,18.384776);
#12811=LINE('',#12541,#12810);
#12812=EDGE_CURVE('',#12542,#12548,#12811,.T.);
#12813=ORIENTED_EDGE('',*,*,#12812,.T.);
#12814=DIRECTION('',(-1.000000,0.000000,0.000000));
#12815=VECTOR('',#12814,13.000000);
#12816=LINE('',#12547,#12815);
#12817=EDGE_CURVE('',#12548,#12540,#12816,.T.);
#12818=ORIENTED_EDGE('',*,*,#12817,.T.);
#12819=DIRECTION('',(0.000000,-1.000000,0.000000));
#12820=VECTOR('',#12819,13.000000);
#12821=LINE('',#12539,#12820);
#12822=EDGE_CURVE('',#12540,#12542,#12821,.T.);
#12823=ORIENTED_EDGE('',*,*,#12822,.T.);
#12824=EDGE_LOOP('',(#12813,#12818,#12823));
#12825=FACE_OUTER_BOUND('',#12824,.T.);
#12826=ADVANCED_FACE('',(#12825),#12808,.T.);
#12827=CLOSED_SHELL('',(#12573,#12596,#12619,#12642,#12665,#12688,#12711,#12734,#12757,#12780,#12803,#12826));
#12828=FACETED_BREP('x_ballast',#12827);
#12829=CARTESIAN_POINT('',(4.000000,-9.500000,9.500000));
#12830=VERTEX_POINT('',#12829);
#12831=CARTESIAN_POINT('',(4.000000,9.500000,9.500000));
#12832=VERTEX_POINT('',#12831);
#12833=CARTESIAN_POINT('',(4.000000,9.500000,19.000000));
#12834=VERTEX_POINT('',#12833);
#12835=CARTESIAN_POINT('',(4.000000,-9.500000,19.000000));
#12836=VERTEX_POINT('',#12835);
#12837=CARTESIAN_POINT('',(36.000000,-9.500000,9.500000));
#12838=VERTEX_POINT('',#12837);
#12839=CARTESIAN_POINT('',(36.000000,9.500000,9.500000));
#12840=VERTEX_POINT('',#12839);
#12841=CARTESIAN_POINT('',(36.000000,9.500000,19.000000));
#12842=VERTEX_POINT('',#12841);
#12843=CARTESIAN_POINT('',(36.000000,-9.500000,19.000000));
#12844=VERTEX_POINT('',#12843);
#12845=CARTESIAN_POINT('',(4.000000,-9.500000,19.000000));
#12846=DIRECTION('',(-1.000000,0.000000,0.000000));
#12847=DIRECTION('',(0.000000,1.000000,0.000000));
#12848=AXIS2_PLACEMENT_3D('',#12845,#12846,#12847);
#12849=PLANE('',#12848);
#12850=DIRECTION('',(0.000000,1.000000,0.000000));
#12851=VECTOR('',#12850,19.000000);
#12852=LINE('',#12835,#12851);
#12853=EDGE_CURVE('',#12836,#12834,#12852,.T.);
#12854=ORIENTED_EDGE('',*,*,#12853,.T.);
#12855=DIRECTION('',(0.000000,0.000000,-1.000000));
#12856=VECTOR('',#12855,9.500000);
#12857=LINE('',#12833,#12856);
#12858=EDGE_CURVE('',#12834,#12832,#12857,.T.);
#12859=ORIENTED_EDGE('',*,*,#12858,.T.);
#12860=DIRECTION('',(0.000000,-0.894427,0.447214));
#12861=VECTOR('',#12860,21.242646);
#12862=LINE('',#12831,#12861);
#12863=EDGE_CURVE('',#12832,#12836,#12862,.T.);
#12864=ORIENTED_EDGE('',*,*,#12863,.T.);
#12865=EDGE_LOOP('',(#12854,#12859,#12864));
#12866=FACE_OUTER_BOUND('',#12865,.T.);
#12867=ADVANCED_FACE('',(#12866),#12849,.T.);
#12868=CARTESIAN_POINT('',(4.000000,-9.500000,19.000000));
#12869=DIRECTION('',(-1.000000,0.000000,0.000000));
#12870=DIRECTION('',(0.000000,1.000000,0.000000));
#12871=AXIS2_PLACEMENT_3D('',#12868,#12869,#12870);
#12872=PLANE('',#12871);
#12873=DIRECTION('',(0.000000,0.894427,-0.447214));
#12874=VECTOR('',#12873,21.242646);
#12875=LINE('',#12835,#12874);
#12876=EDGE_CURVE('',#12836,#12832,#12875,.T.);
#12877=ORIENTED_EDGE('',*,*,#12876,.T.);
#12878=DIRECTION('',(0.000000,-1.000000,0.000000));
#12879=VECTOR('',#12878,19.000000);
#12880=LINE('',#12831,#12879);
#12881=EDGE_CURVE('',#12832,#12830,#12880,.T.);
#12882=ORIENTED_EDGE('',*,*,#12881,.T.);
#12883=DIRECTION('',(0.000000,0.000000,1.000000));
#12884=VECTOR('',#12883,9.500000);
#12885=LINE('',#12829,#12884);
#12886=EDGE_CURVE('',#12830,#12836,#12885,.T.);
#12887=ORIENTED_EDGE('',*,*,#12886,.T.);
#12888=EDGE_LOOP('',(#12877,#12882,#12887));
#12889=FACE_OUTER_BOUND('',#12888,.T.);
#12890=ADVANCED_FACE('',(#12889),#12872,.T.);
#12891=CARTESIAN_POINT('',(36.000000,-9.500000,9.500000));
#12892=DIRECTION('',(1.000000,0.000000,0.000000));
#12893=DIRECTION('',(0.000000,1.000000,0.000000));
#12894=AXIS2_PLACEMENT_3D('',#12891,#12892,#12893);
#12895=PLANE('',#12894);
#12896=DIRECTION('',(0.000000,1.000000,0.000000));
#12897=VECTOR('',#12896,19.000000);
#12898=LINE('',#12837,#12897);
#12899=EDGE_CURVE('',#12838,#12840,#12898,.T.);
#12900=ORIENTED_EDGE('',*,*,#12899,.T.);
#12901=DIRECTION('',(0.000000,0.000000,1.000000));
#12902=VECTOR('',#12901,9.500000);
#12903=LINE('',#12839,#12902);
#12904=EDGE_CURVE('',#12840,#12842,#12903,.T.);
#12905=ORIENTED_EDGE('',*,*,#12904,.T.);
#12906=DIRECTION('',(0.000000,-0.894427,-0.447214));
#12907=VECTOR('',#12906,21.242646);
#12908=LINE('',#12841,#12907);
#12909=EDGE_CURVE('',#12842,#12838,#12908,.T.);
#12910=ORIENTED_EDGE('',*,*,#12909,.T.);
#12911=EDGE_LOOP('',(#12900,#12905,#12910));
#12912=FACE_OUTER_BOUND('',#12911,.T.);
#12913=ADVANCED_FACE('',(#12912),#12895,.T.);
#12914=CARTESIAN_POINT('',(36.000000,-9.500000,9.500000));
#12915=DIRECTION('',(1.000000,0.000000,0.000000));
#12916=DIRECTION('',(0.000000,1.000000,0.000000));
#12917=AXIS2_PLACEMENT_3D('',#12914,#12915,#12916);
#12918=PLANE('',#12917);
#12919=DIRECTION('',(0.000000,0.894427,0.447214));
#12920=VECTOR('',#12919,21.242646);
#12921=LINE('',#12837,#12920);
#12922=EDGE_CURVE('',#12838,#12842,#12921,.T.);
#12923=ORIENTED_EDGE('',*,*,#12922,.T.);
#12924=DIRECTION('',(0.000000,-1.000000,0.000000));
#12925=VECTOR('',#12924,19.000000);
#12926=LINE('',#12841,#12925);
#12927=EDGE_CURVE('',#12842,#12844,#12926,.T.);
#12928=ORIENTED_EDGE('',*,*,#12927,.T.);
#12929=DIRECTION('',(0.000000,0.000000,-1.000000));
#12930=VECTOR('',#12929,9.500000);
#12931=LINE('',#12843,#12930);
#12932=EDGE_CURVE('',#12844,#12838,#12931,.T.);
#12933=ORIENTED_EDGE('',*,*,#12932,.T.);
#12934=EDGE_LOOP('',(#12923,#12928,#12933));
#12935=FACE_OUTER_BOUND('',#12934,.T.);
#12936=ADVANCED_FACE('',(#12935),#12918,.T.);
#12937=CARTESIAN_POINT('',(36.000000,-9.500000,9.500000));
#12938=DIRECTION('',(0.000000,-1.000000,0.000000));
#12939=DIRECTION('',(1.000000,0.000000,0.000000));
#12940=AXIS2_PLACEMENT_3D('',#12937,#12938,#12939);
#12941=PLANE('',#12940);
#12942=DIRECTION('',(0.000000,0.000000,1.000000));
#12943=VECTOR('',#12942,9.500000);
#12944=LINE('',#12837,#12943);
#12945=EDGE_CURVE('',#12838,#12844,#12944,.T.);
#12946=ORIENTED_EDGE('',*,*,#12945,.T.);
#12947=DIRECTION('',(-1.000000,0.000000,0.000000));
#12948=VECTOR('',#12947,32.000000);
#12949=LINE('',#12843,#12948);
#12950=EDGE_CURVE('',#12844,#12836,#12949,.T.);
#12951=ORIENTED_EDGE('',*,*,#12950,.T.);
#12952=DIRECTION('',(0.958647,0.000000,-0.284598));
#12953=VECTOR('',#12952,33.380383);
#12954=LINE('',#12835,#12953);
#12955=EDGE_CURVE('',#12836,#12838,#12954,.T.);
#12956=ORIENTED_EDGE('',*,*,#12955,.T.);
#12957=EDGE_LOOP('',(#12946,#12951,#12956));
#12958=FACE_OUTER_BOUND('',#12957,.T.);
#12959=ADVANCED_FACE('',(#12958),#12941,.T.);
#12960=CARTESIAN_POINT('',(36.000000,-9.500000,9.500000));
#12961=DIRECTION('',(0.000000,-1.000000,0.000000));
#12962=DIRECTION('',(1.000000,0.000000,0.000000));
#12963=AXIS2_PLACEMENT_3D('',#12960,#12961,#12962);
#12964=PLANE('',#12963);
#12965=DIRECTION('',(-0.958647,0.000000,0.284598));
#12966=VECTOR('',#12965,33.380383);
#12967=LINE('',#12837,#12966);
#12968=EDGE_CURVE('',#12838,#12836,#12967,.T.);
#12969=ORIENTED_EDGE('',*,*,#12968,.T.);
#12970=DIRECTION('',(0.000000,0.000000,-1.000000));
#12971=VECTOR('',#12970,9.500000);
#12972=LINE('',#12835,#12971);
#12973=EDGE_CURVE('',#12836,#12830,#12972,.T.);
#12974=ORIENTED_EDGE('',*,*,#12973,.T.);
#12975=DIRECTION('',(1.000000,0.000000,0.000000));
#12976=VECTOR('',#12975,32.000000);
#12977=LINE('',#12829,#12976);
#12978=EDGE_CURVE('',#12830,#12838,#12977,.T.);
#12979=ORIENTED_EDGE('',*,*,#12978,.T.);
#12980=EDGE_LOOP('',(#12969,#12974,#12979));
#12981=FACE_OUTER_BOUND('',#12980,.T.);
#12982=ADVANCED_FACE('',(#12981),#12964,.T.);
#12983=CARTESIAN_POINT('',(4.000000,9.500000,9.500000));
#12984=DIRECTION('',(0.000000,1.000000,0.000000));
#12985=DIRECTION('',(1.000000,0.000000,0.000000));
#12986=AXIS2_PLACEMENT_3D('',#12983,#12984,#12985);
#12987=PLANE('',#12986);
#12988=DIRECTION('',(0.000000,0.000000,1.000000));
#12989=VECTOR('',#12988,9.500000);
#12990=LINE('',#12831,#12989);
#12991=EDGE_CURVE('',#12832,#12834,#12990,.T.);
#12992=ORIENTED_EDGE('',*,*,#12991,.T.);
#12993=DIRECTION('',(1.000000,0.000000,0.000000));
#12994=VECTOR('',#12993,32.000000);
#12995=LINE('',#12833,#12994);
#12996=EDGE_CURVE('',#12834,#12842,#12995,.T.);
#12997=ORIENTED_EDGE('',*,*,#12996,.T.);
#12998=DIRECTION('',(-0.958647,0.000000,-0.284598));
#12999=VECTOR('',#12998,33.380383);
#13000=LINE('',#12841,#12999);
#13001=EDGE_CURVE('',#12842,#12832,#13000,.T.);
#13002=ORIENTED_EDGE('',*,*,#13001,.T.);
#13003=EDGE_LOOP('',(#12992,#12997,#13002));
#13004=FACE_OUTER_BOUND('',#13003,.T.);
#13005=ADVANCED_FACE('',(#13004),#12987,.T.);
#13006=CARTESIAN_POINT('',(4.000000,9.500000,9.500000));
#13007=DIRECTION('',(0.000000,1.000000,0.000000));
#13008=DIRECTION('',(1.000000,0.000000,0.000000));
#13009=AXIS2_PLACEMENT_3D('',#13006,#13007,#13008);
#13010=PLANE('',#13009);
#13011=DIRECTION('',(0.958647,0.000000,0.284598));
#13012=VECTOR('',#13011,33.380383);
#13013=LINE('',#12831,#13012);
#13014=EDGE_CURVE('',#12832,#12842,#13013,.T.);
#13015=ORIENTED_EDGE('',*,*,#13014,.T.);
#13016=DIRECTION('',(0.000000,0.000000,-1.000000));
#13017=VECTOR('',#13016,9.500000);
#13018=LINE('',#12841,#13017);
#13019=EDGE_CURVE('',#12842,#12840,#13018,.T.);
#13020=ORIENTED_EDGE('',*,*,#13019,.T.);
#13021=DIRECTION('',(-1.000000,0.000000,0.000000));
#13022=VECTOR('',#13021,32.000000);
#13023=LINE('',#12839,#13022);
#13024=EDGE_CURVE('',#12840,#12832,#13023,.T.);
#13025=ORIENTED_EDGE('',*,*,#13024,.T.);
#13026=EDGE_LOOP('',(#13015,#13020,#13025));
#13027=FACE_OUTER_BOUND('',#13026,.T.);
#13028=ADVANCED_FACE('',(#13027),#13010,.T.);
#13029=CARTESIAN_POINT('',(4.000000,9.500000,9.500000));
#13030=DIRECTION('',(0.000000,0.000000,-1.000000));
#13031=DIRECTION('',(1.000000,0.000000,0.000000));
#13032=AXIS2_PLACEMENT_3D('',#13029,#13030,#13031);
#13033=PLANE('',#13032);
#13034=DIRECTION('',(1.000000,0.000000,0.000000));
#13035=VECTOR('',#13034,32.000000);
#13036=LINE('',#12831,#13035);
#13037=EDGE_CURVE('',#12832,#12840,#13036,.T.);
#13038=ORIENTED_EDGE('',*,*,#13037,.T.);
#13039=DIRECTION('',(0.000000,-1.000000,0.000000));
#13040=VECTOR('',#13039,19.000000);
#13041=LINE('',#12839,#13040);
#13042=EDGE_CURVE('',#12840,#12838,#13041,.T.);
#13043=ORIENTED_EDGE('',*,*,#13042,.T.);
#13044=DIRECTION('',(-0.859855,0.510539,0.000000));
#13045=VECTOR('',#13044,37.215588);
#13046=LINE('',#12837,#13045);
#13047=EDGE_CURVE('',#12838,#12832,#13046,.T.);
#13048=ORIENTED_EDGE('',*,*,#13047,.T.);
#13049=EDGE_LOOP('',(#13038,#13043,#13048));
#13050=FACE_OUTER_BOUND('',#13049,.T.);
#13051=ADVANCED_FACE('',(#13050),#13033,.T.);
#13052=CARTESIAN_POINT('',(4.000000,9.500000,9.500000));
#13053=DIRECTION('',(0.000000,0.000000,-1.000000));
#13054=DIRECTION('',(1.000000,0.000000,0.000000));
#13055=AXIS2_PLACEMENT_3D('',#13052,#13053,#13054);
#13056=PLANE('',#13055);
#13057=DIRECTION('',(0.859855,-0.510539,0.000000));
#13058=VECTOR('',#13057,37.215588);
#13059=LINE('',#12831,#13058);
#13060=EDGE_CURVE('',#12832,#12838,#13059,.T.);
#13061=ORIENTED_EDGE('',*,*,#13060,.T.);
#13062=DIRECTION('',(-1.000000,0.000000,0.000000));
#13063=VECTOR('',#13062,32.000000);
#13064=LINE('',#12837,#13063);
#13065=EDGE_CURVE('',#12838,#12830,#13064,.T.);
#13066=ORIENTED_EDGE('',*,*,#13065,.T.);
#13067=DIRECTION('',(0.000000,1.000000,0.000000));
#13068=VECTOR('',#13067,19.000000);
#13069=LINE('',#12829,#13068);
#13070=EDGE_CURVE('',#12830,#12832,#13069,.T.);
#13071=ORIENTED_EDGE('',*,*,#13070,.T.);
#13072=EDGE_LOOP('',(#13061,#13066,#13071));
#13073=FACE_OUTER_BOUND('',#13072,.T.);
#13074=ADVANCED_FACE('',(#13073),#13056,.T.);
#13075=CARTESIAN_POINT('',(4.000000,-9.500000,19.000000));
#13076=DIRECTION('',(0.000000,0.000000,1.000000));
#13077=DIRECTION('',(1.000000,0.000000,0.000000));
#13078=AXIS2_PLACEMENT_3D('',#13075,#13076,#13077);
#13079=PLANE('',#13078);
#13080=DIRECTION('',(1.000000,0.000000,0.000000));
#13081=VECTOR('',#13080,32.000000);
#13082=LINE('',#12835,#13081);
#13083=EDGE_CURVE('',#12836,#12844,#13082,.T.);
#13084=ORIENTED_EDGE('',*,*,#13083,.T.);
#13085=DIRECTION('',(0.000000,1.000000,0.000000));
#13086=VECTOR('',#13085,19.000000);
#13087=LINE('',#12843,#13086);
#13088=EDGE_CURVE('',#12844,#12842,#13087,.T.);
#13089=ORIENTED_EDGE('',*,*,#13088,.T.);
#13090=DIRECTION('',(-0.859855,-0.510539,0.000000));
#13091=VECTOR('',#13090,37.215588);
#13092=LINE('',#12841,#13091);
#13093=EDGE_CURVE('',#12842,#12836,#13092,.T.);
#13094=ORIENTED_EDGE('',*,*,#13093,.T.);
#13095=EDGE_LOOP('',(#13084,#13089,#13094));
#13096=FACE_OUTER_BOUND('',#13095,.T.);
#13097=ADVANCED_FACE('',(#13096),#13079,.T.);
#13098=CARTESIAN_POINT('',(4.000000,-9.500000,19.000000));
#13099=DIRECTION('',(0.000000,0.000000,1.000000));
#13100=DIRECTION('',(1.000000,0.000000,0.000000));
#13101=AXIS2_PLACEMENT_3D('',#13098,#13099,#13100);
#13102=PLANE('',#13101);
#13103=DIRECTION('',(0.859855,0.510539,0.000000));
#13104=VECTOR('',#13103,37.215588);
#13105=LINE('',#12835,#13104);
#13106=EDGE_CURVE('',#12836,#12842,#13105,.T.);
#13107=ORIENTED_EDGE('',*,*,#13106,.T.);
#13108=DIRECTION('',(-1.000000,0.000000,0.000000));
#13109=VECTOR('',#13108,32.000000);
#13110=LINE('',#12841,#13109);
#13111=EDGE_CURVE('',#12842,#12834,#13110,.T.);
#13112=ORIENTED_EDGE('',*,*,#13111,.T.);
#13113=DIRECTION('',(0.000000,-1.000000,0.000000));
#13114=VECTOR('',#13113,19.000000);
#13115=LINE('',#12833,#13114);
#13116=EDGE_CURVE('',#12834,#12836,#13115,.T.);
#13117=ORIENTED_EDGE('',*,*,#13116,.T.);
#13118=EDGE_LOOP('',(#13107,#13112,#13117));
#13119=FACE_OUTER_BOUND('',#13118,.T.);
#13120=ADVANCED_FACE('',(#13119),#13102,.T.);
#13121=CLOSED_SHELL('',(#12867,#12890,#12913,#12936,#12959,#12982,#13005,#13028,#13051,#13074,#13097,#13120));
#13122=FACETED_BREP('x_ballast_carriage',#13121);
#13123=CARTESIAN_POINT('',(-24.000000,-14.000000,9.000000));
#13124=VERTEX_POINT('',#13123);
#13125=CARTESIAN_POINT('',(-24.000000,14.000000,9.000000));
#13126=VERTEX_POINT('',#13125);
#13127=CARTESIAN_POINT('',(-24.000000,14.000000,22.000000));
#13128=VERTEX_POINT('',#13127);
#13129=CARTESIAN_POINT('',(-24.000000,-14.000000,22.000000));
#13130=VERTEX_POINT('',#13129);
#13131=CARTESIAN_POINT('',(72.000000,-14.000000,9.000000));
#13132=VERTEX_POINT('',#13131);
#13133=CARTESIAN_POINT('',(72.000000,14.000000,9.000000));
#13134=VERTEX_POINT('',#13133);
#13135=CARTESIAN_POINT('',(72.000000,14.000000,22.000000));
#13136=VERTEX_POINT('',#13135);
#13137=CARTESIAN_POINT('',(72.000000,-14.000000,22.000000));
#13138=VERTEX_POINT('',#13137);
#13139=CARTESIAN_POINT('',(-24.000000,-14.000000,22.000000));
#13140=DIRECTION('',(-1.000000,0.000000,0.000000));
#13141=DIRECTION('',(0.000000,1.000000,0.000000));
#13142=AXIS2_PLACEMENT_3D('',#13139,#13140,#13141);
#13143=PLANE('',#13142);
#13144=DIRECTION('',(0.000000,1.000000,0.000000));
#13145=VECTOR('',#13144,28.000000);
#13146=LINE('',#13129,#13145);
#13147=EDGE_CURVE('',#13130,#13128,#13146,.T.);
#13148=ORIENTED_EDGE('',*,*,#13147,.T.);
#13149=DIRECTION('',(0.000000,0.000000,-1.000000));
#13150=VECTOR('',#13149,13.000000);
#13151=LINE('',#13127,#13150);
#13152=EDGE_CURVE('',#13128,#13126,#13151,.T.);
#13153=ORIENTED_EDGE('',*,*,#13152,.T.);
#13154=DIRECTION('',(0.000000,-0.907009,0.421111));
#13155=VECTOR('',#13154,30.870698);
#13156=LINE('',#13125,#13155);
#13157=EDGE_CURVE('',#13126,#13130,#13156,.T.);
#13158=ORIENTED_EDGE('',*,*,#13157,.T.);
#13159=EDGE_LOOP('',(#13148,#13153,#13158));
#13160=FACE_OUTER_BOUND('',#13159,.T.);
#13161=ADVANCED_FACE('',(#13160),#13143,.T.);
#13162=CARTESIAN_POINT('',(-24.000000,-14.000000,22.000000));
#13163=DIRECTION('',(-1.000000,0.000000,0.000000));
#13164=DIRECTION('',(0.000000,1.000000,0.000000));
#13165=AXIS2_PLACEMENT_3D('',#13162,#13163,#13164);
#13166=PLANE('',#13165);
#13167=DIRECTION('',(0.000000,0.907009,-0.421111));
#13168=VECTOR('',#13167,30.870698);
#13169=LINE('',#13129,#13168);
#13170=EDGE_CURVE('',#13130,#13126,#13169,.T.);
#13171=ORIENTED_EDGE('',*,*,#13170,.T.);
#13172=DIRECTION('',(0.000000,-1.000000,0.000000));
#13173=VECTOR('',#13172,28.000000);
#13174=LINE('',#13125,#13173);
#13175=EDGE_CURVE('',#13126,#13124,#13174,.T.);
#13176=ORIENTED_EDGE('',*,*,#13175,.T.);
#13177=DIRECTION('',(0.000000,0.000000,1.000000));
#13178=VECTOR('',#13177,13.000000);
#13179=LINE('',#13123,#13178);
#13180=EDGE_CURVE('',#13124,#13130,#13179,.T.);
#13181=ORIENTED_EDGE('',*,*,#13180,.T.);
#13182=EDGE_LOOP('',(#13171,#13176,#13181));
#13183=FACE_OUTER_BOUND('',#13182,.T.);
#13184=ADVANCED_FACE('',(#13183),#13166,.T.);
#13185=CARTESIAN_POINT('',(72.000000,-14.000000,9.000000));
#13186=DIRECTION('',(1.000000,0.000000,0.000000));
#13187=DIRECTION('',(0.000000,1.000000,0.000000));
#13188=AXIS2_PLACEMENT_3D('',#13185,#13186,#13187);
#13189=PLANE('',#13188);
#13190=DIRECTION('',(0.000000,1.000000,0.000000));
#13191=VECTOR('',#13190,28.000000);
#13192=LINE('',#13131,#13191);
#13193=EDGE_CURVE('',#13132,#13134,#13192,.T.);
#13194=ORIENTED_EDGE('',*,*,#13193,.T.);
#13195=DIRECTION('',(0.000000,0.000000,1.000000));
#13196=VECTOR('',#13195,13.000000);
#13197=LINE('',#13133,#13196);
#13198=EDGE_CURVE('',#13134,#13136,#13197,.T.);
#13199=ORIENTED_EDGE('',*,*,#13198,.T.);
#13200=DIRECTION('',(0.000000,-0.907009,-0.421111));
#13201=VECTOR('',#13200,30.870698);
#13202=LINE('',#13135,#13201);
#13203=EDGE_CURVE('',#13136,#13132,#13202,.T.);
#13204=ORIENTED_EDGE('',*,*,#13203,.T.);
#13205=EDGE_LOOP('',(#13194,#13199,#13204));
#13206=FACE_OUTER_BOUND('',#13205,.T.);
#13207=ADVANCED_FACE('',(#13206),#13189,.T.);
#13208=CARTESIAN_POINT('',(72.000000,-14.000000,9.000000));
#13209=DIRECTION('',(1.000000,0.000000,0.000000));
#13210=DIRECTION('',(0.000000,1.000000,0.000000));
#13211=AXIS2_PLACEMENT_3D('',#13208,#13209,#13210);
#13212=PLANE('',#13211);
#13213=DIRECTION('',(0.000000,0.907009,0.421111));
#13214=VECTOR('',#13213,30.870698);
#13215=LINE('',#13131,#13214);
#13216=EDGE_CURVE('',#13132,#13136,#13215,.T.);
#13217=ORIENTED_EDGE('',*,*,#13216,.T.);
#13218=DIRECTION('',(0.000000,-1.000000,0.000000));
#13219=VECTOR('',#13218,28.000000);
#13220=LINE('',#13135,#13219);
#13221=EDGE_CURVE('',#13136,#13138,#13220,.T.);
#13222=ORIENTED_EDGE('',*,*,#13221,.T.);
#13223=DIRECTION('',(0.000000,0.000000,-1.000000));
#13224=VECTOR('',#13223,13.000000);
#13225=LINE('',#13137,#13224);
#13226=EDGE_CURVE('',#13138,#13132,#13225,.T.);
#13227=ORIENTED_EDGE('',*,*,#13226,.T.);
#13228=EDGE_LOOP('',(#13217,#13222,#13227));
#13229=FACE_OUTER_BOUND('',#13228,.T.);
#13230=ADVANCED_FACE('',(#13229),#13212,.T.);
#13231=CARTESIAN_POINT('',(72.000000,-14.000000,9.000000));
#13232=DIRECTION('',(0.000000,-1.000000,0.000000));
#13233=DIRECTION('',(1.000000,0.000000,0.000000));
#13234=AXIS2_PLACEMENT_3D('',#13231,#13232,#13233);
#13235=PLANE('',#13234);
#13236=DIRECTION('',(0.000000,0.000000,1.000000));
#13237=VECTOR('',#13236,13.000000);
#13238=LINE('',#13131,#13237);
#13239=EDGE_CURVE('',#13132,#13138,#13238,.T.);
#13240=ORIENTED_EDGE('',*,*,#13239,.T.);
#13241=DIRECTION('',(-1.000000,0.000000,0.000000));
#13242=VECTOR('',#13241,96.000000);
#13243=LINE('',#13137,#13242);
#13244=EDGE_CURVE('',#13138,#13130,#13243,.T.);
#13245=ORIENTED_EDGE('',*,*,#13244,.T.);
#13246=DIRECTION('',(0.990955,0.000000,-0.134192));
#13247=VECTOR('',#13246,96.876210);
#13248=LINE('',#13129,#13247);
#13249=EDGE_CURVE('',#13130,#13132,#13248,.T.);
#13250=ORIENTED_EDGE('',*,*,#13249,.T.);
#13251=EDGE_LOOP('',(#13240,#13245,#13250));
#13252=FACE_OUTER_BOUND('',#13251,.T.);
#13253=ADVANCED_FACE('',(#13252),#13235,.T.);
#13254=CARTESIAN_POINT('',(72.000000,-14.000000,9.000000));
#13255=DIRECTION('',(0.000000,-1.000000,0.000000));
#13256=DIRECTION('',(1.000000,0.000000,0.000000));
#13257=AXIS2_PLACEMENT_3D('',#13254,#13255,#13256);
#13258=PLANE('',#13257);
#13259=DIRECTION('',(-0.990955,0.000000,0.134192));
#13260=VECTOR('',#13259,96.876210);
#13261=LINE('',#13131,#13260);
#13262=EDGE_CURVE('',#13132,#13130,#13261,.T.);
#13263=ORIENTED_EDGE('',*,*,#13262,.T.);
#13264=DIRECTION('',(0.000000,0.000000,-1.000000));
#13265=VECTOR('',#13264,13.000000);
#13266=LINE('',#13129,#13265);
#13267=EDGE_CURVE('',#13130,#13124,#13266,.T.);
#13268=ORIENTED_EDGE('',*,*,#13267,.T.);
#13269=DIRECTION('',(1.000000,0.000000,0.000000));
#13270=VECTOR('',#13269,96.000000);
#13271=LINE('',#13123,#13270);
#13272=EDGE_CURVE('',#13124,#13132,#13271,.T.);
#13273=ORIENTED_EDGE('',*,*,#13272,.T.);
#13274=EDGE_LOOP('',(#13263,#13268,#13273));
#13275=FACE_OUTER_BOUND('',#13274,.T.);
#13276=ADVANCED_FACE('',(#13275),#13258,.T.);
#13277=CARTESIAN_POINT('',(-24.000000,14.000000,9.000000));
#13278=DIRECTION('',(0.000000,1.000000,0.000000));
#13279=DIRECTION('',(1.000000,0.000000,0.000000));
#13280=AXIS2_PLACEMENT_3D('',#13277,#13278,#13279);
#13281=PLANE('',#13280);
#13282=DIRECTION('',(0.000000,0.000000,1.000000));
#13283=VECTOR('',#13282,13.000000);
#13284=LINE('',#13125,#13283);
#13285=EDGE_CURVE('',#13126,#13128,#13284,.T.);
#13286=ORIENTED_EDGE('',*,*,#13285,.T.);
#13287=DIRECTION('',(1.000000,0.000000,0.000000));
#13288=VECTOR('',#13287,96.000000);
#13289=LINE('',#13127,#13288);
#13290=EDGE_CURVE('',#13128,#13136,#13289,.T.);
#13291=ORIENTED_EDGE('',*,*,#13290,.T.);
#13292=DIRECTION('',(-0.990955,0.000000,-0.134192));
#13293=VECTOR('',#13292,96.876210);
#13294=LINE('',#13135,#13293);
#13295=EDGE_CURVE('',#13136,#13126,#13294,.T.);
#13296=ORIENTED_EDGE('',*,*,#13295,.T.);
#13297=EDGE_LOOP('',(#13286,#13291,#13296));
#13298=FACE_OUTER_BOUND('',#13297,.T.);
#13299=ADVANCED_FACE('',(#13298),#13281,.T.);
#13300=CARTESIAN_POINT('',(-24.000000,14.000000,9.000000));
#13301=DIRECTION('',(0.000000,1.000000,0.000000));
#13302=DIRECTION('',(1.000000,0.000000,0.000000));
#13303=AXIS2_PLACEMENT_3D('',#13300,#13301,#13302);
#13304=PLANE('',#13303);
#13305=DIRECTION('',(0.990955,0.000000,0.134192));
#13306=VECTOR('',#13305,96.876210);
#13307=LINE('',#13125,#13306);
#13308=EDGE_CURVE('',#13126,#13136,#13307,.T.);
#13309=ORIENTED_EDGE('',*,*,#13308,.T.);
#13310=DIRECTION('',(0.000000,0.000000,-1.000000));
#13311=VECTOR('',#13310,13.000000);
#13312=LINE('',#13135,#13311);
#13313=EDGE_CURVE('',#13136,#13134,#13312,.T.);
#13314=ORIENTED_EDGE('',*,*,#13313,.T.);
#13315=DIRECTION('',(-1.000000,0.000000,0.000000));
#13316=VECTOR('',#13315,96.000000);
#13317=LINE('',#13133,#13316);
#13318=EDGE_CURVE('',#13134,#13126,#13317,.T.);
#13319=ORIENTED_EDGE('',*,*,#13318,.T.);
#13320=EDGE_LOOP('',(#13309,#13314,#13319));
#13321=FACE_OUTER_BOUND('',#13320,.T.);
#13322=ADVANCED_FACE('',(#13321),#13304,.T.);
#13323=CARTESIAN_POINT('',(-24.000000,14.000000,9.000000));
#13324=DIRECTION('',(0.000000,0.000000,-1.000000));
#13325=DIRECTION('',(1.000000,0.000000,0.000000));
#13326=AXIS2_PLACEMENT_3D('',#13323,#13324,#13325);
#13327=PLANE('',#13326);
#13328=DIRECTION('',(1.000000,0.000000,0.000000));
#13329=VECTOR('',#13328,96.000000);
#13330=LINE('',#13125,#13329);
#13331=EDGE_CURVE('',#13126,#13134,#13330,.T.);
#13332=ORIENTED_EDGE('',*,*,#13331,.T.);
#13333=DIRECTION('',(0.000000,-1.000000,0.000000));
#13334=VECTOR('',#13333,28.000000);
#13335=LINE('',#13133,#13334);
#13336=EDGE_CURVE('',#13134,#13132,#13335,.T.);
#13337=ORIENTED_EDGE('',*,*,#13336,.T.);
#13338=DIRECTION('',(-0.960000,0.280000,0.000000));
#13339=VECTOR('',#13338,100.000000);
#13340=LINE('',#13131,#13339);
#13341=EDGE_CURVE('',#13132,#13126,#13340,.T.);
#13342=ORIENTED_EDGE('',*,*,#13341,.T.);
#13343=EDGE_LOOP('',(#13332,#13337,#13342));
#13344=FACE_OUTER_BOUND('',#13343,.T.);
#13345=ADVANCED_FACE('',(#13344),#13327,.T.);
#13346=CARTESIAN_POINT('',(-24.000000,14.000000,9.000000));
#13347=DIRECTION('',(0.000000,0.000000,-1.000000));
#13348=DIRECTION('',(1.000000,0.000000,0.000000));
#13349=AXIS2_PLACEMENT_3D('',#13346,#13347,#13348);
#13350=PLANE('',#13349);
#13351=DIRECTION('',(0.960000,-0.280000,0.000000));
#13352=VECTOR('',#13351,100.000000);
#13353=LINE('',#13125,#13352);
#13354=EDGE_CURVE('',#13126,#13132,#13353,.T.);
#13355=ORIENTED_EDGE('',*,*,#13354,.T.);
#13356=DIRECTION('',(-1.000000,0.000000,0.000000));
#13357=VECTOR('',#13356,96.000000);
#13358=LINE('',#13131,#13357);
#13359=EDGE_CURVE('',#13132,#13124,#13358,.T.);
#13360=ORIENTED_EDGE('',*,*,#13359,.T.);
#13361=DIRECTION('',(0.000000,1.000000,0.000000));
#13362=VECTOR('',#13361,28.000000);
#13363=LINE('',#13123,#13362);
#13364=EDGE_CURVE('',#13124,#13126,#13363,.T.);
#13365=ORIENTED_EDGE('',*,*,#13364,.T.);
#13366=EDGE_LOOP('',(#13355,#13360,#13365));
#13367=FACE_OUTER_BOUND('',#13366,.T.);
#13368=ADVANCED_FACE('',(#13367),#13350,.T.);
#13369=CARTESIAN_POINT('',(-24.000000,-14.000000,22.000000));
#13370=DIRECTION('',(0.000000,0.000000,1.000000));
#13371=DIRECTION('',(1.000000,0.000000,0.000000));
#13372=AXIS2_PLACEMENT_3D('',#13369,#13370,#13371);
#13373=PLANE('',#13372);
#13374=DIRECTION('',(1.000000,0.000000,0.000000));
#13375=VECTOR('',#13374,96.000000);
#13376=LINE('',#13129,#13375);
#13377=EDGE_CURVE('',#13130,#13138,#13376,.T.);
#13378=ORIENTED_EDGE('',*,*,#13377,.T.);
#13379=DIRECTION('',(0.000000,1.000000,0.000000));
#13380=VECTOR('',#13379,28.000000);
#13381=LINE('',#13137,#13380);
#13382=EDGE_CURVE('',#13138,#13136,#13381,.T.);
#13383=ORIENTED_EDGE('',*,*,#13382,.T.);
#13384=DIRECTION('',(-0.960000,-0.280000,0.000000));
#13385=VECTOR('',#13384,100.000000);
#13386=LINE('',#13135,#13385);
#13387=EDGE_CURVE('',#13136,#13130,#13386,.T.);
#13388=ORIENTED_EDGE('',*,*,#13387,.T.);
#13389=EDGE_LOOP('',(#13378,#13383,#13388));
#13390=FACE_OUTER_BOUND('',#13389,.T.);
#13391=ADVANCED_FACE('',(#13390),#13373,.T.);
#13392=CARTESIAN_POINT('',(-24.000000,-14.000000,22.000000));
#13393=DIRECTION('',(0.000000,0.000000,1.000000));
#13394=DIRECTION('',(1.000000,0.000000,0.000000));
#13395=AXIS2_PLACEMENT_3D('',#13392,#13393,#13394);
#13396=PLANE('',#13395);
#13397=DIRECTION('',(0.960000,0.280000,0.000000));
#13398=VECTOR('',#13397,100.000000);
#13399=LINE('',#13129,#13398);
#13400=EDGE_CURVE('',#13130,#13136,#13399,.T.);
#13401=ORIENTED_EDGE('',*,*,#13400,.T.);
#13402=DIRECTION('',(-1.000000,0.000000,0.000000));
#13403=VECTOR('',#13402,96.000000);
#13404=LINE('',#13135,#13403);
#13405=EDGE_CURVE('',#13136,#13128,#13404,.T.);
#13406=ORIENTED_EDGE('',*,*,#13405,.T.);
#13407=DIRECTION('',(0.000000,-1.000000,0.000000));
#13408=VECTOR('',#13407,28.000000);
#13409=LINE('',#13127,#13408);
#13410=EDGE_CURVE('',#13128,#13130,#13409,.T.);
#13411=ORIENTED_EDGE('',*,*,#13410,.T.);
#13412=EDGE_LOOP('',(#13401,#13406,#13411));
#13413=FACE_OUTER_BOUND('',#13412,.T.);
#13414=ADVANCED_FACE('',(#13413),#13396,.T.);
#13415=CLOSED_SHELL('',(#13161,#13184,#13207,#13230,#13253,#13276,#13299,#13322,#13345,#13368,#13391,#13414));
#13416=FACETED_BREP('x_ballast_rail',#13415);
#13417=CARTESIAN_POINT('',(-24.000000,-14.000000,9.000000));
#13418=VERTEX_POINT('',#13417);
#13419=CARTESIAN_POINT('',(-24.000000,14.000000,9.000000));
#13420=VERTEX_POINT('',#13419);
#13421=CARTESIAN_POINT('',(-24.000000,14.000000,24.000000));
#13422=VERTEX_POINT('',#13421);
#13423=CARTESIAN_POINT('',(-24.000000,-14.000000,24.000000));
#13424=VERTEX_POINT('',#13423);
#13425=CARTESIAN_POINT('',(-20.000000,-14.000000,9.000000));
#13426=VERTEX_POINT('',#13425);
#13427=CARTESIAN_POINT('',(-20.000000,14.000000,9.000000));
#13428=VERTEX_POINT('',#13427);
#13429=CARTESIAN_POINT('',(-20.000000,14.000000,24.000000));
#13430=VERTEX_POINT('',#13429);
#13431=CARTESIAN_POINT('',(-20.000000,-14.000000,24.000000));
#13432=VERTEX_POINT('',#13431);
#13433=CARTESIAN_POINT('',(-24.000000,-14.000000,24.000000));
#13434=DIRECTION('',(-1.000000,0.000000,0.000000));
#13435=DIRECTION('',(0.000000,1.000000,0.000000));
#13436=AXIS2_PLACEMENT_3D('',#13433,#13434,#13435);
#13437=PLANE('',#13436);
#13438=DIRECTION('',(0.000000,1.000000,0.000000));
#13439=VECTOR('',#13438,28.000000);
#13440=LINE('',#13423,#13439);
#13441=EDGE_CURVE('',#13424,#13422,#13440,.T.);
#13442=ORIENTED_EDGE('',*,*,#13441,.T.);
#13443=DIRECTION('',(0.000000,0.000000,-1.000000));
#13444=VECTOR('',#13443,15.000000);
#13445=LINE('',#13421,#13444);
#13446=EDGE_CURVE('',#13422,#13420,#13445,.T.);
#13447=ORIENTED_EDGE('',*,*,#13446,.T.);
#13448=DIRECTION('',(0.000000,-0.881480,0.472221));
#13449=VECTOR('',#13448,31.764760);
#13450=LINE('',#13419,#13449);
#13451=EDGE_CURVE('',#13420,#13424,#13450,.T.);
#13452=ORIENTED_EDGE('',*,*,#13451,.T.);
#13453=EDGE_LOOP('',(#13442,#13447,#13452));
#13454=FACE_OUTER_BOUND('',#13453,.T.);
#13455=ADVANCED_FACE('',(#13454),#13437,.T.);
#13456=CARTESIAN_POINT('',(-24.000000,-14.000000,24.000000));
#13457=DIRECTION('',(-1.000000,0.000000,0.000000));
#13458=DIRECTION('',(0.000000,1.000000,0.000000));
#13459=AXIS2_PLACEMENT_3D('',#13456,#13457,#13458);
#13460=PLANE('',#13459);
#13461=DIRECTION('',(0.000000,0.881480,-0.472221));
#13462=VECTOR('',#13461,31.764760);
#13463=LINE('',#13423,#13462);
#13464=EDGE_CURVE('',#13424,#13420,#13463,.T.);
#13465=ORIENTED_EDGE('',*,*,#13464,.T.);
#13466=DIRECTION('',(0.000000,-1.000000,0.000000));
#13467=VECTOR('',#13466,28.000000);
#13468=LINE('',#13419,#13467);
#13469=EDGE_CURVE('',#13420,#13418,#13468,.T.);
#13470=ORIENTED_EDGE('',*,*,#13469,.T.);
#13471=DIRECTION('',(0.000000,0.000000,1.000000));
#13472=VECTOR('',#13471,15.000000);
#13473=LINE('',#13417,#13472);
#13474=EDGE_CURVE('',#13418,#13424,#13473,.T.);
#13475=ORIENTED_EDGE('',*,*,#13474,.T.);
#13476=EDGE_LOOP('',(#13465,#13470,#13475));
#13477=FACE_OUTER_BOUND('',#13476,.T.);
#13478=ADVANCED_FACE('',(#13477),#13460,.T.);
#13479=CARTESIAN_POINT('',(-20.000000,-14.000000,9.000000));
#13480=DIRECTION('',(1.000000,0.000000,0.000000));
#13481=DIRECTION('',(0.000000,1.000000,0.000000));
#13482=AXIS2_PLACEMENT_3D('',#13479,#13480,#13481);
#13483=PLANE('',#13482);
#13484=DIRECTION('',(0.000000,1.000000,0.000000));
#13485=VECTOR('',#13484,28.000000);
#13486=LINE('',#13425,#13485);
#13487=EDGE_CURVE('',#13426,#13428,#13486,.T.);
#13488=ORIENTED_EDGE('',*,*,#13487,.T.);
#13489=DIRECTION('',(0.000000,0.000000,1.000000));
#13490=VECTOR('',#13489,15.000000);
#13491=LINE('',#13427,#13490);
#13492=EDGE_CURVE('',#13428,#13430,#13491,.T.);
#13493=ORIENTED_EDGE('',*,*,#13492,.T.);
#13494=DIRECTION('',(0.000000,-0.881480,-0.472221));
#13495=VECTOR('',#13494,31.764760);
#13496=LINE('',#13429,#13495);
#13497=EDGE_CURVE('',#13430,#13426,#13496,.T.);
#13498=ORIENTED_EDGE('',*,*,#13497,.T.);
#13499=EDGE_LOOP('',(#13488,#13493,#13498));
#13500=FACE_OUTER_BOUND('',#13499,.T.);
#13501=ADVANCED_FACE('',(#13500),#13483,.T.);
#13502=CARTESIAN_POINT('',(-20.000000,-14.000000,9.000000));
#13503=DIRECTION('',(1.000000,0.000000,0.000000));
#13504=DIRECTION('',(0.000000,1.000000,0.000000));
#13505=AXIS2_PLACEMENT_3D('',#13502,#13503,#13504);
#13506=PLANE('',#13505);
#13507=DIRECTION('',(0.000000,0.881480,0.472221));
#13508=VECTOR('',#13507,31.764760);
#13509=LINE('',#13425,#13508);
#13510=EDGE_CURVE('',#13426,#13430,#13509,.T.);
#13511=ORIENTED_EDGE('',*,*,#13510,.T.);
#13512=DIRECTION('',(0.000000,-1.000000,0.000000));
#13513=VECTOR('',#13512,28.000000);
#13514=LINE('',#13429,#13513);
#13515=EDGE_CURVE('',#13430,#13432,#13514,.T.);
#13516=ORIENTED_EDGE('',*,*,#13515,.T.);
#13517=DIRECTION('',(0.000000,0.000000,-1.000000));
#13518=VECTOR('',#13517,15.000000);
#13519=LINE('',#13431,#13518);
#13520=EDGE_CURVE('',#13432,#13426,#13519,.T.);
#13521=ORIENTED_EDGE('',*,*,#13520,.T.);
#13522=EDGE_LOOP('',(#13511,#13516,#13521));
#13523=FACE_OUTER_BOUND('',#13522,.T.);
#13524=ADVANCED_FACE('',(#13523),#13506,.T.);
#13525=CARTESIAN_POINT('',(-20.000000,-14.000000,9.000000));
#13526=DIRECTION('',(0.000000,-1.000000,0.000000));
#13527=DIRECTION('',(1.000000,0.000000,0.000000));
#13528=AXIS2_PLACEMENT_3D('',#13525,#13526,#13527);
#13529=PLANE('',#13528);
#13530=DIRECTION('',(0.000000,0.000000,1.000000));
#13531=VECTOR('',#13530,15.000000);
#13532=LINE('',#13425,#13531);
#13533=EDGE_CURVE('',#13426,#13432,#13532,.T.);
#13534=ORIENTED_EDGE('',*,*,#13533,.T.);
#13535=DIRECTION('',(-1.000000,0.000000,0.000000));
#13536=VECTOR('',#13535,4.000000);
#13537=LINE('',#13431,#13536);
#13538=EDGE_CURVE('',#13432,#13424,#13537,.T.);
#13539=ORIENTED_EDGE('',*,*,#13538,.T.);
#13540=DIRECTION('',(0.257663,0.000000,-0.966235));
#13541=VECTOR('',#13540,15.524175);
#13542=LINE('',#13423,#13541);
#13543=EDGE_CURVE('',#13424,#13426,#13542,.T.);
#13544=ORIENTED_EDGE('',*,*,#13543,.T.);
#13545=EDGE_LOOP('',(#13534,#13539,#13544));
#13546=FACE_OUTER_BOUND('',#13545,.T.);
#13547=ADVANCED_FACE('',(#13546),#13529,.T.);
#13548=CARTESIAN_POINT('',(-20.000000,-14.000000,9.000000));
#13549=DIRECTION('',(0.000000,-1.000000,0.000000));
#13550=DIRECTION('',(1.000000,0.000000,0.000000));
#13551=AXIS2_PLACEMENT_3D('',#13548,#13549,#13550);
#13552=PLANE('',#13551);
#13553=DIRECTION('',(-0.257663,0.000000,0.966235));
#13554=VECTOR('',#13553,15.524175);
#13555=LINE('',#13425,#13554);
#13556=EDGE_CURVE('',#13426,#13424,#13555,.T.);
#13557=ORIENTED_EDGE('',*,*,#13556,.T.);
#13558=DIRECTION('',(0.000000,0.000000,-1.000000));
#13559=VECTOR('',#13558,15.000000);
#13560=LINE('',#13423,#13559);
#13561=EDGE_CURVE('',#13424,#13418,#13560,.T.);
#13562=ORIENTED_EDGE('',*,*,#13561,.T.);
#13563=DIRECTION('',(1.000000,0.000000,0.000000));
#13564=VECTOR('',#13563,4.000000);
#13565=LINE('',#13417,#13564);
#13566=EDGE_CURVE('',#13418,#13426,#13565,.T.);
#13567=ORIENTED_EDGE('',*,*,#13566,.T.);
#13568=EDGE_LOOP('',(#13557,#13562,#13567));
#13569=FACE_OUTER_BOUND('',#13568,.T.);
#13570=ADVANCED_FACE('',(#13569),#13552,.T.);
#13571=CARTESIAN_POINT('',(-24.000000,14.000000,9.000000));
#13572=DIRECTION('',(0.000000,1.000000,0.000000));
#13573=DIRECTION('',(1.000000,0.000000,0.000000));
#13574=AXIS2_PLACEMENT_3D('',#13571,#13572,#13573);
#13575=PLANE('',#13574);
#13576=DIRECTION('',(0.000000,0.000000,1.000000));
#13577=VECTOR('',#13576,15.000000);
#13578=LINE('',#13419,#13577);
#13579=EDGE_CURVE('',#13420,#13422,#13578,.T.);
#13580=ORIENTED_EDGE('',*,*,#13579,.T.);
#13581=DIRECTION('',(1.000000,0.000000,0.000000));
#13582=VECTOR('',#13581,4.000000);
#13583=LINE('',#13421,#13582);
#13584=EDGE_CURVE('',#13422,#13430,#13583,.T.);
#13585=ORIENTED_EDGE('',*,*,#13584,.T.);
#13586=DIRECTION('',(-0.257663,0.000000,-0.966235));
#13587=VECTOR('',#13586,15.524175);
#13588=LINE('',#13429,#13587);
#13589=EDGE_CURVE('',#13430,#13420,#13588,.T.);
#13590=ORIENTED_EDGE('',*,*,#13589,.T.);
#13591=EDGE_LOOP('',(#13580,#13585,#13590));
#13592=FACE_OUTER_BOUND('',#13591,.T.);
#13593=ADVANCED_FACE('',(#13592),#13575,.T.);
#13594=CARTESIAN_POINT('',(-24.000000,14.000000,9.000000));
#13595=DIRECTION('',(0.000000,1.000000,0.000000));
#13596=DIRECTION('',(1.000000,0.000000,0.000000));
#13597=AXIS2_PLACEMENT_3D('',#13594,#13595,#13596);
#13598=PLANE('',#13597);
#13599=DIRECTION('',(0.257663,0.000000,0.966235));
#13600=VECTOR('',#13599,15.524175);
#13601=LINE('',#13419,#13600);
#13602=EDGE_CURVE('',#13420,#13430,#13601,.T.);
#13603=ORIENTED_EDGE('',*,*,#13602,.T.);
#13604=DIRECTION('',(0.000000,0.000000,-1.000000));
#13605=VECTOR('',#13604,15.000000);
#13606=LINE('',#13429,#13605);
#13607=EDGE_CURVE('',#13430,#13428,#13606,.T.);
#13608=ORIENTED_EDGE('',*,*,#13607,.T.);
#13609=DIRECTION('',(-1.000000,0.000000,0.000000));
#13610=VECTOR('',#13609,4.000000);
#13611=LINE('',#13427,#13610);
#13612=EDGE_CURVE('',#13428,#13420,#13611,.T.);
#13613=ORIENTED_EDGE('',*,*,#13612,.T.);
#13614=EDGE_LOOP('',(#13603,#13608,#13613));
#13615=FACE_OUTER_BOUND('',#13614,.T.);
#13616=ADVANCED_FACE('',(#13615),#13598,.T.);
#13617=CARTESIAN_POINT('',(-24.000000,14.000000,9.000000));
#13618=DIRECTION('',(0.000000,0.000000,-1.000000));
#13619=DIRECTION('',(1.000000,0.000000,0.000000));
#13620=AXIS2_PLACEMENT_3D('',#13617,#13618,#13619);
#13621=PLANE('',#13620);
#13622=DIRECTION('',(1.000000,0.000000,0.000000));
#13623=VECTOR('',#13622,4.000000);
#13624=LINE('',#13419,#13623);
#13625=EDGE_CURVE('',#13420,#13428,#13624,.T.);
#13626=ORIENTED_EDGE('',*,*,#13625,.T.);
#13627=DIRECTION('',(0.000000,-1.000000,0.000000));
#13628=VECTOR('',#13627,28.000000);
#13629=LINE('',#13427,#13628);
#13630=EDGE_CURVE('',#13428,#13426,#13629,.T.);
#13631=ORIENTED_EDGE('',*,*,#13630,.T.);
#13632=DIRECTION('',(-0.141421,0.989949,0.000000));
#13633=VECTOR('',#13632,28.284271);
#13634=LINE('',#13425,#13633);
#13635=EDGE_CURVE('',#13426,#13420,#13634,.T.);
#13636=ORIENTED_EDGE('',*,*,#13635,.T.);
#13637=EDGE_LOOP('',(#13626,#13631,#13636));
#13638=FACE_OUTER_BOUND('',#13637,.T.);
#13639=ADVANCED_FACE('',(#13638),#13621,.T.);
#13640=CARTESIAN_POINT('',(-24.000000,14.000000,9.000000));
#13641=DIRECTION('',(0.000000,0.000000,-1.000000));
#13642=DIRECTION('',(1.000000,0.000000,0.000000));
#13643=AXIS2_PLACEMENT_3D('',#13640,#13641,#13642);
#13644=PLANE('',#13643);
#13645=DIRECTION('',(0.141421,-0.989949,0.000000));
#13646=VECTOR('',#13645,28.284271);
#13647=LINE('',#13419,#13646);
#13648=EDGE_CURVE('',#13420,#13426,#13647,.T.);
#13649=ORIENTED_EDGE('',*,*,#13648,.T.);
#13650=DIRECTION('',(-1.000000,0.000000,0.000000));
#13651=VECTOR('',#13650,4.000000);
#13652=LINE('',#13425,#13651);
#13653=EDGE_CURVE('',#13426,#13418,#13652,.T.);
#13654=ORIENTED_EDGE('',*,*,#13653,.T.);
#13655=DIRECTION('',(0.000000,1.000000,0.000000));
#13656=VECTOR('',#13655,28.000000);
#13657=LINE('',#13417,#13656);
#13658=EDGE_CURVE('',#13418,#13420,#13657,.T.);
#13659=ORIENTED_EDGE('',*,*,#13658,.T.);
#13660=EDGE_LOOP('',(#13649,#13654,#13659));
#13661=FACE_OUTER_BOUND('',#13660,.T.);
#13662=ADVANCED_FACE('',(#13661),#13644,.T.);
#13663=CARTESIAN_POINT('',(-24.000000,-14.000000,24.000000));
#13664=DIRECTION('',(0.000000,0.000000,1.000000));
#13665=DIRECTION('',(1.000000,0.000000,0.000000));
#13666=AXIS2_PLACEMENT_3D('',#13663,#13664,#13665);
#13667=PLANE('',#13666);
#13668=DIRECTION('',(1.000000,0.000000,0.000000));
#13669=VECTOR('',#13668,4.000000);
#13670=LINE('',#13423,#13669);
#13671=EDGE_CURVE('',#13424,#13432,#13670,.T.);
#13672=ORIENTED_EDGE('',*,*,#13671,.T.);
#13673=DIRECTION('',(0.000000,1.000000,0.000000));
#13674=VECTOR('',#13673,28.000000);
#13675=LINE('',#13431,#13674);
#13676=EDGE_CURVE('',#13432,#13430,#13675,.T.);
#13677=ORIENTED_EDGE('',*,*,#13676,.T.);
#13678=DIRECTION('',(-0.141421,-0.989949,0.000000));
#13679=VECTOR('',#13678,28.284271);
#13680=LINE('',#13429,#13679);
#13681=EDGE_CURVE('',#13430,#13424,#13680,.T.);
#13682=ORIENTED_EDGE('',*,*,#13681,.T.);
#13683=EDGE_LOOP('',(#13672,#13677,#13682));
#13684=FACE_OUTER_BOUND('',#13683,.T.);
#13685=ADVANCED_FACE('',(#13684),#13667,.T.);
#13686=CARTESIAN_POINT('',(-24.000000,-14.000000,24.000000));
#13687=DIRECTION('',(0.000000,0.000000,1.000000));
#13688=DIRECTION('',(1.000000,0.000000,0.000000));
#13689=AXIS2_PLACEMENT_3D('',#13686,#13687,#13688);
#13690=PLANE('',#13689);
#13691=DIRECTION('',(0.141421,0.989949,0.000000));
#13692=VECTOR('',#13691,28.284271);
#13693=LINE('',#13423,#13692);
#13694=EDGE_CURVE('',#13424,#13430,#13693,.T.);
#13695=ORIENTED_EDGE('',*,*,#13694,.T.);
#13696=DIRECTION('',(-1.000000,0.000000,0.000000));
#13697=VECTOR('',#13696,4.000000);
#13698=LINE('',#13429,#13697);
#13699=EDGE_CURVE('',#13430,#13422,#13698,.T.);
#13700=ORIENTED_EDGE('',*,*,#13699,.T.);
#13701=DIRECTION('',(0.000000,-1.000000,0.000000));
#13702=VECTOR('',#13701,28.000000);
#13703=LINE('',#13421,#13702);
#13704=EDGE_CURVE('',#13422,#13424,#13703,.T.);
#13705=ORIENTED_EDGE('',*,*,#13704,.T.);
#13706=EDGE_LOOP('',(#13695,#13700,#13705));
#13707=FACE_OUTER_BOUND('',#13706,.T.);
#13708=ADVANCED_FACE('',(#13707),#13690,.T.);
#13709=CLOSED_SHELL('',(#13455,#13478,#13501,#13524,#13547,#13570,#13593,#13616,#13639,#13662,#13685,#13708));
#13710=FACETED_BREP('x_end_stop_rear',#13709);
#13711=CARTESIAN_POINT('',(68.000000,-14.000000,9.000000));
#13712=VERTEX_POINT('',#13711);
#13713=CARTESIAN_POINT('',(68.000000,14.000000,9.000000));
#13714=VERTEX_POINT('',#13713);
#13715=CARTESIAN_POINT('',(68.000000,14.000000,24.000000));
#13716=VERTEX_POINT('',#13715);
#13717=CARTESIAN_POINT('',(68.000000,-14.000000,24.000000));
#13718=VERTEX_POINT('',#13717);
#13719=CARTESIAN_POINT('',(72.000000,-14.000000,9.000000));
#13720=VERTEX_POINT('',#13719);
#13721=CARTESIAN_POINT('',(72.000000,14.000000,9.000000));
#13722=VERTEX_POINT('',#13721);
#13723=CARTESIAN_POINT('',(72.000000,14.000000,24.000000));
#13724=VERTEX_POINT('',#13723);
#13725=CARTESIAN_POINT('',(72.000000,-14.000000,24.000000));
#13726=VERTEX_POINT('',#13725);
#13727=CARTESIAN_POINT('',(68.000000,-14.000000,24.000000));
#13728=DIRECTION('',(-1.000000,0.000000,0.000000));
#13729=DIRECTION('',(0.000000,1.000000,0.000000));
#13730=AXIS2_PLACEMENT_3D('',#13727,#13728,#13729);
#13731=PLANE('',#13730);
#13732=DIRECTION('',(0.000000,1.000000,0.000000));
#13733=VECTOR('',#13732,28.000000);
#13734=LINE('',#13717,#13733);
#13735=EDGE_CURVE('',#13718,#13716,#13734,.T.);
#13736=ORIENTED_EDGE('',*,*,#13735,.T.);
#13737=DIRECTION('',(0.000000,0.000000,-1.000000));
#13738=VECTOR('',#13737,15.000000);
#13739=LINE('',#13715,#13738);
#13740=EDGE_CURVE('',#13716,#13714,#13739,.T.);
#13741=ORIENTED_EDGE('',*,*,#13740,.T.);
#13742=DIRECTION('',(0.000000,-0.881480,0.472221));
#13743=VECTOR('',#13742,31.764760);
#13744=LINE('',#13713,#13743);
#13745=EDGE_CURVE('',#13714,#13718,#13744,.T.);
#13746=ORIENTED_EDGE('',*,*,#13745,.T.);
#13747=EDGE_LOOP('',(#13736,#13741,#13746));
#13748=FACE_OUTER_BOUND('',#13747,.T.);
#13749=ADVANCED_FACE('',(#13748),#13731,.T.);
#13750=CARTESIAN_POINT('',(68.000000,-14.000000,24.000000));
#13751=DIRECTION('',(-1.000000,0.000000,0.000000));
#13752=DIRECTION('',(0.000000,1.000000,0.000000));
#13753=AXIS2_PLACEMENT_3D('',#13750,#13751,#13752);
#13754=PLANE('',#13753);
#13755=DIRECTION('',(0.000000,0.881480,-0.472221));
#13756=VECTOR('',#13755,31.764760);
#13757=LINE('',#13717,#13756);
#13758=EDGE_CURVE('',#13718,#13714,#13757,.T.);
#13759=ORIENTED_EDGE('',*,*,#13758,.T.);
#13760=DIRECTION('',(0.000000,-1.000000,0.000000));
#13761=VECTOR('',#13760,28.000000);
#13762=LINE('',#13713,#13761);
#13763=EDGE_CURVE('',#13714,#13712,#13762,.T.);
#13764=ORIENTED_EDGE('',*,*,#13763,.T.);
#13765=DIRECTION('',(0.000000,0.000000,1.000000));
#13766=VECTOR('',#13765,15.000000);
#13767=LINE('',#13711,#13766);
#13768=EDGE_CURVE('',#13712,#13718,#13767,.T.);
#13769=ORIENTED_EDGE('',*,*,#13768,.T.);
#13770=EDGE_LOOP('',(#13759,#13764,#13769));
#13771=FACE_OUTER_BOUND('',#13770,.T.);
#13772=ADVANCED_FACE('',(#13771),#13754,.T.);
#13773=CARTESIAN_POINT('',(72.000000,-14.000000,9.000000));
#13774=DIRECTION('',(1.000000,0.000000,0.000000));
#13775=DIRECTION('',(0.000000,1.000000,0.000000));
#13776=AXIS2_PLACEMENT_3D('',#13773,#13774,#13775);
#13777=PLANE('',#13776);
#13778=DIRECTION('',(0.000000,1.000000,0.000000));
#13779=VECTOR('',#13778,28.000000);
#13780=LINE('',#13719,#13779);
#13781=EDGE_CURVE('',#13720,#13722,#13780,.T.);
#13782=ORIENTED_EDGE('',*,*,#13781,.T.);
#13783=DIRECTION('',(0.000000,0.000000,1.000000));
#13784=VECTOR('',#13783,15.000000);
#13785=LINE('',#13721,#13784);
#13786=EDGE_CURVE('',#13722,#13724,#13785,.T.);
#13787=ORIENTED_EDGE('',*,*,#13786,.T.);
#13788=DIRECTION('',(0.000000,-0.881480,-0.472221));
#13789=VECTOR('',#13788,31.764760);
#13790=LINE('',#13723,#13789);
#13791=EDGE_CURVE('',#13724,#13720,#13790,.T.);
#13792=ORIENTED_EDGE('',*,*,#13791,.T.);
#13793=EDGE_LOOP('',(#13782,#13787,#13792));
#13794=FACE_OUTER_BOUND('',#13793,.T.);
#13795=ADVANCED_FACE('',(#13794),#13777,.T.);
#13796=CARTESIAN_POINT('',(72.000000,-14.000000,9.000000));
#13797=DIRECTION('',(1.000000,0.000000,0.000000));
#13798=DIRECTION('',(0.000000,1.000000,0.000000));
#13799=AXIS2_PLACEMENT_3D('',#13796,#13797,#13798);
#13800=PLANE('',#13799);
#13801=DIRECTION('',(0.000000,0.881480,0.472221));
#13802=VECTOR('',#13801,31.764760);
#13803=LINE('',#13719,#13802);
#13804=EDGE_CURVE('',#13720,#13724,#13803,.T.);
#13805=ORIENTED_EDGE('',*,*,#13804,.T.);
#13806=DIRECTION('',(0.000000,-1.000000,0.000000));
#13807=VECTOR('',#13806,28.000000);
#13808=LINE('',#13723,#13807);
#13809=EDGE_CURVE('',#13724,#13726,#13808,.T.);
#13810=ORIENTED_EDGE('',*,*,#13809,.T.);
#13811=DIRECTION('',(0.000000,0.000000,-1.000000));
#13812=VECTOR('',#13811,15.000000);
#13813=LINE('',#13725,#13812);
#13814=EDGE_CURVE('',#13726,#13720,#13813,.T.);
#13815=ORIENTED_EDGE('',*,*,#13814,.T.);
#13816=EDGE_LOOP('',(#13805,#13810,#13815));
#13817=FACE_OUTER_BOUND('',#13816,.T.);
#13818=ADVANCED_FACE('',(#13817),#13800,.T.);
#13819=CARTESIAN_POINT('',(72.000000,-14.000000,9.000000));
#13820=DIRECTION('',(0.000000,-1.000000,0.000000));
#13821=DIRECTION('',(1.000000,0.000000,0.000000));
#13822=AXIS2_PLACEMENT_3D('',#13819,#13820,#13821);
#13823=PLANE('',#13822);
#13824=DIRECTION('',(0.000000,0.000000,1.000000));
#13825=VECTOR('',#13824,15.000000);
#13826=LINE('',#13719,#13825);
#13827=EDGE_CURVE('',#13720,#13726,#13826,.T.);
#13828=ORIENTED_EDGE('',*,*,#13827,.T.);
#13829=DIRECTION('',(-1.000000,0.000000,0.000000));
#13830=VECTOR('',#13829,4.000000);
#13831=LINE('',#13725,#13830);
#13832=EDGE_CURVE('',#13726,#13718,#13831,.T.);
#13833=ORIENTED_EDGE('',*,*,#13832,.T.);
#13834=DIRECTION('',(0.257663,0.000000,-0.966235));
#13835=VECTOR('',#13834,15.524175);
#13836=LINE('',#13717,#13835);
#13837=EDGE_CURVE('',#13718,#13720,#13836,.T.);
#13838=ORIENTED_EDGE('',*,*,#13837,.T.);
#13839=EDGE_LOOP('',(#13828,#13833,#13838));
#13840=FACE_OUTER_BOUND('',#13839,.T.);
#13841=ADVANCED_FACE('',(#13840),#13823,.T.);
#13842=CARTESIAN_POINT('',(72.000000,-14.000000,9.000000));
#13843=DIRECTION('',(0.000000,-1.000000,0.000000));
#13844=DIRECTION('',(1.000000,0.000000,0.000000));
#13845=AXIS2_PLACEMENT_3D('',#13842,#13843,#13844);
#13846=PLANE('',#13845);
#13847=DIRECTION('',(-0.257663,0.000000,0.966235));
#13848=VECTOR('',#13847,15.524175);
#13849=LINE('',#13719,#13848);
#13850=EDGE_CURVE('',#13720,#13718,#13849,.T.);
#13851=ORIENTED_EDGE('',*,*,#13850,.T.);
#13852=DIRECTION('',(0.000000,0.000000,-1.000000));
#13853=VECTOR('',#13852,15.000000);
#13854=LINE('',#13717,#13853);
#13855=EDGE_CURVE('',#13718,#13712,#13854,.T.);
#13856=ORIENTED_EDGE('',*,*,#13855,.T.);
#13857=DIRECTION('',(1.000000,0.000000,0.000000));
#13858=VECTOR('',#13857,4.000000);
#13859=LINE('',#13711,#13858);
#13860=EDGE_CURVE('',#13712,#13720,#13859,.T.);
#13861=ORIENTED_EDGE('',*,*,#13860,.T.);
#13862=EDGE_LOOP('',(#13851,#13856,#13861));
#13863=FACE_OUTER_BOUND('',#13862,.T.);
#13864=ADVANCED_FACE('',(#13863),#13846,.T.);
#13865=CARTESIAN_POINT('',(68.000000,14.000000,9.000000));
#13866=DIRECTION('',(0.000000,1.000000,0.000000));
#13867=DIRECTION('',(1.000000,0.000000,0.000000));
#13868=AXIS2_PLACEMENT_3D('',#13865,#13866,#13867);
#13869=PLANE('',#13868);
#13870=DIRECTION('',(0.000000,0.000000,1.000000));
#13871=VECTOR('',#13870,15.000000);
#13872=LINE('',#13713,#13871);
#13873=EDGE_CURVE('',#13714,#13716,#13872,.T.);
#13874=ORIENTED_EDGE('',*,*,#13873,.T.);
#13875=DIRECTION('',(1.000000,0.000000,0.000000));
#13876=VECTOR('',#13875,4.000000);
#13877=LINE('',#13715,#13876);
#13878=EDGE_CURVE('',#13716,#13724,#13877,.T.);
#13879=ORIENTED_EDGE('',*,*,#13878,.T.);
#13880=DIRECTION('',(-0.257663,0.000000,-0.966235));
#13881=VECTOR('',#13880,15.524175);
#13882=LINE('',#13723,#13881);
#13883=EDGE_CURVE('',#13724,#13714,#13882,.T.);
#13884=ORIENTED_EDGE('',*,*,#13883,.T.);
#13885=EDGE_LOOP('',(#13874,#13879,#13884));
#13886=FACE_OUTER_BOUND('',#13885,.T.);
#13887=ADVANCED_FACE('',(#13886),#13869,.T.);
#13888=CARTESIAN_POINT('',(68.000000,14.000000,9.000000));
#13889=DIRECTION('',(0.000000,1.000000,0.000000));
#13890=DIRECTION('',(1.000000,0.000000,0.000000));
#13891=AXIS2_PLACEMENT_3D('',#13888,#13889,#13890);
#13892=PLANE('',#13891);
#13893=DIRECTION('',(0.257663,0.000000,0.966235));
#13894=VECTOR('',#13893,15.524175);
#13895=LINE('',#13713,#13894);
#13896=EDGE_CURVE('',#13714,#13724,#13895,.T.);
#13897=ORIENTED_EDGE('',*,*,#13896,.T.);
#13898=DIRECTION('',(0.000000,0.000000,-1.000000));
#13899=VECTOR('',#13898,15.000000);
#13900=LINE('',#13723,#13899);
#13901=EDGE_CURVE('',#13724,#13722,#13900,.T.);
#13902=ORIENTED_EDGE('',*,*,#13901,.T.);
#13903=DIRECTION('',(-1.000000,0.000000,0.000000));
#13904=VECTOR('',#13903,4.000000);
#13905=LINE('',#13721,#13904);
#13906=EDGE_CURVE('',#13722,#13714,#13905,.T.);
#13907=ORIENTED_EDGE('',*,*,#13906,.T.);
#13908=EDGE_LOOP('',(#13897,#13902,#13907));
#13909=FACE_OUTER_BOUND('',#13908,.T.);
#13910=ADVANCED_FACE('',(#13909),#13892,.T.);
#13911=CARTESIAN_POINT('',(68.000000,14.000000,9.000000));
#13912=DIRECTION('',(0.000000,0.000000,-1.000000));
#13913=DIRECTION('',(1.000000,0.000000,0.000000));
#13914=AXIS2_PLACEMENT_3D('',#13911,#13912,#13913);
#13915=PLANE('',#13914);
#13916=DIRECTION('',(1.000000,0.000000,0.000000));
#13917=VECTOR('',#13916,4.000000);
#13918=LINE('',#13713,#13917);
#13919=EDGE_CURVE('',#13714,#13722,#13918,.T.);
#13920=ORIENTED_EDGE('',*,*,#13919,.T.);
#13921=DIRECTION('',(0.000000,-1.000000,0.000000));
#13922=VECTOR('',#13921,28.000000);
#13923=LINE('',#13721,#13922);
#13924=EDGE_CURVE('',#13722,#13720,#13923,.T.);
#13925=ORIENTED_EDGE('',*,*,#13924,.T.);
#13926=DIRECTION('',(-0.141421,0.989949,0.000000));
#13927=VECTOR('',#13926,28.284271);
#13928=LINE('',#13719,#13927);
#13929=EDGE_CURVE('',#13720,#13714,#13928,.T.);
#13930=ORIENTED_EDGE('',*,*,#13929,.T.);
#13931=EDGE_LOOP('',(#13920,#13925,#13930));
#13932=FACE_OUTER_BOUND('',#13931,.T.);
#13933=ADVANCED_FACE('',(#13932),#13915,.T.);
#13934=CARTESIAN_POINT('',(68.000000,14.000000,9.000000));
#13935=DIRECTION('',(0.000000,0.000000,-1.000000));
#13936=DIRECTION('',(1.000000,0.000000,0.000000));
#13937=AXIS2_PLACEMENT_3D('',#13934,#13935,#13936);
#13938=PLANE('',#13937);
#13939=DIRECTION('',(0.141421,-0.989949,0.000000));
#13940=VECTOR('',#13939,28.284271);
#13941=LINE('',#13713,#13940);
#13942=EDGE_CURVE('',#13714,#13720,#13941,.T.);
#13943=ORIENTED_EDGE('',*,*,#13942,.T.);
#13944=DIRECTION('',(-1.000000,0.000000,0.000000));
#13945=VECTOR('',#13944,4.000000);
#13946=LINE('',#13719,#13945);
#13947=EDGE_CURVE('',#13720,#13712,#13946,.T.);
#13948=ORIENTED_EDGE('',*,*,#13947,.T.);
#13949=DIRECTION('',(0.000000,1.000000,0.000000));
#13950=VECTOR('',#13949,28.000000);
#13951=LINE('',#13711,#13950);
#13952=EDGE_CURVE('',#13712,#13714,#13951,.T.);
#13953=ORIENTED_EDGE('',*,*,#13952,.T.);
#13954=EDGE_LOOP('',(#13943,#13948,#13953));
#13955=FACE_OUTER_BOUND('',#13954,.T.);
#13956=ADVANCED_FACE('',(#13955),#13938,.T.);
#13957=CARTESIAN_POINT('',(68.000000,-14.000000,24.000000));
#13958=DIRECTION('',(0.000000,0.000000,1.000000));
#13959=DIRECTION('',(1.000000,0.000000,0.000000));
#13960=AXIS2_PLACEMENT_3D('',#13957,#13958,#13959);
#13961=PLANE('',#13960);
#13962=DIRECTION('',(1.000000,0.000000,0.000000));
#13963=VECTOR('',#13962,4.000000);
#13964=LINE('',#13717,#13963);
#13965=EDGE_CURVE('',#13718,#13726,#13964,.T.);
#13966=ORIENTED_EDGE('',*,*,#13965,.T.);
#13967=DIRECTION('',(0.000000,1.000000,0.000000));
#13968=VECTOR('',#13967,28.000000);
#13969=LINE('',#13725,#13968);
#13970=EDGE_CURVE('',#13726,#13724,#13969,.T.);
#13971=ORIENTED_EDGE('',*,*,#13970,.T.);
#13972=DIRECTION('',(-0.141421,-0.989949,0.000000));
#13973=VECTOR('',#13972,28.284271);
#13974=LINE('',#13723,#13973);
#13975=EDGE_CURVE('',#13724,#13718,#13974,.T.);
#13976=ORIENTED_EDGE('',*,*,#13975,.T.);
#13977=EDGE_LOOP('',(#13966,#13971,#13976));
#13978=FACE_OUTER_BOUND('',#13977,.T.);
#13979=ADVANCED_FACE('',(#13978),#13961,.T.);
#13980=CARTESIAN_POINT('',(68.000000,-14.000000,24.000000));
#13981=DIRECTION('',(0.000000,0.000000,1.000000));
#13982=DIRECTION('',(1.000000,0.000000,0.000000));
#13983=AXIS2_PLACEMENT_3D('',#13980,#13981,#13982);
#13984=PLANE('',#13983);
#13985=DIRECTION('',(0.141421,0.989949,0.000000));
#13986=VECTOR('',#13985,28.284271);
#13987=LINE('',#13717,#13986);
#13988=EDGE_CURVE('',#13718,#13724,#13987,.T.);
#13989=ORIENTED_EDGE('',*,*,#13988,.T.);
#13990=DIRECTION('',(-1.000000,0.000000,0.000000));
#13991=VECTOR('',#13990,4.000000);
#13992=LINE('',#13723,#13991);
#13993=EDGE_CURVE('',#13724,#13716,#13992,.T.);
#13994=ORIENTED_EDGE('',*,*,#13993,.T.);
#13995=DIRECTION('',(0.000000,-1.000000,0.000000));
#13996=VECTOR('',#13995,28.000000);
#13997=LINE('',#13715,#13996);
#13998=EDGE_CURVE('',#13716,#13718,#13997,.T.);
#13999=ORIENTED_EDGE('',*,*,#13998,.T.);
#14000=EDGE_LOOP('',(#13989,#13994,#13999));
#14001=FACE_OUTER_BOUND('',#14000,.T.);
#14002=ADVANCED_FACE('',(#14001),#13984,.T.);
#14003=CLOSED_SHELL('',(#13749,#13772,#13795,#13818,#13841,#13864,#13887,#13910,#13933,#13956,#13979,#14002));
#14004=FACETED_BREP('x_end_stop_targetward',#14003);
#14005=CARTESIAN_POINT('',(24.000000,-20.000000,25.000000));
#14006=VERTEX_POINT('',#14005);
#14007=CARTESIAN_POINT('',(23.695518,-20.000000,23.469266));
#14008=VERTEX_POINT('',#14007);
#14009=CARTESIAN_POINT('',(22.828427,-20.000000,22.171573));
#14010=VERTEX_POINT('',#14009);
#14011=CARTESIAN_POINT('',(21.530734,-20.000000,21.304482));
#14012=VERTEX_POINT('',#14011);
#14013=CARTESIAN_POINT('',(20.000000,-20.000000,21.000000));
#14014=VERTEX_POINT('',#14013);
#14015=CARTESIAN_POINT('',(18.469266,-20.000000,21.304482));
#14016=VERTEX_POINT('',#14015);
#14017=CARTESIAN_POINT('',(17.171573,-20.000000,22.171573));
#14018=VERTEX_POINT('',#14017);
#14019=CARTESIAN_POINT('',(16.304482,-20.000000,23.469266));
#14020=VERTEX_POINT('',#14019);
#14021=CARTESIAN_POINT('',(16.000000,-20.000000,25.000000));
#14022=VERTEX_POINT('',#14021);
#14023=CARTESIAN_POINT('',(16.304482,-20.000000,26.530734));
#14024=VERTEX_POINT('',#14023);
#14025=CARTESIAN_POINT('',(17.171573,-20.000000,27.828427));
#14026=VERTEX_POINT('',#14025);
#14027=CARTESIAN_POINT('',(18.469266,-20.000000,28.695518));
#14028=VERTEX_POINT('',#14027);
#14029=CARTESIAN_POINT('',(20.000000,-20.000000,29.000000));
#14030=VERTEX_POINT('',#14029);
#14031=CARTESIAN_POINT('',(21.530734,-20.000000,28.695518));
#14032=VERTEX_POINT('',#14031);
#14033=CARTESIAN_POINT('',(22.828427,-20.000000,27.828427));
#14034=VERTEX_POINT('',#14033);
#14035=CARTESIAN_POINT('',(23.695518,-20.000000,26.530734));
#14036=VERTEX_POINT('',#14035);
#14037=CARTESIAN_POINT('',(24.000000,-16.000000,25.000000));
#14038=VERTEX_POINT('',#14037);
#14039=CARTESIAN_POINT('',(23.695518,-16.000000,23.469266));
#14040=VERTEX_POINT('',#14039);
#14041=CARTESIAN_POINT('',(22.828427,-16.000000,22.171573));
#14042=VERTEX_POINT('',#14041);
#14043=CARTESIAN_POINT('',(21.530734,-16.000000,21.304482));
#14044=VERTEX_POINT('',#14043);
#14045=CARTESIAN_POINT('',(20.000000,-16.000000,21.000000));
#14046=VERTEX_POINT('',#14045);
#14047=CARTESIAN_POINT('',(18.469266,-16.000000,21.304482));
#14048=VERTEX_POINT('',#14047);
#14049=CARTESIAN_POINT('',(17.171573,-16.000000,22.171573));
#14050=VERTEX_POINT('',#14049);
#14051=CARTESIAN_POINT('',(16.304482,-16.000000,23.469266));
#14052=VERTEX_POINT('',#14051);
#14053=CARTESIAN_POINT('',(16.000000,-16.000000,25.000000));
#14054=VERTEX_POINT('',#14053);
#14055=CARTESIAN_POINT('',(16.304482,-16.000000,26.530734));
#14056=VERTEX_POINT('',#14055);
#14057=CARTESIAN_POINT('',(17.171573,-16.000000,27.828427));
#14058=VERTEX_POINT('',#14057);
#14059=CARTESIAN_POINT('',(18.469266,-16.000000,28.695518));
#14060=VERTEX_POINT('',#14059);
#14061=CARTESIAN_POINT('',(20.000000,-16.000000,29.000000));
#14062=VERTEX_POINT('',#14061);
#14063=CARTESIAN_POINT('',(21.530734,-16.000000,28.695518));
#14064=VERTEX_POINT('',#14063);
#14065=CARTESIAN_POINT('',(22.828427,-16.000000,27.828427));
#14066=VERTEX_POINT('',#14065);
#14067=CARTESIAN_POINT('',(23.695518,-16.000000,26.530734));
#14068=VERTEX_POINT('',#14067);
#14069=CARTESIAN_POINT('',(20.000000,-20.000000,25.000000));
#14070=VERTEX_POINT('',#14069);
#14071=CARTESIAN_POINT('',(20.000000,-16.000000,25.000000));
#14072=VERTEX_POINT('',#14071);
#14073=CARTESIAN_POINT('',(24.000000,-20.000000,25.000000));
#14074=DIRECTION('',(0.980785,0.000000,-0.195090));
#14075=DIRECTION('',(0.000000,1.000000,0.000000));
#14076=AXIS2_PLACEMENT_3D('',#14073,#14074,#14075);
#14077=PLANE('',#14076);
#14078=DIRECTION('',(-0.195090,0.000000,-0.980785));
#14079=VECTOR('',#14078,1.560723);
#14080=LINE('',#14005,#14079);
#14081=EDGE_CURVE('',#14006,#14008,#14080,.T.);
#14082=ORIENTED_EDGE('',*,*,#14081,.T.);
#14083=DIRECTION('',(0.000000,1.000000,0.000000));
#14084=VECTOR('',#14083,4.000000);
#14085=LINE('',#14007,#14084);
#14086=EDGE_CURVE('',#14008,#14040,#14085,.T.);
#14087=ORIENTED_EDGE('',*,*,#14086,.T.);
#14088=DIRECTION('',(0.070914,-0.931598,0.356507));
#14089=VECTOR('',#14088,4.293700);
#14090=LINE('',#14039,#14089);
#14091=EDGE_CURVE('',#14040,#14006,#14090,.T.);
#14092=ORIENTED_EDGE('',*,*,#14091,.T.);
#14093=EDGE_LOOP('',(#14082,#14087,#14092));
#14094=FACE_OUTER_BOUND('',#14093,.T.);
#14095=ADVANCED_FACE('',(#14094),#14077,.T.);
#14096=CARTESIAN_POINT('',(24.000000,-20.000000,25.000000));
#14097=DIRECTION('',(0.980785,0.000000,-0.195090));
#14098=DIRECTION('',(0.000000,1.000000,0.000000));
#14099=AXIS2_PLACEMENT_3D('',#14096,#14097,#14098);
#14100=PLANE('',#14099);
#14101=DIRECTION('',(-0.070914,0.931598,-0.356507));
#14102=VECTOR('',#14101,4.293700);
#14103=LINE('',#14005,#14102);
#14104=EDGE_CURVE('',#14006,#14040,#14103,.T.);
#14105=ORIENTED_EDGE('',*,*,#14104,.T.);
#14106=DIRECTION('',(0.195090,0.000000,0.980785));
#14107=VECTOR('',#14106,1.560723);
#14108=LINE('',#14039,#14107);
#14109=EDGE_CURVE('',#14040,#14038,#14108,.T.);
#14110=ORIENTED_EDGE('',*,*,#14109,.T.);
#14111=DIRECTION('',(0.000000,-1.000000,0.000000));
#14112=VECTOR('',#14111,4.000000);
#14113=LINE('',#14037,#14112);
#14114=EDGE_CURVE('',#14038,#14006,#14113,.T.);
#14115=ORIENTED_EDGE('',*,*,#14114,.T.);
#14116=EDGE_LOOP('',(#14105,#14110,#14115));
#14117=FACE_OUTER_BOUND('',#14116,.T.);
#14118=ADVANCED_FACE('',(#14117),#14100,.T.);
#14119=CARTESIAN_POINT('',(23.695518,-20.000000,23.469266));
#14120=DIRECTION('',(0.831470,0.000000,-0.555570));
#14121=DIRECTION('',(0.000000,1.000000,0.000000));
#14122=AXIS2_PLACEMENT_3D('',#14119,#14120,#14121);
#14123=PLANE('',#14122);
#14124=DIRECTION('',(-0.555570,0.000000,-0.831470));
#14125=VECTOR('',#14124,1.560722);
#14126=LINE('',#14007,#14125);
#14127=EDGE_CURVE('',#14008,#14010,#14126,.T.);
#14128=ORIENTED_EDGE('',*,*,#14127,.T.);
#14129=DIRECTION('',(0.000000,1.000000,0.000000));
#14130=VECTOR('',#14129,4.000000);
#14131=LINE('',#14009,#14130);
#14132=EDGE_CURVE('',#14010,#14042,#14131,.T.);
#14133=ORIENTED_EDGE('',*,*,#14132,.T.);
#14134=DIRECTION('',(0.201945,-0.931598,0.302232));
#14135=VECTOR('',#14134,4.293699);
#14136=LINE('',#14041,#14135);
#14137=EDGE_CURVE('',#14042,#14008,#14136,.T.);
#14138=ORIENTED_EDGE('',*,*,#14137,.T.);
#14139=EDGE_LOOP('',(#14128,#14133,#14138));
#14140=FACE_OUTER_BOUND('',#14139,.T.);
#14141=ADVANCED_FACE('',(#14140),#14123,.T.);
#14142=CARTESIAN_POINT('',(23.695518,-20.000000,23.469266));
#14143=DIRECTION('',(0.831470,0.000000,-0.555570));
#14144=DIRECTION('',(0.000000,1.000000,0.000000));
#14145=AXIS2_PLACEMENT_3D('',#14142,#14143,#14144);
#14146=PLANE('',#14145);
#14147=DIRECTION('',(-0.201945,0.931598,-0.302232));
#14148=VECTOR('',#14147,4.293699);
#14149=LINE('',#14007,#14148);
#14150=EDGE_CURVE('',#14008,#14042,#14149,.T.);
#14151=ORIENTED_EDGE('',*,*,#14150,.T.);
#14152=DIRECTION('',(0.555570,0.000000,0.831470));
#14153=VECTOR('',#14152,1.560722);
#14154=LINE('',#14041,#14153);
#14155=EDGE_CURVE('',#14042,#14040,#14154,.T.);
#14156=ORIENTED_EDGE('',*,*,#14155,.T.);
#14157=DIRECTION('',(0.000000,-1.000000,0.000000));
#14158=VECTOR('',#14157,4.000000);
#14159=LINE('',#14039,#14158);
#14160=EDGE_CURVE('',#14040,#14008,#14159,.T.);
#14161=ORIENTED_EDGE('',*,*,#14160,.T.);
#14162=EDGE_LOOP('',(#14151,#14156,#14161));
#14163=FACE_OUTER_BOUND('',#14162,.T.);
#14164=ADVANCED_FACE('',(#14163),#14146,.T.);
#14165=CARTESIAN_POINT('',(22.828427,-20.000000,22.171573));
#14166=DIRECTION('',(0.555570,0.000000,-0.831470));
#14167=DIRECTION('',(0.000000,1.000000,0.000000));
#14168=AXIS2_PLACEMENT_3D('',#14165,#14166,#14167);
#14169=PLANE('',#14168);
#14170=DIRECTION('',(-0.831470,0.000000,-0.555570));
#14171=VECTOR('',#14170,1.560722);
#14172=LINE('',#14009,#14171);
#14173=EDGE_CURVE('',#14010,#14012,#14172,.T.);
#14174=ORIENTED_EDGE('',*,*,#14173,.T.);
#14175=DIRECTION('',(0.000000,1.000000,0.000000));
#14176=VECTOR('',#14175,4.000000);
#14177=LINE('',#14011,#14176);
#14178=EDGE_CURVE('',#14012,#14044,#14177,.T.);
#14179=ORIENTED_EDGE('',*,*,#14178,.T.);
#14180=DIRECTION('',(0.302232,-0.931598,0.201945));
#14181=VECTOR('',#14180,4.293699);
#14182=LINE('',#14043,#14181);
#14183=EDGE_CURVE('',#14044,#14010,#14182,.T.);
#14184=ORIENTED_EDGE('',*,*,#14183,.T.);
#14185=EDGE_LOOP('',(#14174,#14179,#14184));
#14186=FACE_OUTER_BOUND('',#14185,.T.);
#14187=ADVANCED_FACE('',(#14186),#14169,.T.);
#14188=CARTESIAN_POINT('',(22.828427,-20.000000,22.171573));
#14189=DIRECTION('',(0.555570,0.000000,-0.831470));
#14190=DIRECTION('',(0.000000,1.000000,0.000000));
#14191=AXIS2_PLACEMENT_3D('',#14188,#14189,#14190);
#14192=PLANE('',#14191);
#14193=DIRECTION('',(-0.302232,0.931598,-0.201945));
#14194=VECTOR('',#14193,4.293699);
#14195=LINE('',#14009,#14194);
#14196=EDGE_CURVE('',#14010,#14044,#14195,.T.);
#14197=ORIENTED_EDGE('',*,*,#14196,.T.);
#14198=DIRECTION('',(0.831470,0.000000,0.555570));
#14199=VECTOR('',#14198,1.560722);
#14200=LINE('',#14043,#14199);
#14201=EDGE_CURVE('',#14044,#14042,#14200,.T.);
#14202=ORIENTED_EDGE('',*,*,#14201,.T.);
#14203=DIRECTION('',(0.000000,-1.000000,0.000000));
#14204=VECTOR('',#14203,4.000000);
#14205=LINE('',#14041,#14204);
#14206=EDGE_CURVE('',#14042,#14010,#14205,.T.);
#14207=ORIENTED_EDGE('',*,*,#14206,.T.);
#14208=EDGE_LOOP('',(#14197,#14202,#14207));
#14209=FACE_OUTER_BOUND('',#14208,.T.);
#14210=ADVANCED_FACE('',(#14209),#14192,.T.);
#14211=CARTESIAN_POINT('',(21.530734,-20.000000,21.304482));
#14212=DIRECTION('',(0.195090,0.000000,-0.980785));
#14213=DIRECTION('',(0.000000,1.000000,0.000000));
#14214=AXIS2_PLACEMENT_3D('',#14211,#14212,#14213);
#14215=PLANE('',#14214);
#14216=DIRECTION('',(-0.980785,0.000000,-0.195090));
#14217=VECTOR('',#14216,1.560723);
#14218=LINE('',#14011,#14217);
#14219=EDGE_CURVE('',#14012,#14014,#14218,.T.);
#14220=ORIENTED_EDGE('',*,*,#14219,.T.);
#14221=DIRECTION('',(0.000000,1.000000,0.000000));
#14222=VECTOR('',#14221,4.000000);
#14223=LINE('',#14013,#14222);
#14224=EDGE_CURVE('',#14014,#14046,#14223,.T.);
#14225=ORIENTED_EDGE('',*,*,#14224,.T.);
#14226=DIRECTION('',(0.356507,-0.931598,0.070914));
#14227=VECTOR('',#14226,4.293700);
#14228=LINE('',#14045,#14227);
#14229=EDGE_CURVE('',#14046,#14012,#14228,.T.);
#14230=ORIENTED_EDGE('',*,*,#14229,.T.);
#14231=EDGE_LOOP('',(#14220,#14225,#14230));
#14232=FACE_OUTER_BOUND('',#14231,.T.);
#14233=ADVANCED_FACE('',(#14232),#14215,.T.);
#14234=CARTESIAN_POINT('',(21.530734,-20.000000,21.304482));
#14235=DIRECTION('',(0.195090,0.000000,-0.980785));
#14236=DIRECTION('',(0.000000,1.000000,0.000000));
#14237=AXIS2_PLACEMENT_3D('',#14234,#14235,#14236);
#14238=PLANE('',#14237);
#14239=DIRECTION('',(-0.356507,0.931598,-0.070914));
#14240=VECTOR('',#14239,4.293700);
#14241=LINE('',#14011,#14240);
#14242=EDGE_CURVE('',#14012,#14046,#14241,.T.);
#14243=ORIENTED_EDGE('',*,*,#14242,.T.);
#14244=DIRECTION('',(0.980785,0.000000,0.195090));
#14245=VECTOR('',#14244,1.560723);
#14246=LINE('',#14045,#14245);
#14247=EDGE_CURVE('',#14046,#14044,#14246,.T.);
#14248=ORIENTED_EDGE('',*,*,#14247,.T.);
#14249=DIRECTION('',(0.000000,-1.000000,0.000000));
#14250=VECTOR('',#14249,4.000000);
#14251=LINE('',#14043,#14250);
#14252=EDGE_CURVE('',#14044,#14012,#14251,.T.);
#14253=ORIENTED_EDGE('',*,*,#14252,.T.);
#14254=EDGE_LOOP('',(#14243,#14248,#14253));
#14255=FACE_OUTER_BOUND('',#14254,.T.);
#14256=ADVANCED_FACE('',(#14255),#14238,.T.);
#14257=CARTESIAN_POINT('',(20.000000,-20.000000,21.000000));
#14258=DIRECTION('',(-0.195090,0.000000,-0.980785));
#14259=DIRECTION('',(0.000000,1.000000,0.000000));
#14260=AXIS2_PLACEMENT_3D('',#14257,#14258,#14259);
#14261=PLANE('',#14260);
#14262=DIRECTION('',(-0.980785,0.000000,0.195090));
#14263=VECTOR('',#14262,1.560723);
#14264=LINE('',#14013,#14263);
#14265=EDGE_CURVE('',#14014,#14016,#14264,.T.);
#14266=ORIENTED_EDGE('',*,*,#14265,.T.);
#14267=DIRECTION('',(0.000000,1.000000,0.000000));
#14268=VECTOR('',#14267,4.000000);
#14269=LINE('',#14015,#14268);
#14270=EDGE_CURVE('',#14016,#14048,#14269,.T.);
#14271=ORIENTED_EDGE('',*,*,#14270,.T.);
#14272=DIRECTION('',(0.356507,-0.931598,-0.070914));
#14273=VECTOR('',#14272,4.293700);
#14274=LINE('',#14047,#14273);
#14275=EDGE_CURVE('',#14048,#14014,#14274,.T.);
#14276=ORIENTED_EDGE('',*,*,#14275,.T.);
#14277=EDGE_LOOP('',(#14266,#14271,#14276));
#14278=FACE_OUTER_BOUND('',#14277,.T.);
#14279=ADVANCED_FACE('',(#14278),#14261,.T.);
#14280=CARTESIAN_POINT('',(20.000000,-20.000000,21.000000));
#14281=DIRECTION('',(-0.195090,0.000000,-0.980785));
#14282=DIRECTION('',(0.000000,1.000000,0.000000));
#14283=AXIS2_PLACEMENT_3D('',#14280,#14281,#14282);
#14284=PLANE('',#14283);
#14285=DIRECTION('',(-0.356507,0.931598,0.070914));
#14286=VECTOR('',#14285,4.293700);
#14287=LINE('',#14013,#14286);
#14288=EDGE_CURVE('',#14014,#14048,#14287,.T.);
#14289=ORIENTED_EDGE('',*,*,#14288,.T.);
#14290=DIRECTION('',(0.980785,0.000000,-0.195090));
#14291=VECTOR('',#14290,1.560723);
#14292=LINE('',#14047,#14291);
#14293=EDGE_CURVE('',#14048,#14046,#14292,.T.);
#14294=ORIENTED_EDGE('',*,*,#14293,.T.);
#14295=DIRECTION('',(0.000000,-1.000000,0.000000));
#14296=VECTOR('',#14295,4.000000);
#14297=LINE('',#14045,#14296);
#14298=EDGE_CURVE('',#14046,#14014,#14297,.T.);
#14299=ORIENTED_EDGE('',*,*,#14298,.T.);
#14300=EDGE_LOOP('',(#14289,#14294,#14299));
#14301=FACE_OUTER_BOUND('',#14300,.T.);
#14302=ADVANCED_FACE('',(#14301),#14284,.T.);
#14303=CARTESIAN_POINT('',(18.469266,-20.000000,21.304482));
#14304=DIRECTION('',(-0.555570,0.000000,-0.831470));
#14305=DIRECTION('',(0.000000,1.000000,0.000000));
#14306=AXIS2_PLACEMENT_3D('',#14303,#14304,#14305);
#14307=PLANE('',#14306);
#14308=DIRECTION('',(-0.831470,0.000000,0.555570));
#14309=VECTOR('',#14308,1.560722);
#14310=LINE('',#14015,#14309);
#14311=EDGE_CURVE('',#14016,#14018,#14310,.T.);
#14312=ORIENTED_EDGE('',*,*,#14311,.T.);
#14313=DIRECTION('',(0.000000,1.000000,0.000000));
#14314=VECTOR('',#14313,4.000000);
#14315=LINE('',#14017,#14314);
#14316=EDGE_CURVE('',#14018,#14050,#14315,.T.);
#14317=ORIENTED_EDGE('',*,*,#14316,.T.);
#14318=DIRECTION('',(0.302232,-0.931598,-0.201945));
#14319=VECTOR('',#14318,4.293699);
#14320=LINE('',#14049,#14319);
#14321=EDGE_CURVE('',#14050,#14016,#14320,.T.);
#14322=ORIENTED_EDGE('',*,*,#14321,.T.);
#14323=EDGE_LOOP('',(#14312,#14317,#14322));
#14324=FACE_OUTER_BOUND('',#14323,.T.);
#14325=ADVANCED_FACE('',(#14324),#14307,.T.);
#14326=CARTESIAN_POINT('',(18.469266,-20.000000,21.304482));
#14327=DIRECTION('',(-0.555570,0.000000,-0.831470));
#14328=DIRECTION('',(0.000000,1.000000,0.000000));
#14329=AXIS2_PLACEMENT_3D('',#14326,#14327,#14328);
#14330=PLANE('',#14329);
#14331=DIRECTION('',(-0.302232,0.931598,0.201945));
#14332=VECTOR('',#14331,4.293699);
#14333=LINE('',#14015,#14332);
#14334=EDGE_CURVE('',#14016,#14050,#14333,.T.);
#14335=ORIENTED_EDGE('',*,*,#14334,.T.);
#14336=DIRECTION('',(0.831470,0.000000,-0.555570));
#14337=VECTOR('',#14336,1.560722);
#14338=LINE('',#14049,#14337);
#14339=EDGE_CURVE('',#14050,#14048,#14338,.T.);
#14340=ORIENTED_EDGE('',*,*,#14339,.T.);
#14341=DIRECTION('',(0.000000,-1.000000,0.000000));
#14342=VECTOR('',#14341,4.000000);
#14343=LINE('',#14047,#14342);
#14344=EDGE_CURVE('',#14048,#14016,#14343,.T.);
#14345=ORIENTED_EDGE('',*,*,#14344,.T.);
#14346=EDGE_LOOP('',(#14335,#14340,#14345));
#14347=FACE_OUTER_BOUND('',#14346,.T.);
#14348=ADVANCED_FACE('',(#14347),#14330,.T.);
#14349=CARTESIAN_POINT('',(17.171573,-20.000000,22.171573));
#14350=DIRECTION('',(-0.831470,0.000000,-0.555570));
#14351=DIRECTION('',(0.000000,1.000000,0.000000));
#14352=AXIS2_PLACEMENT_3D('',#14349,#14350,#14351);
#14353=PLANE('',#14352);
#14354=DIRECTION('',(-0.555570,0.000000,0.831470));
#14355=VECTOR('',#14354,1.560722);
#14356=LINE('',#14017,#14355);
#14357=EDGE_CURVE('',#14018,#14020,#14356,.T.);
#14358=ORIENTED_EDGE('',*,*,#14357,.T.);
#14359=DIRECTION('',(0.000000,1.000000,0.000000));
#14360=VECTOR('',#14359,4.000000);
#14361=LINE('',#14019,#14360);
#14362=EDGE_CURVE('',#14020,#14052,#14361,.T.);
#14363=ORIENTED_EDGE('',*,*,#14362,.T.);
#14364=DIRECTION('',(0.201945,-0.931598,-0.302232));
#14365=VECTOR('',#14364,4.293699);
#14366=LINE('',#14051,#14365);
#14367=EDGE_CURVE('',#14052,#14018,#14366,.T.);
#14368=ORIENTED_EDGE('',*,*,#14367,.T.);
#14369=EDGE_LOOP('',(#14358,#14363,#14368));
#14370=FACE_OUTER_BOUND('',#14369,.T.);
#14371=ADVANCED_FACE('',(#14370),#14353,.T.);
#14372=CARTESIAN_POINT('',(17.171573,-20.000000,22.171573));
#14373=DIRECTION('',(-0.831470,0.000000,-0.555570));
#14374=DIRECTION('',(0.000000,1.000000,0.000000));
#14375=AXIS2_PLACEMENT_3D('',#14372,#14373,#14374);
#14376=PLANE('',#14375);
#14377=DIRECTION('',(-0.201945,0.931598,0.302232));
#14378=VECTOR('',#14377,4.293699);
#14379=LINE('',#14017,#14378);
#14380=EDGE_CURVE('',#14018,#14052,#14379,.T.);
#14381=ORIENTED_EDGE('',*,*,#14380,.T.);
#14382=DIRECTION('',(0.555570,0.000000,-0.831470));
#14383=VECTOR('',#14382,1.560722);
#14384=LINE('',#14051,#14383);
#14385=EDGE_CURVE('',#14052,#14050,#14384,.T.);
#14386=ORIENTED_EDGE('',*,*,#14385,.T.);
#14387=DIRECTION('',(0.000000,-1.000000,0.000000));
#14388=VECTOR('',#14387,4.000000);
#14389=LINE('',#14049,#14388);
#14390=EDGE_CURVE('',#14050,#14018,#14389,.T.);
#14391=ORIENTED_EDGE('',*,*,#14390,.T.);
#14392=EDGE_LOOP('',(#14381,#14386,#14391));
#14393=FACE_OUTER_BOUND('',#14392,.T.);
#14394=ADVANCED_FACE('',(#14393),#14376,.T.);
#14395=CARTESIAN_POINT('',(16.304482,-20.000000,23.469266));
#14396=DIRECTION('',(-0.980785,0.000000,-0.195090));
#14397=DIRECTION('',(0.000000,1.000000,0.000000));
#14398=AXIS2_PLACEMENT_3D('',#14395,#14396,#14397);
#14399=PLANE('',#14398);
#14400=DIRECTION('',(-0.195090,0.000000,0.980785));
#14401=VECTOR('',#14400,1.560723);
#14402=LINE('',#14019,#14401);
#14403=EDGE_CURVE('',#14020,#14022,#14402,.T.);
#14404=ORIENTED_EDGE('',*,*,#14403,.T.);
#14405=DIRECTION('',(0.000000,1.000000,0.000000));
#14406=VECTOR('',#14405,4.000000);
#14407=LINE('',#14021,#14406);
#14408=EDGE_CURVE('',#14022,#14054,#14407,.T.);
#14409=ORIENTED_EDGE('',*,*,#14408,.T.);
#14410=DIRECTION('',(0.070914,-0.931598,-0.356507));
#14411=VECTOR('',#14410,4.293700);
#14412=LINE('',#14053,#14411);
#14413=EDGE_CURVE('',#14054,#14020,#14412,.T.);
#14414=ORIENTED_EDGE('',*,*,#14413,.T.);
#14415=EDGE_LOOP('',(#14404,#14409,#14414));
#14416=FACE_OUTER_BOUND('',#14415,.T.);
#14417=ADVANCED_FACE('',(#14416),#14399,.T.);
#14418=CARTESIAN_POINT('',(16.304482,-20.000000,23.469266));
#14419=DIRECTION('',(-0.980785,0.000000,-0.195090));
#14420=DIRECTION('',(0.000000,1.000000,0.000000));
#14421=AXIS2_PLACEMENT_3D('',#14418,#14419,#14420);
#14422=PLANE('',#14421);
#14423=DIRECTION('',(-0.070914,0.931598,0.356507));
#14424=VECTOR('',#14423,4.293700);
#14425=LINE('',#14019,#14424);
#14426=EDGE_CURVE('',#14020,#14054,#14425,.T.);
#14427=ORIENTED_EDGE('',*,*,#14426,.T.);
#14428=DIRECTION('',(0.195090,0.000000,-0.980785));
#14429=VECTOR('',#14428,1.560723);
#14430=LINE('',#14053,#14429);
#14431=EDGE_CURVE('',#14054,#14052,#14430,.T.);
#14432=ORIENTED_EDGE('',*,*,#14431,.T.);
#14433=DIRECTION('',(0.000000,-1.000000,0.000000));
#14434=VECTOR('',#14433,4.000000);
#14435=LINE('',#14051,#14434);
#14436=EDGE_CURVE('',#14052,#14020,#14435,.T.);
#14437=ORIENTED_EDGE('',*,*,#14436,.T.);
#14438=EDGE_LOOP('',(#14427,#14432,#14437));
#14439=FACE_OUTER_BOUND('',#14438,.T.);
#14440=ADVANCED_FACE('',(#14439),#14422,.T.);
#14441=CARTESIAN_POINT('',(16.000000,-20.000000,25.000000));
#14442=DIRECTION('',(-0.980785,0.000000,0.195090));
#14443=DIRECTION('',(0.000000,1.000000,0.000000));
#14444=AXIS2_PLACEMENT_3D('',#14441,#14442,#14443);
#14445=PLANE('',#14444);
#14446=DIRECTION('',(0.195090,0.000000,0.980785));
#14447=VECTOR('',#14446,1.560723);
#14448=LINE('',#14021,#14447);
#14449=EDGE_CURVE('',#14022,#14024,#14448,.T.);
#14450=ORIENTED_EDGE('',*,*,#14449,.T.);
#14451=DIRECTION('',(0.000000,1.000000,0.000000));
#14452=VECTOR('',#14451,4.000000);
#14453=LINE('',#14023,#14452);
#14454=EDGE_CURVE('',#14024,#14056,#14453,.T.);
#14455=ORIENTED_EDGE('',*,*,#14454,.T.);
#14456=DIRECTION('',(-0.070914,-0.931598,-0.356507));
#14457=VECTOR('',#14456,4.293700);
#14458=LINE('',#14055,#14457);
#14459=EDGE_CURVE('',#14056,#14022,#14458,.T.);
#14460=ORIENTED_EDGE('',*,*,#14459,.T.);
#14461=EDGE_LOOP('',(#14450,#14455,#14460));
#14462=FACE_OUTER_BOUND('',#14461,.T.);
#14463=ADVANCED_FACE('',(#14462),#14445,.T.);
#14464=CARTESIAN_POINT('',(16.000000,-20.000000,25.000000));
#14465=DIRECTION('',(-0.980785,0.000000,0.195090));
#14466=DIRECTION('',(0.000000,1.000000,0.000000));
#14467=AXIS2_PLACEMENT_3D('',#14464,#14465,#14466);
#14468=PLANE('',#14467);
#14469=DIRECTION('',(0.070914,0.931598,0.356507));
#14470=VECTOR('',#14469,4.293700);
#14471=LINE('',#14021,#14470);
#14472=EDGE_CURVE('',#14022,#14056,#14471,.T.);
#14473=ORIENTED_EDGE('',*,*,#14472,.T.);
#14474=DIRECTION('',(-0.195090,0.000000,-0.980785));
#14475=VECTOR('',#14474,1.560723);
#14476=LINE('',#14055,#14475);
#14477=EDGE_CURVE('',#14056,#14054,#14476,.T.);
#14478=ORIENTED_EDGE('',*,*,#14477,.T.);
#14479=DIRECTION('',(0.000000,-1.000000,0.000000));
#14480=VECTOR('',#14479,4.000000);
#14481=LINE('',#14053,#14480);
#14482=EDGE_CURVE('',#14054,#14022,#14481,.T.);
#14483=ORIENTED_EDGE('',*,*,#14482,.T.);
#14484=EDGE_LOOP('',(#14473,#14478,#14483));
#14485=FACE_OUTER_BOUND('',#14484,.T.);
#14486=ADVANCED_FACE('',(#14485),#14468,.T.);
#14487=CARTESIAN_POINT('',(16.304482,-20.000000,26.530734));
#14488=DIRECTION('',(-0.831470,0.000000,0.555570));
#14489=DIRECTION('',(0.000000,1.000000,0.000000));
#14490=AXIS2_PLACEMENT_3D('',#14487,#14488,#14489);
#14491=PLANE('',#14490);
#14492=DIRECTION('',(0.555570,0.000000,0.831470));
#14493=VECTOR('',#14492,1.560722);
#14494=LINE('',#14023,#14493);
#14495=EDGE_CURVE('',#14024,#14026,#14494,.T.);
#14496=ORIENTED_EDGE('',*,*,#14495,.T.);
#14497=DIRECTION('',(0.000000,1.000000,0.000000));
#14498=VECTOR('',#14497,4.000000);
#14499=LINE('',#14025,#14498);
#14500=EDGE_CURVE('',#14026,#14058,#14499,.T.);
#14501=ORIENTED_EDGE('',*,*,#14500,.T.);
#14502=DIRECTION('',(-0.201945,-0.931598,-0.302232));
#14503=VECTOR('',#14502,4.293699);
#14504=LINE('',#14057,#14503);
#14505=EDGE_CURVE('',#14058,#14024,#14504,.T.);
#14506=ORIENTED_EDGE('',*,*,#14505,.T.);
#14507=EDGE_LOOP('',(#14496,#14501,#14506));
#14508=FACE_OUTER_BOUND('',#14507,.T.);
#14509=ADVANCED_FACE('',(#14508),#14491,.T.);
#14510=CARTESIAN_POINT('',(16.304482,-20.000000,26.530734));
#14511=DIRECTION('',(-0.831470,0.000000,0.555570));
#14512=DIRECTION('',(0.000000,1.000000,0.000000));
#14513=AXIS2_PLACEMENT_3D('',#14510,#14511,#14512);
#14514=PLANE('',#14513);
#14515=DIRECTION('',(0.201945,0.931598,0.302232));
#14516=VECTOR('',#14515,4.293699);
#14517=LINE('',#14023,#14516);
#14518=EDGE_CURVE('',#14024,#14058,#14517,.T.);
#14519=ORIENTED_EDGE('',*,*,#14518,.T.);
#14520=DIRECTION('',(-0.555570,0.000000,-0.831470));
#14521=VECTOR('',#14520,1.560722);
#14522=LINE('',#14057,#14521);
#14523=EDGE_CURVE('',#14058,#14056,#14522,.T.);
#14524=ORIENTED_EDGE('',*,*,#14523,.T.);
#14525=DIRECTION('',(0.000000,-1.000000,0.000000));
#14526=VECTOR('',#14525,4.000000);
#14527=LINE('',#14055,#14526);
#14528=EDGE_CURVE('',#14056,#14024,#14527,.T.);
#14529=ORIENTED_EDGE('',*,*,#14528,.T.);
#14530=EDGE_LOOP('',(#14519,#14524,#14529));
#14531=FACE_OUTER_BOUND('',#14530,.T.);
#14532=ADVANCED_FACE('',(#14531),#14514,.T.);
#14533=CARTESIAN_POINT('',(17.171573,-20.000000,27.828427));
#14534=DIRECTION('',(-0.555570,0.000000,0.831470));
#14535=DIRECTION('',(0.000000,1.000000,0.000000));
#14536=AXIS2_PLACEMENT_3D('',#14533,#14534,#14535);
#14537=PLANE('',#14536);
#14538=DIRECTION('',(0.831470,0.000000,0.555570));
#14539=VECTOR('',#14538,1.560722);
#14540=LINE('',#14025,#14539);
#14541=EDGE_CURVE('',#14026,#14028,#14540,.T.);
#14542=ORIENTED_EDGE('',*,*,#14541,.T.);
#14543=DIRECTION('',(0.000000,1.000000,0.000000));
#14544=VECTOR('',#14543,4.000000);
#14545=LINE('',#14027,#14544);
#14546=EDGE_CURVE('',#14028,#14060,#14545,.T.);
#14547=ORIENTED_EDGE('',*,*,#14546,.T.);
#14548=DIRECTION('',(-0.302232,-0.931598,-0.201945));
#14549=VECTOR('',#14548,4.293699);
#14550=LINE('',#14059,#14549);
#14551=EDGE_CURVE('',#14060,#14026,#14550,.T.);
#14552=ORIENTED_EDGE('',*,*,#14551,.T.);
#14553=EDGE_LOOP('',(#14542,#14547,#14552));
#14554=FACE_OUTER_BOUND('',#14553,.T.);
#14555=ADVANCED_FACE('',(#14554),#14537,.T.);
#14556=CARTESIAN_POINT('',(17.171573,-20.000000,27.828427));
#14557=DIRECTION('',(-0.555570,0.000000,0.831470));
#14558=DIRECTION('',(0.000000,1.000000,0.000000));
#14559=AXIS2_PLACEMENT_3D('',#14556,#14557,#14558);
#14560=PLANE('',#14559);
#14561=DIRECTION('',(0.302232,0.931598,0.201945));
#14562=VECTOR('',#14561,4.293699);
#14563=LINE('',#14025,#14562);
#14564=EDGE_CURVE('',#14026,#14060,#14563,.T.);
#14565=ORIENTED_EDGE('',*,*,#14564,.T.);
#14566=DIRECTION('',(-0.831470,0.000000,-0.555570));
#14567=VECTOR('',#14566,1.560722);
#14568=LINE('',#14059,#14567);
#14569=EDGE_CURVE('',#14060,#14058,#14568,.T.);
#14570=ORIENTED_EDGE('',*,*,#14569,.T.);
#14571=DIRECTION('',(0.000000,-1.000000,0.000000));
#14572=VECTOR('',#14571,4.000000);
#14573=LINE('',#14057,#14572);
#14574=EDGE_CURVE('',#14058,#14026,#14573,.T.);
#14575=ORIENTED_EDGE('',*,*,#14574,.T.);
#14576=EDGE_LOOP('',(#14565,#14570,#14575));
#14577=FACE_OUTER_BOUND('',#14576,.T.);
#14578=ADVANCED_FACE('',(#14577),#14560,.T.);
#14579=CARTESIAN_POINT('',(18.469266,-20.000000,28.695518));
#14580=DIRECTION('',(-0.195090,0.000000,0.980785));
#14581=DIRECTION('',(0.000000,1.000000,0.000000));
#14582=AXIS2_PLACEMENT_3D('',#14579,#14580,#14581);
#14583=PLANE('',#14582);
#14584=DIRECTION('',(0.980785,0.000000,0.195090));
#14585=VECTOR('',#14584,1.560723);
#14586=LINE('',#14027,#14585);
#14587=EDGE_CURVE('',#14028,#14030,#14586,.T.);
#14588=ORIENTED_EDGE('',*,*,#14587,.T.);
#14589=DIRECTION('',(0.000000,1.000000,0.000000));
#14590=VECTOR('',#14589,4.000000);
#14591=LINE('',#14029,#14590);
#14592=EDGE_CURVE('',#14030,#14062,#14591,.T.);
#14593=ORIENTED_EDGE('',*,*,#14592,.T.);
#14594=DIRECTION('',(-0.356507,-0.931598,-0.070914));
#14595=VECTOR('',#14594,4.293700);
#14596=LINE('',#14061,#14595);
#14597=EDGE_CURVE('',#14062,#14028,#14596,.T.);
#14598=ORIENTED_EDGE('',*,*,#14597,.T.);
#14599=EDGE_LOOP('',(#14588,#14593,#14598));
#14600=FACE_OUTER_BOUND('',#14599,.T.);
#14601=ADVANCED_FACE('',(#14600),#14583,.T.);
#14602=CARTESIAN_POINT('',(18.469266,-20.000000,28.695518));
#14603=DIRECTION('',(-0.195090,0.000000,0.980785));
#14604=DIRECTION('',(0.000000,1.000000,0.000000));
#14605=AXIS2_PLACEMENT_3D('',#14602,#14603,#14604);
#14606=PLANE('',#14605);
#14607=DIRECTION('',(0.356507,0.931598,0.070914));
#14608=VECTOR('',#14607,4.293700);
#14609=LINE('',#14027,#14608);
#14610=EDGE_CURVE('',#14028,#14062,#14609,.T.);
#14611=ORIENTED_EDGE('',*,*,#14610,.T.);
#14612=DIRECTION('',(-0.980785,0.000000,-0.195090));
#14613=VECTOR('',#14612,1.560723);
#14614=LINE('',#14061,#14613);
#14615=EDGE_CURVE('',#14062,#14060,#14614,.T.);
#14616=ORIENTED_EDGE('',*,*,#14615,.T.);
#14617=DIRECTION('',(0.000000,-1.000000,0.000000));
#14618=VECTOR('',#14617,4.000000);
#14619=LINE('',#14059,#14618);
#14620=EDGE_CURVE('',#14060,#14028,#14619,.T.);
#14621=ORIENTED_EDGE('',*,*,#14620,.T.);
#14622=EDGE_LOOP('',(#14611,#14616,#14621));
#14623=FACE_OUTER_BOUND('',#14622,.T.);
#14624=ADVANCED_FACE('',(#14623),#14606,.T.);
#14625=CARTESIAN_POINT('',(20.000000,-20.000000,29.000000));
#14626=DIRECTION('',(0.195090,0.000000,0.980785));
#14627=DIRECTION('',(0.000000,1.000000,0.000000));
#14628=AXIS2_PLACEMENT_3D('',#14625,#14626,#14627);
#14629=PLANE('',#14628);
#14630=DIRECTION('',(0.980785,0.000000,-0.195090));
#14631=VECTOR('',#14630,1.560723);
#14632=LINE('',#14029,#14631);
#14633=EDGE_CURVE('',#14030,#14032,#14632,.T.);
#14634=ORIENTED_EDGE('',*,*,#14633,.T.);
#14635=DIRECTION('',(0.000000,1.000000,0.000000));
#14636=VECTOR('',#14635,4.000000);
#14637=LINE('',#14031,#14636);
#14638=EDGE_CURVE('',#14032,#14064,#14637,.T.);
#14639=ORIENTED_EDGE('',*,*,#14638,.T.);
#14640=DIRECTION('',(-0.356507,-0.931598,0.070914));
#14641=VECTOR('',#14640,4.293700);
#14642=LINE('',#14063,#14641);
#14643=EDGE_CURVE('',#14064,#14030,#14642,.T.);
#14644=ORIENTED_EDGE('',*,*,#14643,.T.);
#14645=EDGE_LOOP('',(#14634,#14639,#14644));
#14646=FACE_OUTER_BOUND('',#14645,.T.);
#14647=ADVANCED_FACE('',(#14646),#14629,.T.);
#14648=CARTESIAN_POINT('',(20.000000,-20.000000,29.000000));
#14649=DIRECTION('',(0.195090,0.000000,0.980785));
#14650=DIRECTION('',(0.000000,1.000000,0.000000));
#14651=AXIS2_PLACEMENT_3D('',#14648,#14649,#14650);
#14652=PLANE('',#14651);
#14653=DIRECTION('',(0.356507,0.931598,-0.070914));
#14654=VECTOR('',#14653,4.293700);
#14655=LINE('',#14029,#14654);
#14656=EDGE_CURVE('',#14030,#14064,#14655,.T.);
#14657=ORIENTED_EDGE('',*,*,#14656,.T.);
#14658=DIRECTION('',(-0.980785,0.000000,0.195090));
#14659=VECTOR('',#14658,1.560723);
#14660=LINE('',#14063,#14659);
#14661=EDGE_CURVE('',#14064,#14062,#14660,.T.);
#14662=ORIENTED_EDGE('',*,*,#14661,.T.);
#14663=DIRECTION('',(0.000000,-1.000000,0.000000));
#14664=VECTOR('',#14663,4.000000);
#14665=LINE('',#14061,#14664);
#14666=EDGE_CURVE('',#14062,#14030,#14665,.T.);
#14667=ORIENTED_EDGE('',*,*,#14666,.T.);
#14668=EDGE_LOOP('',(#14657,#14662,#14667));
#14669=FACE_OUTER_BOUND('',#14668,.T.);
#14670=ADVANCED_FACE('',(#14669),#14652,.T.);
#14671=CARTESIAN_POINT('',(21.530734,-20.000000,28.695518));
#14672=DIRECTION('',(0.555570,0.000000,0.831470));
#14673=DIRECTION('',(0.000000,1.000000,0.000000));
#14674=AXIS2_PLACEMENT_3D('',#14671,#14672,#14673);
#14675=PLANE('',#14674);
#14676=DIRECTION('',(0.831470,0.000000,-0.555570));
#14677=VECTOR('',#14676,1.560722);
#14678=LINE('',#14031,#14677);
#14679=EDGE_CURVE('',#14032,#14034,#14678,.T.);
#14680=ORIENTED_EDGE('',*,*,#14679,.T.);
#14681=DIRECTION('',(0.000000,1.000000,0.000000));
#14682=VECTOR('',#14681,4.000000);
#14683=LINE('',#14033,#14682);
#14684=EDGE_CURVE('',#14034,#14066,#14683,.T.);
#14685=ORIENTED_EDGE('',*,*,#14684,.T.);
#14686=DIRECTION('',(-0.302232,-0.931598,0.201945));
#14687=VECTOR('',#14686,4.293699);
#14688=LINE('',#14065,#14687);
#14689=EDGE_CURVE('',#14066,#14032,#14688,.T.);
#14690=ORIENTED_EDGE('',*,*,#14689,.T.);
#14691=EDGE_LOOP('',(#14680,#14685,#14690));
#14692=FACE_OUTER_BOUND('',#14691,.T.);
#14693=ADVANCED_FACE('',(#14692),#14675,.T.);
#14694=CARTESIAN_POINT('',(21.530734,-20.000000,28.695518));
#14695=DIRECTION('',(0.555570,0.000000,0.831470));
#14696=DIRECTION('',(0.000000,1.000000,0.000000));
#14697=AXIS2_PLACEMENT_3D('',#14694,#14695,#14696);
#14698=PLANE('',#14697);
#14699=DIRECTION('',(0.302232,0.931598,-0.201945));
#14700=VECTOR('',#14699,4.293699);
#14701=LINE('',#14031,#14700);
#14702=EDGE_CURVE('',#14032,#14066,#14701,.T.);
#14703=ORIENTED_EDGE('',*,*,#14702,.T.);
#14704=DIRECTION('',(-0.831470,0.000000,0.555570));
#14705=VECTOR('',#14704,1.560722);
#14706=LINE('',#14065,#14705);
#14707=EDGE_CURVE('',#14066,#14064,#14706,.T.);
#14708=ORIENTED_EDGE('',*,*,#14707,.T.);
#14709=DIRECTION('',(0.000000,-1.000000,0.000000));
#14710=VECTOR('',#14709,4.000000);
#14711=LINE('',#14063,#14710);
#14712=EDGE_CURVE('',#14064,#14032,#14711,.T.);
#14713=ORIENTED_EDGE('',*,*,#14712,.T.);
#14714=EDGE_LOOP('',(#14703,#14708,#14713));
#14715=FACE_OUTER_BOUND('',#14714,.T.);
#14716=ADVANCED_FACE('',(#14715),#14698,.T.);
#14717=CARTESIAN_POINT('',(22.828427,-20.000000,27.828427));
#14718=DIRECTION('',(0.831470,0.000000,0.555570));
#14719=DIRECTION('',(0.000000,1.000000,0.000000));
#14720=AXIS2_PLACEMENT_3D('',#14717,#14718,#14719);
#14721=PLANE('',#14720);
#14722=DIRECTION('',(0.555570,0.000000,-0.831470));
#14723=VECTOR('',#14722,1.560722);
#14724=LINE('',#14033,#14723);
#14725=EDGE_CURVE('',#14034,#14036,#14724,.T.);
#14726=ORIENTED_EDGE('',*,*,#14725,.T.);
#14727=DIRECTION('',(0.000000,1.000000,0.000000));
#14728=VECTOR('',#14727,4.000000);
#14729=LINE('',#14035,#14728);
#14730=EDGE_CURVE('',#14036,#14068,#14729,.T.);
#14731=ORIENTED_EDGE('',*,*,#14730,.T.);
#14732=DIRECTION('',(-0.201945,-0.931598,0.302232));
#14733=VECTOR('',#14732,4.293699);
#14734=LINE('',#14067,#14733);
#14735=EDGE_CURVE('',#14068,#14034,#14734,.T.);
#14736=ORIENTED_EDGE('',*,*,#14735,.T.);
#14737=EDGE_LOOP('',(#14726,#14731,#14736));
#14738=FACE_OUTER_BOUND('',#14737,.T.);
#14739=ADVANCED_FACE('',(#14738),#14721,.T.);
#14740=CARTESIAN_POINT('',(22.828427,-20.000000,27.828427));
#14741=DIRECTION('',(0.831470,0.000000,0.555570));
#14742=DIRECTION('',(0.000000,1.000000,0.000000));
#14743=AXIS2_PLACEMENT_3D('',#14740,#14741,#14742);
#14744=PLANE('',#14743);
#14745=DIRECTION('',(0.201945,0.931598,-0.302232));
#14746=VECTOR('',#14745,4.293699);
#14747=LINE('',#14033,#14746);
#14748=EDGE_CURVE('',#14034,#14068,#14747,.T.);
#14749=ORIENTED_EDGE('',*,*,#14748,.T.);
#14750=DIRECTION('',(-0.555570,0.000000,0.831470));
#14751=VECTOR('',#14750,1.560722);
#14752=LINE('',#14067,#14751);
#14753=EDGE_CURVE('',#14068,#14066,#14752,.T.);
#14754=ORIENTED_EDGE('',*,*,#14753,.T.);
#14755=DIRECTION('',(0.000000,-1.000000,0.000000));
#14756=VECTOR('',#14755,4.000000);
#14757=LINE('',#14065,#14756);
#14758=EDGE_CURVE('',#14066,#14034,#14757,.T.);
#14759=ORIENTED_EDGE('',*,*,#14758,.T.);
#14760=EDGE_LOOP('',(#14749,#14754,#14759));
#14761=FACE_OUTER_BOUND('',#14760,.T.);
#14762=ADVANCED_FACE('',(#14761),#14744,.T.);
#14763=CARTESIAN_POINT('',(23.695518,-20.000000,26.530734));
#14764=DIRECTION('',(0.980785,0.000000,0.195090));
#14765=DIRECTION('',(0.000000,1.000000,0.000000));
#14766=AXIS2_PLACEMENT_3D('',#14763,#14764,#14765);
#14767=PLANE('',#14766);
#14768=DIRECTION('',(0.195090,0.000000,-0.980785));
#14769=VECTOR('',#14768,1.560723);
#14770=LINE('',#14035,#14769);
#14771=EDGE_CURVE('',#14036,#14006,#14770,.T.);
#14772=ORIENTED_EDGE('',*,*,#14771,.T.);
#14773=DIRECTION('',(0.000000,1.000000,0.000000));
#14774=VECTOR('',#14773,4.000000);
#14775=LINE('',#14005,#14774);
#14776=EDGE_CURVE('',#14006,#14038,#14775,.T.);
#14777=ORIENTED_EDGE('',*,*,#14776,.T.);
#14778=DIRECTION('',(-0.070914,-0.931598,0.356507));
#14779=VECTOR('',#14778,4.293700);
#14780=LINE('',#14037,#14779);
#14781=EDGE_CURVE('',#14038,#14036,#14780,.T.);
#14782=ORIENTED_EDGE('',*,*,#14781,.T.);
#14783=EDGE_LOOP('',(#14772,#14777,#14782));
#14784=FACE_OUTER_BOUND('',#14783,.T.);
#14785=ADVANCED_FACE('',(#14784),#14767,.T.);
#14786=CARTESIAN_POINT('',(23.695518,-20.000000,26.530734));
#14787=DIRECTION('',(0.980785,0.000000,0.195090));
#14788=DIRECTION('',(0.000000,1.000000,0.000000));
#14789=AXIS2_PLACEMENT_3D('',#14786,#14787,#14788);
#14790=PLANE('',#14789);
#14791=DIRECTION('',(0.070914,0.931598,-0.356507));
#14792=VECTOR('',#14791,4.293700);
#14793=LINE('',#14035,#14792);
#14794=EDGE_CURVE('',#14036,#14038,#14793,.T.);
#14795=ORIENTED_EDGE('',*,*,#14794,.T.);
#14796=DIRECTION('',(-0.195090,0.000000,0.980785));
#14797=VECTOR('',#14796,1.560723);
#14798=LINE('',#14037,#14797);
#14799=EDGE_CURVE('',#14038,#14068,#14798,.T.);
#14800=ORIENTED_EDGE('',*,*,#14799,.T.);
#14801=DIRECTION('',(0.000000,-1.000000,0.000000));
#14802=VECTOR('',#14801,4.000000);
#14803=LINE('',#14067,#14802);
#14804=EDGE_CURVE('',#14068,#14036,#14803,.T.);
#14805=ORIENTED_EDGE('',*,*,#14804,.T.);
#14806=EDGE_LOOP('',(#14795,#14800,#14805));
#14807=FACE_OUTER_BOUND('',#14806,.T.);
#14808=ADVANCED_FACE('',(#14807),#14790,.T.);
#14809=CARTESIAN_POINT('',(20.000000,-20.000000,25.000000));
#14810=DIRECTION('',(0.000000,-1.000000,0.000000));
#14811=DIRECTION('',(1.000000,0.000000,0.000000));
#14812=AXIS2_PLACEMENT_3D('',#14809,#14810,#14811);
#14813=PLANE('',#14812);
#14814=DIRECTION('',(0.923880,0.000000,-0.382684));
#14815=VECTOR('',#14814,4.000000);
#14816=LINE('',#14069,#14815);
#14817=EDGE_CURVE('',#14070,#14008,#14816,.T.);
#14818=ORIENTED_EDGE('',*,*,#14817,.T.);
#14819=DIRECTION('',(0.195090,0.000000,0.980785));
#14820=VECTOR('',#14819,1.560723);
#14821=LINE('',#14007,#14820);
#14822=EDGE_CURVE('',#14008,#14006,#14821,.T.);
#14823=ORIENTED_EDGE('',*,*,#14822,.T.);
#14824=DIRECTION('',(-1.000000,0.000000,0.000000));
#14825=VECTOR('',#14824,4.000000);
#14826=LINE('',#14005,#14825);
#14827=EDGE_CURVE('',#14006,#14070,#14826,.T.);
#14828=ORIENTED_EDGE('',*,*,#14827,.T.);
#14829=EDGE_LOOP('',(#14818,#14823,#14828));
#14830=FACE_OUTER_BOUND('',#14829,.T.);
#14831=ADVANCED_FACE('',(#14830),#14813,.T.);
#14832=CARTESIAN_POINT('',(20.000000,-16.000000,25.000000));
#14833=DIRECTION('',(0.000000,1.000000,0.000000));
#14834=DIRECTION('',(1.000000,0.000000,0.000000));
#14835=AXIS2_PLACEMENT_3D('',#14832,#14833,#14834);
#14836=PLANE('',#14835);
#14837=DIRECTION('',(1.000000,0.000000,0.000000));
#14838=VECTOR('',#14837,4.000000);
#14839=LINE('',#14071,#14838);
#14840=EDGE_CURVE('',#14072,#14038,#14839,.T.);
#14841=ORIENTED_EDGE('',*,*,#14840,.T.);
#14842=DIRECTION('',(-0.195090,0.000000,-0.980785));
#14843=VECTOR('',#14842,1.560723);
#14844=LINE('',#14037,#14843);
#14845=EDGE_CURVE('',#14038,#14040,#14844,.T.);
#14846=ORIENTED_EDGE('',*,*,#14845,.T.);
#14847=DIRECTION('',(-0.923880,0.000000,0.382684));
#14848=VECTOR('',#14847,4.000000);
#14849=LINE('',#14039,#14848);
#14850=EDGE_CURVE('',#14040,#14072,#14849,.T.);
#14851=ORIENTED_EDGE('',*,*,#14850,.T.);
#14852=EDGE_LOOP('',(#14841,#14846,#14851));
#14853=FACE_OUTER_BOUND('',#14852,.T.);
#14854=ADVANCED_FACE('',(#14853),#14836,.T.);
#14855=CARTESIAN_POINT('',(20.000000,-20.000000,25.000000));
#14856=DIRECTION('',(0.000000,-1.000000,0.000000));
#14857=DIRECTION('',(1.000000,0.000000,0.000000));
#14858=AXIS2_PLACEMENT_3D('',#14855,#14856,#14857);
#14859=PLANE('',#14858);
#14860=DIRECTION('',(0.707107,0.000000,-0.707107));
#14861=VECTOR('',#14860,4.000000);
#14862=LINE('',#14069,#14861);
#14863=EDGE_CURVE('',#14070,#14010,#14862,.T.);
#14864=ORIENTED_EDGE('',*,*,#14863,.T.);
#14865=DIRECTION('',(0.555570,0.000000,0.831470));
#14866=VECTOR('',#14865,1.560722);
#14867=LINE('',#14009,#14866);
#14868=EDGE_CURVE('',#14010,#14008,#14867,.T.);
#14869=ORIENTED_EDGE('',*,*,#14868,.T.);
#14870=DIRECTION('',(-0.923880,0.000000,0.382684));
#14871=VECTOR('',#14870,4.000000);
#14872=LINE('',#14007,#14871);
#14873=EDGE_CURVE('',#14008,#14070,#14872,.T.);
#14874=ORIENTED_EDGE('',*,*,#14873,.T.);
#14875=EDGE_LOOP('',(#14864,#14869,#14874));
#14876=FACE_OUTER_BOUND('',#14875,.T.);
#14877=ADVANCED_FACE('',(#14876),#14859,.T.);
#14878=CARTESIAN_POINT('',(20.000000,-16.000000,25.000000));
#14879=DIRECTION('',(0.000000,1.000000,0.000000));
#14880=DIRECTION('',(1.000000,0.000000,0.000000));
#14881=AXIS2_PLACEMENT_3D('',#14878,#14879,#14880);
#14882=PLANE('',#14881);
#14883=DIRECTION('',(0.923880,0.000000,-0.382684));
#14884=VECTOR('',#14883,4.000000);
#14885=LINE('',#14071,#14884);
#14886=EDGE_CURVE('',#14072,#14040,#14885,.T.);
#14887=ORIENTED_EDGE('',*,*,#14886,.T.);
#14888=DIRECTION('',(-0.555570,0.000000,-0.831470));
#14889=VECTOR('',#14888,1.560722);
#14890=LINE('',#14039,#14889);
#14891=EDGE_CURVE('',#14040,#14042,#14890,.T.);
#14892=ORIENTED_EDGE('',*,*,#14891,.T.);
#14893=DIRECTION('',(-0.707107,0.000000,0.707107));
#14894=VECTOR('',#14893,4.000000);
#14895=LINE('',#14041,#14894);
#14896=EDGE_CURVE('',#14042,#14072,#14895,.T.);
#14897=ORIENTED_EDGE('',*,*,#14896,.T.);
#14898=EDGE_LOOP('',(#14887,#14892,#14897));
#14899=FACE_OUTER_BOUND('',#14898,.T.);
#14900=ADVANCED_FACE('',(#14899),#14882,.T.);
#14901=CARTESIAN_POINT('',(20.000000,-20.000000,25.000000));
#14902=DIRECTION('',(0.000000,-1.000000,0.000000));
#14903=DIRECTION('',(1.000000,0.000000,0.000000));
#14904=AXIS2_PLACEMENT_3D('',#14901,#14902,#14903);
#14905=PLANE('',#14904);
#14906=DIRECTION('',(0.382684,0.000000,-0.923880));
#14907=VECTOR('',#14906,4.000000);
#14908=LINE('',#14069,#14907);
#14909=EDGE_CURVE('',#14070,#14012,#14908,.T.);
#14910=ORIENTED_EDGE('',*,*,#14909,.T.);
#14911=DIRECTION('',(0.831470,0.000000,0.555570));
#14912=VECTOR('',#14911,1.560722);
#14913=LINE('',#14011,#14912);
#14914=EDGE_CURVE('',#14012,#14010,#14913,.T.);
#14915=ORIENTED_EDGE('',*,*,#14914,.T.);
#14916=DIRECTION('',(-0.707107,0.000000,0.707107));
#14917=VECTOR('',#14916,4.000000);
#14918=LINE('',#14009,#14917);
#14919=EDGE_CURVE('',#14010,#14070,#14918,.T.);
#14920=ORIENTED_EDGE('',*,*,#14919,.T.);
#14921=EDGE_LOOP('',(#14910,#14915,#14920));
#14922=FACE_OUTER_BOUND('',#14921,.T.);
#14923=ADVANCED_FACE('',(#14922),#14905,.T.);
#14924=CARTESIAN_POINT('',(20.000000,-16.000000,25.000000));
#14925=DIRECTION('',(0.000000,1.000000,0.000000));
#14926=DIRECTION('',(1.000000,0.000000,0.000000));
#14927=AXIS2_PLACEMENT_3D('',#14924,#14925,#14926);
#14928=PLANE('',#14927);
#14929=DIRECTION('',(0.707107,0.000000,-0.707107));
#14930=VECTOR('',#14929,4.000000);
#14931=LINE('',#14071,#14930);
#14932=EDGE_CURVE('',#14072,#14042,#14931,.T.);
#14933=ORIENTED_EDGE('',*,*,#14932,.T.);
#14934=DIRECTION('',(-0.831470,0.000000,-0.555570));
#14935=VECTOR('',#14934,1.560722);
#14936=LINE('',#14041,#14935);
#14937=EDGE_CURVE('',#14042,#14044,#14936,.T.);
#14938=ORIENTED_EDGE('',*,*,#14937,.T.);
#14939=DIRECTION('',(-0.382684,0.000000,0.923880));
#14940=VECTOR('',#14939,4.000000);
#14941=LINE('',#14043,#14940);
#14942=EDGE_CURVE('',#14044,#14072,#14941,.T.);
#14943=ORIENTED_EDGE('',*,*,#14942,.T.);
#14944=EDGE_LOOP('',(#14933,#14938,#14943));
#14945=FACE_OUTER_BOUND('',#14944,.T.);
#14946=ADVANCED_FACE('',(#14945),#14928,.T.);
#14947=CARTESIAN_POINT('',(20.000000,-20.000000,25.000000));
#14948=DIRECTION('',(0.000000,-1.000000,0.000000));
#14949=DIRECTION('',(1.000000,0.000000,0.000000));
#14950=AXIS2_PLACEMENT_3D('',#14947,#14948,#14949);
#14951=PLANE('',#14950);
#14952=DIRECTION('',(0.000000,0.000000,-1.000000));
#14953=VECTOR('',#14952,4.000000);
#14954=LINE('',#14069,#14953);
#14955=EDGE_CURVE('',#14070,#14014,#14954,.T.);
#14956=ORIENTED_EDGE('',*,*,#14955,.T.);
#14957=DIRECTION('',(0.980785,0.000000,0.195090));
#14958=VECTOR('',#14957,1.560723);
#14959=LINE('',#14013,#14958);
#14960=EDGE_CURVE('',#14014,#14012,#14959,.T.);
#14961=ORIENTED_EDGE('',*,*,#14960,.T.);
#14962=DIRECTION('',(-0.382684,0.000000,0.923880));
#14963=VECTOR('',#14962,4.000000);
#14964=LINE('',#14011,#14963);
#14965=EDGE_CURVE('',#14012,#14070,#14964,.T.);
#14966=ORIENTED_EDGE('',*,*,#14965,.T.);
#14967=EDGE_LOOP('',(#14956,#14961,#14966));
#14968=FACE_OUTER_BOUND('',#14967,.T.);
#14969=ADVANCED_FACE('',(#14968),#14951,.T.);
#14970=CARTESIAN_POINT('',(20.000000,-16.000000,25.000000));
#14971=DIRECTION('',(0.000000,1.000000,0.000000));
#14972=DIRECTION('',(1.000000,0.000000,0.000000));
#14973=AXIS2_PLACEMENT_3D('',#14970,#14971,#14972);
#14974=PLANE('',#14973);
#14975=DIRECTION('',(0.382684,0.000000,-0.923880));
#14976=VECTOR('',#14975,4.000000);
#14977=LINE('',#14071,#14976);
#14978=EDGE_CURVE('',#14072,#14044,#14977,.T.);
#14979=ORIENTED_EDGE('',*,*,#14978,.T.);
#14980=DIRECTION('',(-0.980785,0.000000,-0.195090));
#14981=VECTOR('',#14980,1.560723);
#14982=LINE('',#14043,#14981);
#14983=EDGE_CURVE('',#14044,#14046,#14982,.T.);
#14984=ORIENTED_EDGE('',*,*,#14983,.T.);
#14985=DIRECTION('',(0.000000,0.000000,1.000000));
#14986=VECTOR('',#14985,4.000000);
#14987=LINE('',#14045,#14986);
#14988=EDGE_CURVE('',#14046,#14072,#14987,.T.);
#14989=ORIENTED_EDGE('',*,*,#14988,.T.);
#14990=EDGE_LOOP('',(#14979,#14984,#14989));
#14991=FACE_OUTER_BOUND('',#14990,.T.);
#14992=ADVANCED_FACE('',(#14991),#14974,.T.);
#14993=CARTESIAN_POINT('',(20.000000,-20.000000,25.000000));
#14994=DIRECTION('',(0.000000,-1.000000,0.000000));
#14995=DIRECTION('',(1.000000,0.000000,0.000000));
#14996=AXIS2_PLACEMENT_3D('',#14993,#14994,#14995);
#14997=PLANE('',#14996);
#14998=DIRECTION('',(-0.382684,0.000000,-0.923880));
#14999=VECTOR('',#14998,4.000000);
#15000=LINE('',#14069,#14999);
#15001=EDGE_CURVE('',#14070,#14016,#15000,.T.);
#15002=ORIENTED_EDGE('',*,*,#15001,.T.);
#15003=DIRECTION('',(0.980785,0.000000,-0.195090));
#15004=VECTOR('',#15003,1.560723);
#15005=LINE('',#14015,#15004);
#15006=EDGE_CURVE('',#14016,#14014,#15005,.T.);
#15007=ORIENTED_EDGE('',*,*,#15006,.T.);
#15008=DIRECTION('',(0.000000,0.000000,1.000000));
#15009=VECTOR('',#15008,4.000000);
#15010=LINE('',#14013,#15009);
#15011=EDGE_CURVE('',#14014,#14070,#15010,.T.);
#15012=ORIENTED_EDGE('',*,*,#15011,.T.);
#15013=EDGE_LOOP('',(#15002,#15007,#15012));
#15014=FACE_OUTER_BOUND('',#15013,.T.);
#15015=ADVANCED_FACE('',(#15014),#14997,.T.);
#15016=CARTESIAN_POINT('',(20.000000,-16.000000,25.000000));
#15017=DIRECTION('',(0.000000,1.000000,0.000000));
#15018=DIRECTION('',(1.000000,0.000000,0.000000));
#15019=AXIS2_PLACEMENT_3D('',#15016,#15017,#15018);
#15020=PLANE('',#15019);
#15021=DIRECTION('',(0.000000,0.000000,-1.000000));
#15022=VECTOR('',#15021,4.000000);
#15023=LINE('',#14071,#15022);
#15024=EDGE_CURVE('',#14072,#14046,#15023,.T.);
#15025=ORIENTED_EDGE('',*,*,#15024,.T.);
#15026=DIRECTION('',(-0.980785,0.000000,0.195090));
#15027=VECTOR('',#15026,1.560723);
#15028=LINE('',#14045,#15027);
#15029=EDGE_CURVE('',#14046,#14048,#15028,.T.);
#15030=ORIENTED_EDGE('',*,*,#15029,.T.);
#15031=DIRECTION('',(0.382684,0.000000,0.923880));
#15032=VECTOR('',#15031,4.000000);
#15033=LINE('',#14047,#15032);
#15034=EDGE_CURVE('',#14048,#14072,#15033,.T.);
#15035=ORIENTED_EDGE('',*,*,#15034,.T.);
#15036=EDGE_LOOP('',(#15025,#15030,#15035));
#15037=FACE_OUTER_BOUND('',#15036,.T.);
#15038=ADVANCED_FACE('',(#15037),#15020,.T.);
#15039=CARTESIAN_POINT('',(20.000000,-20.000000,25.000000));
#15040=DIRECTION('',(0.000000,-1.000000,0.000000));
#15041=DIRECTION('',(1.000000,0.000000,0.000000));
#15042=AXIS2_PLACEMENT_3D('',#15039,#15040,#15041);
#15043=PLANE('',#15042);
#15044=DIRECTION('',(-0.707107,0.000000,-0.707107));
#15045=VECTOR('',#15044,4.000000);
#15046=LINE('',#14069,#15045);
#15047=EDGE_CURVE('',#14070,#14018,#15046,.T.);
#15048=ORIENTED_EDGE('',*,*,#15047,.T.);
#15049=DIRECTION('',(0.831470,0.000000,-0.555570));
#15050=VECTOR('',#15049,1.560722);
#15051=LINE('',#14017,#15050);
#15052=EDGE_CURVE('',#14018,#14016,#15051,.T.);
#15053=ORIENTED_EDGE('',*,*,#15052,.T.);
#15054=DIRECTION('',(0.382684,0.000000,0.923880));
#15055=VECTOR('',#15054,4.000000);
#15056=LINE('',#14015,#15055);
#15057=EDGE_CURVE('',#14016,#14070,#15056,.T.);
#15058=ORIENTED_EDGE('',*,*,#15057,.T.);
#15059=EDGE_LOOP('',(#15048,#15053,#15058));
#15060=FACE_OUTER_BOUND('',#15059,.T.);
#15061=ADVANCED_FACE('',(#15060),#15043,.T.);
#15062=CARTESIAN_POINT('',(20.000000,-16.000000,25.000000));
#15063=DIRECTION('',(0.000000,1.000000,0.000000));
#15064=DIRECTION('',(1.000000,0.000000,0.000000));
#15065=AXIS2_PLACEMENT_3D('',#15062,#15063,#15064);
#15066=PLANE('',#15065);
#15067=DIRECTION('',(-0.382684,0.000000,-0.923880));
#15068=VECTOR('',#15067,4.000000);
#15069=LINE('',#14071,#15068);
#15070=EDGE_CURVE('',#14072,#14048,#15069,.T.);
#15071=ORIENTED_EDGE('',*,*,#15070,.T.);
#15072=DIRECTION('',(-0.831470,0.000000,0.555570));
#15073=VECTOR('',#15072,1.560722);
#15074=LINE('',#14047,#15073);
#15075=EDGE_CURVE('',#14048,#14050,#15074,.T.);
#15076=ORIENTED_EDGE('',*,*,#15075,.T.);
#15077=DIRECTION('',(0.707107,0.000000,0.707107));
#15078=VECTOR('',#15077,4.000000);
#15079=LINE('',#14049,#15078);
#15080=EDGE_CURVE('',#14050,#14072,#15079,.T.);
#15081=ORIENTED_EDGE('',*,*,#15080,.T.);
#15082=EDGE_LOOP('',(#15071,#15076,#15081));
#15083=FACE_OUTER_BOUND('',#15082,.T.);
#15084=ADVANCED_FACE('',(#15083),#15066,.T.);
#15085=CARTESIAN_POINT('',(20.000000,-20.000000,25.000000));
#15086=DIRECTION('',(0.000000,-1.000000,0.000000));
#15087=DIRECTION('',(1.000000,0.000000,0.000000));
#15088=AXIS2_PLACEMENT_3D('',#15085,#15086,#15087);
#15089=PLANE('',#15088);
#15090=DIRECTION('',(-0.923880,0.000000,-0.382684));
#15091=VECTOR('',#15090,4.000000);
#15092=LINE('',#14069,#15091);
#15093=EDGE_CURVE('',#14070,#14020,#15092,.T.);
#15094=ORIENTED_EDGE('',*,*,#15093,.T.);
#15095=DIRECTION('',(0.555570,0.000000,-0.831470));
#15096=VECTOR('',#15095,1.560722);
#15097=LINE('',#14019,#15096);
#15098=EDGE_CURVE('',#14020,#14018,#15097,.T.);
#15099=ORIENTED_EDGE('',*,*,#15098,.T.);
#15100=DIRECTION('',(0.707107,0.000000,0.707107));
#15101=VECTOR('',#15100,4.000000);
#15102=LINE('',#14017,#15101);
#15103=EDGE_CURVE('',#14018,#14070,#15102,.T.);
#15104=ORIENTED_EDGE('',*,*,#15103,.T.);
#15105=EDGE_LOOP('',(#15094,#15099,#15104));
#15106=FACE_OUTER_BOUND('',#15105,.T.);
#15107=ADVANCED_FACE('',(#15106),#15089,.T.);
#15108=CARTESIAN_POINT('',(20.000000,-16.000000,25.000000));
#15109=DIRECTION('',(0.000000,1.000000,0.000000));
#15110=DIRECTION('',(1.000000,0.000000,0.000000));
#15111=AXIS2_PLACEMENT_3D('',#15108,#15109,#15110);
#15112=PLANE('',#15111);
#15113=DIRECTION('',(-0.707107,0.000000,-0.707107));
#15114=VECTOR('',#15113,4.000000);
#15115=LINE('',#14071,#15114);
#15116=EDGE_CURVE('',#14072,#14050,#15115,.T.);
#15117=ORIENTED_EDGE('',*,*,#15116,.T.);
#15118=DIRECTION('',(-0.555570,0.000000,0.831470));
#15119=VECTOR('',#15118,1.560722);
#15120=LINE('',#14049,#15119);
#15121=EDGE_CURVE('',#14050,#14052,#15120,.T.);
#15122=ORIENTED_EDGE('',*,*,#15121,.T.);
#15123=DIRECTION('',(0.923880,0.000000,0.382684));
#15124=VECTOR('',#15123,4.000000);
#15125=LINE('',#14051,#15124);
#15126=EDGE_CURVE('',#14052,#14072,#15125,.T.);
#15127=ORIENTED_EDGE('',*,*,#15126,.T.);
#15128=EDGE_LOOP('',(#15117,#15122,#15127));
#15129=FACE_OUTER_BOUND('',#15128,.T.);
#15130=ADVANCED_FACE('',(#15129),#15112,.T.);
#15131=CARTESIAN_POINT('',(20.000000,-20.000000,25.000000));
#15132=DIRECTION('',(0.000000,-1.000000,0.000000));
#15133=DIRECTION('',(1.000000,0.000000,0.000000));
#15134=AXIS2_PLACEMENT_3D('',#15131,#15132,#15133);
#15135=PLANE('',#15134);
#15136=DIRECTION('',(-1.000000,0.000000,0.000000));
#15137=VECTOR('',#15136,4.000000);
#15138=LINE('',#14069,#15137);
#15139=EDGE_CURVE('',#14070,#14022,#15138,.T.);
#15140=ORIENTED_EDGE('',*,*,#15139,.T.);
#15141=DIRECTION('',(0.195090,0.000000,-0.980785));
#15142=VECTOR('',#15141,1.560723);
#15143=LINE('',#14021,#15142);
#15144=EDGE_CURVE('',#14022,#14020,#15143,.T.);
#15145=ORIENTED_EDGE('',*,*,#15144,.T.);
#15146=DIRECTION('',(0.923880,0.000000,0.382684));
#15147=VECTOR('',#15146,4.000000);
#15148=LINE('',#14019,#15147);
#15149=EDGE_CURVE('',#14020,#14070,#15148,.T.);
#15150=ORIENTED_EDGE('',*,*,#15149,.T.);
#15151=EDGE_LOOP('',(#15140,#15145,#15150));
#15152=FACE_OUTER_BOUND('',#15151,.T.);
#15153=ADVANCED_FACE('',(#15152),#15135,.T.);
#15154=CARTESIAN_POINT('',(20.000000,-16.000000,25.000000));
#15155=DIRECTION('',(0.000000,1.000000,0.000000));
#15156=DIRECTION('',(1.000000,0.000000,0.000000));
#15157=AXIS2_PLACEMENT_3D('',#15154,#15155,#15156);
#15158=PLANE('',#15157);
#15159=DIRECTION('',(-0.923880,0.000000,-0.382684));
#15160=VECTOR('',#15159,4.000000);
#15161=LINE('',#14071,#15160);
#15162=EDGE_CURVE('',#14072,#14052,#15161,.T.);
#15163=ORIENTED_EDGE('',*,*,#15162,.T.);
#15164=DIRECTION('',(-0.195090,0.000000,0.980785));
#15165=VECTOR('',#15164,1.560723);
#15166=LINE('',#14051,#15165);
#15167=EDGE_CURVE('',#14052,#14054,#15166,.T.);
#15168=ORIENTED_EDGE('',*,*,#15167,.T.);
#15169=DIRECTION('',(1.000000,0.000000,0.000000));
#15170=VECTOR('',#15169,4.000000);
#15171=LINE('',#14053,#15170);
#15172=EDGE_CURVE('',#14054,#14072,#15171,.T.);
#15173=ORIENTED_EDGE('',*,*,#15172,.T.);
#15174=EDGE_LOOP('',(#15163,#15168,#15173));
#15175=FACE_OUTER_BOUND('',#15174,.T.);
#15176=ADVANCED_FACE('',(#15175),#15158,.T.);
#15177=CARTESIAN_POINT('',(20.000000,-20.000000,25.000000));
#15178=DIRECTION('',(0.000000,-1.000000,0.000000));
#15179=DIRECTION('',(1.000000,0.000000,0.000000));
#15180=AXIS2_PLACEMENT_3D('',#15177,#15178,#15179);
#15181=PLANE('',#15180);
#15182=DIRECTION('',(-0.923880,0.000000,0.382684));
#15183=VECTOR('',#15182,4.000000);
#15184=LINE('',#14069,#15183);
#15185=EDGE_CURVE('',#14070,#14024,#15184,.T.);
#15186=ORIENTED_EDGE('',*,*,#15185,.T.);
#15187=DIRECTION('',(-0.195090,0.000000,-0.980785));
#15188=VECTOR('',#15187,1.560723);
#15189=LINE('',#14023,#15188);
#15190=EDGE_CURVE('',#14024,#14022,#15189,.T.);
#15191=ORIENTED_EDGE('',*,*,#15190,.T.);
#15192=DIRECTION('',(1.000000,0.000000,0.000000));
#15193=VECTOR('',#15192,4.000000);
#15194=LINE('',#14021,#15193);
#15195=EDGE_CURVE('',#14022,#14070,#15194,.T.);
#15196=ORIENTED_EDGE('',*,*,#15195,.T.);
#15197=EDGE_LOOP('',(#15186,#15191,#15196));
#15198=FACE_OUTER_BOUND('',#15197,.T.);
#15199=ADVANCED_FACE('',(#15198),#15181,.T.);
#15200=CARTESIAN_POINT('',(20.000000,-16.000000,25.000000));
#15201=DIRECTION('',(0.000000,1.000000,0.000000));
#15202=DIRECTION('',(1.000000,0.000000,0.000000));
#15203=AXIS2_PLACEMENT_3D('',#15200,#15201,#15202);
#15204=PLANE('',#15203);
#15205=DIRECTION('',(-1.000000,0.000000,0.000000));
#15206=VECTOR('',#15205,4.000000);
#15207=LINE('',#14071,#15206);
#15208=EDGE_CURVE('',#14072,#14054,#15207,.T.);
#15209=ORIENTED_EDGE('',*,*,#15208,.T.);
#15210=DIRECTION('',(0.195090,0.000000,0.980785));
#15211=VECTOR('',#15210,1.560723);
#15212=LINE('',#14053,#15211);
#15213=EDGE_CURVE('',#14054,#14056,#15212,.T.);
#15214=ORIENTED_EDGE('',*,*,#15213,.T.);
#15215=DIRECTION('',(0.923880,0.000000,-0.382684));
#15216=VECTOR('',#15215,4.000000);
#15217=LINE('',#14055,#15216);
#15218=EDGE_CURVE('',#14056,#14072,#15217,.T.);
#15219=ORIENTED_EDGE('',*,*,#15218,.T.);
#15220=EDGE_LOOP('',(#15209,#15214,#15219));
#15221=FACE_OUTER_BOUND('',#15220,.T.);
#15222=ADVANCED_FACE('',(#15221),#15204,.T.);
#15223=CARTESIAN_POINT('',(20.000000,-20.000000,25.000000));
#15224=DIRECTION('',(0.000000,-1.000000,0.000000));
#15225=DIRECTION('',(1.000000,0.000000,0.000000));
#15226=AXIS2_PLACEMENT_3D('',#15223,#15224,#15225);
#15227=PLANE('',#15226);
#15228=DIRECTION('',(-0.707107,0.000000,0.707107));
#15229=VECTOR('',#15228,4.000000);
#15230=LINE('',#14069,#15229);
#15231=EDGE_CURVE('',#14070,#14026,#15230,.T.);
#15232=ORIENTED_EDGE('',*,*,#15231,.T.);
#15233=DIRECTION('',(-0.555570,0.000000,-0.831470));
#15234=VECTOR('',#15233,1.560722);
#15235=LINE('',#14025,#15234);
#15236=EDGE_CURVE('',#14026,#14024,#15235,.T.);
#15237=ORIENTED_EDGE('',*,*,#15236,.T.);
#15238=DIRECTION('',(0.923880,0.000000,-0.382684));
#15239=VECTOR('',#15238,4.000000);
#15240=LINE('',#14023,#15239);
#15241=EDGE_CURVE('',#14024,#14070,#15240,.T.);
#15242=ORIENTED_EDGE('',*,*,#15241,.T.);
#15243=EDGE_LOOP('',(#15232,#15237,#15242));
#15244=FACE_OUTER_BOUND('',#15243,.T.);
#15245=ADVANCED_FACE('',(#15244),#15227,.T.);
#15246=CARTESIAN_POINT('',(20.000000,-16.000000,25.000000));
#15247=DIRECTION('',(0.000000,1.000000,0.000000));
#15248=DIRECTION('',(1.000000,0.000000,0.000000));
#15249=AXIS2_PLACEMENT_3D('',#15246,#15247,#15248);
#15250=PLANE('',#15249);
#15251=DIRECTION('',(-0.923880,0.000000,0.382684));
#15252=VECTOR('',#15251,4.000000);
#15253=LINE('',#14071,#15252);
#15254=EDGE_CURVE('',#14072,#14056,#15253,.T.);
#15255=ORIENTED_EDGE('',*,*,#15254,.T.);
#15256=DIRECTION('',(0.555570,0.000000,0.831470));
#15257=VECTOR('',#15256,1.560722);
#15258=LINE('',#14055,#15257);
#15259=EDGE_CURVE('',#14056,#14058,#15258,.T.);
#15260=ORIENTED_EDGE('',*,*,#15259,.T.);
#15261=DIRECTION('',(0.707107,0.000000,-0.707107));
#15262=VECTOR('',#15261,4.000000);
#15263=LINE('',#14057,#15262);
#15264=EDGE_CURVE('',#14058,#14072,#15263,.T.);
#15265=ORIENTED_EDGE('',*,*,#15264,.T.);
#15266=EDGE_LOOP('',(#15255,#15260,#15265));
#15267=FACE_OUTER_BOUND('',#15266,.T.);
#15268=ADVANCED_FACE('',(#15267),#15250,.T.);
#15269=CARTESIAN_POINT('',(20.000000,-20.000000,25.000000));
#15270=DIRECTION('',(0.000000,-1.000000,0.000000));
#15271=DIRECTION('',(1.000000,0.000000,0.000000));
#15272=AXIS2_PLACEMENT_3D('',#15269,#15270,#15271);
#15273=PLANE('',#15272);
#15274=DIRECTION('',(-0.382684,0.000000,0.923880));
#15275=VECTOR('',#15274,4.000000);
#15276=LINE('',#14069,#15275);
#15277=EDGE_CURVE('',#14070,#14028,#15276,.T.);
#15278=ORIENTED_EDGE('',*,*,#15277,.T.);
#15279=DIRECTION('',(-0.831470,0.000000,-0.555570));
#15280=VECTOR('',#15279,1.560722);
#15281=LINE('',#14027,#15280);
#15282=EDGE_CURVE('',#14028,#14026,#15281,.T.);
#15283=ORIENTED_EDGE('',*,*,#15282,.T.);
#15284=DIRECTION('',(0.707107,0.000000,-0.707107));
#15285=VECTOR('',#15284,4.000000);
#15286=LINE('',#14025,#15285);
#15287=EDGE_CURVE('',#14026,#14070,#15286,.T.);
#15288=ORIENTED_EDGE('',*,*,#15287,.T.);
#15289=EDGE_LOOP('',(#15278,#15283,#15288));
#15290=FACE_OUTER_BOUND('',#15289,.T.);
#15291=ADVANCED_FACE('',(#15290),#15273,.T.);
#15292=CARTESIAN_POINT('',(20.000000,-16.000000,25.000000));
#15293=DIRECTION('',(0.000000,1.000000,0.000000));
#15294=DIRECTION('',(1.000000,0.000000,0.000000));
#15295=AXIS2_PLACEMENT_3D('',#15292,#15293,#15294);
#15296=PLANE('',#15295);
#15297=DIRECTION('',(-0.707107,0.000000,0.707107));
#15298=VECTOR('',#15297,4.000000);
#15299=LINE('',#14071,#15298);
#15300=EDGE_CURVE('',#14072,#14058,#15299,.T.);
#15301=ORIENTED_EDGE('',*,*,#15300,.T.);
#15302=DIRECTION('',(0.831470,0.000000,0.555570));
#15303=VECTOR('',#15302,1.560722);
#15304=LINE('',#14057,#15303);
#15305=EDGE_CURVE('',#14058,#14060,#15304,.T.);
#15306=ORIENTED_EDGE('',*,*,#15305,.T.);
#15307=DIRECTION('',(0.382684,0.000000,-0.923880));
#15308=VECTOR('',#15307,4.000000);
#15309=LINE('',#14059,#15308);
#15310=EDGE_CURVE('',#14060,#14072,#15309,.T.);
#15311=ORIENTED_EDGE('',*,*,#15310,.T.);
#15312=EDGE_LOOP('',(#15301,#15306,#15311));
#15313=FACE_OUTER_BOUND('',#15312,.T.);
#15314=ADVANCED_FACE('',(#15313),#15296,.T.);
#15315=CARTESIAN_POINT('',(20.000000,-20.000000,25.000000));
#15316=DIRECTION('',(0.000000,-1.000000,0.000000));
#15317=DIRECTION('',(1.000000,0.000000,0.000000));
#15318=AXIS2_PLACEMENT_3D('',#15315,#15316,#15317);
#15319=PLANE('',#15318);
#15320=DIRECTION('',(0.000000,0.000000,1.000000));
#15321=VECTOR('',#15320,4.000000);
#15322=LINE('',#14069,#15321);
#15323=EDGE_CURVE('',#14070,#14030,#15322,.T.);
#15324=ORIENTED_EDGE('',*,*,#15323,.T.);
#15325=DIRECTION('',(-0.980785,0.000000,-0.195090));
#15326=VECTOR('',#15325,1.560723);
#15327=LINE('',#14029,#15326);
#15328=EDGE_CURVE('',#14030,#14028,#15327,.T.);
#15329=ORIENTED_EDGE('',*,*,#15328,.T.);
#15330=DIRECTION('',(0.382684,0.000000,-0.923880));
#15331=VECTOR('',#15330,4.000000);
#15332=LINE('',#14027,#15331);
#15333=EDGE_CURVE('',#14028,#14070,#15332,.T.);
#15334=ORIENTED_EDGE('',*,*,#15333,.T.);
#15335=EDGE_LOOP('',(#15324,#15329,#15334));
#15336=FACE_OUTER_BOUND('',#15335,.T.);
#15337=ADVANCED_FACE('',(#15336),#15319,.T.);
#15338=CARTESIAN_POINT('',(20.000000,-16.000000,25.000000));
#15339=DIRECTION('',(0.000000,1.000000,0.000000));
#15340=DIRECTION('',(1.000000,0.000000,0.000000));
#15341=AXIS2_PLACEMENT_3D('',#15338,#15339,#15340);
#15342=PLANE('',#15341);
#15343=DIRECTION('',(-0.382684,0.000000,0.923880));
#15344=VECTOR('',#15343,4.000000);
#15345=LINE('',#14071,#15344);
#15346=EDGE_CURVE('',#14072,#14060,#15345,.T.);
#15347=ORIENTED_EDGE('',*,*,#15346,.T.);
#15348=DIRECTION('',(0.980785,0.000000,0.195090));
#15349=VECTOR('',#15348,1.560723);
#15350=LINE('',#14059,#15349);
#15351=EDGE_CURVE('',#14060,#14062,#15350,.T.);
#15352=ORIENTED_EDGE('',*,*,#15351,.T.);
#15353=DIRECTION('',(0.000000,0.000000,-1.000000));
#15354=VECTOR('',#15353,4.000000);
#15355=LINE('',#14061,#15354);
#15356=EDGE_CURVE('',#14062,#14072,#15355,.T.);
#15357=ORIENTED_EDGE('',*,*,#15356,.T.);
#15358=EDGE_LOOP('',(#15347,#15352,#15357));
#15359=FACE_OUTER_BOUND('',#15358,.T.);
#15360=ADVANCED_FACE('',(#15359),#15342,.T.);
#15361=CARTESIAN_POINT('',(20.000000,-20.000000,25.000000));
#15362=DIRECTION('',(0.000000,-1.000000,0.000000));
#15363=DIRECTION('',(1.000000,0.000000,0.000000));
#15364=AXIS2_PLACEMENT_3D('',#15361,#15362,#15363);
#15365=PLANE('',#15364);
#15366=DIRECTION('',(0.382684,0.000000,0.923880));
#15367=VECTOR('',#15366,4.000000);
#15368=LINE('',#14069,#15367);
#15369=EDGE_CURVE('',#14070,#14032,#15368,.T.);
#15370=ORIENTED_EDGE('',*,*,#15369,.T.);
#15371=DIRECTION('',(-0.980785,0.000000,0.195090));
#15372=VECTOR('',#15371,1.560723);
#15373=LINE('',#14031,#15372);
#15374=EDGE_CURVE('',#14032,#14030,#15373,.T.);
#15375=ORIENTED_EDGE('',*,*,#15374,.T.);
#15376=DIRECTION('',(0.000000,0.000000,-1.000000));
#15377=VECTOR('',#15376,4.000000);
#15378=LINE('',#14029,#15377);
#15379=EDGE_CURVE('',#14030,#14070,#15378,.T.);
#15380=ORIENTED_EDGE('',*,*,#15379,.T.);
#15381=EDGE_LOOP('',(#15370,#15375,#15380));
#15382=FACE_OUTER_BOUND('',#15381,.T.);
#15383=ADVANCED_FACE('',(#15382),#15365,.T.);
#15384=CARTESIAN_POINT('',(20.000000,-16.000000,25.000000));
#15385=DIRECTION('',(0.000000,1.000000,0.000000));
#15386=DIRECTION('',(1.000000,0.000000,0.000000));
#15387=AXIS2_PLACEMENT_3D('',#15384,#15385,#15386);
#15388=PLANE('',#15387);
#15389=DIRECTION('',(0.000000,0.000000,1.000000));
#15390=VECTOR('',#15389,4.000000);
#15391=LINE('',#14071,#15390);
#15392=EDGE_CURVE('',#14072,#14062,#15391,.T.);
#15393=ORIENTED_EDGE('',*,*,#15392,.T.);
#15394=DIRECTION('',(0.980785,0.000000,-0.195090));
#15395=VECTOR('',#15394,1.560723);
#15396=LINE('',#14061,#15395);
#15397=EDGE_CURVE('',#14062,#14064,#15396,.T.);
#15398=ORIENTED_EDGE('',*,*,#15397,.T.);
#15399=DIRECTION('',(-0.382684,0.000000,-0.923880));
#15400=VECTOR('',#15399,4.000000);
#15401=LINE('',#14063,#15400);
#15402=EDGE_CURVE('',#14064,#14072,#15401,.T.);
#15403=ORIENTED_EDGE('',*,*,#15402,.T.);
#15404=EDGE_LOOP('',(#15393,#15398,#15403));
#15405=FACE_OUTER_BOUND('',#15404,.T.);
#15406=ADVANCED_FACE('',(#15405),#15388,.T.);
#15407=CARTESIAN_POINT('',(20.000000,-20.000000,25.000000));
#15408=DIRECTION('',(0.000000,-1.000000,0.000000));
#15409=DIRECTION('',(1.000000,0.000000,0.000000));
#15410=AXIS2_PLACEMENT_3D('',#15407,#15408,#15409);
#15411=PLANE('',#15410);
#15412=DIRECTION('',(0.707107,0.000000,0.707107));
#15413=VECTOR('',#15412,4.000000);
#15414=LINE('',#14069,#15413);
#15415=EDGE_CURVE('',#14070,#14034,#15414,.T.);
#15416=ORIENTED_EDGE('',*,*,#15415,.T.);
#15417=DIRECTION('',(-0.831470,0.000000,0.555570));
#15418=VECTOR('',#15417,1.560722);
#15419=LINE('',#14033,#15418);
#15420=EDGE_CURVE('',#14034,#14032,#15419,.T.);
#15421=ORIENTED_EDGE('',*,*,#15420,.T.);
#15422=DIRECTION('',(-0.382684,0.000000,-0.923880));
#15423=VECTOR('',#15422,4.000000);
#15424=LINE('',#14031,#15423);
#15425=EDGE_CURVE('',#14032,#14070,#15424,.T.);
#15426=ORIENTED_EDGE('',*,*,#15425,.T.);
#15427=EDGE_LOOP('',(#15416,#15421,#15426));
#15428=FACE_OUTER_BOUND('',#15427,.T.);
#15429=ADVANCED_FACE('',(#15428),#15411,.T.);
#15430=CARTESIAN_POINT('',(20.000000,-16.000000,25.000000));
#15431=DIRECTION('',(0.000000,1.000000,0.000000));
#15432=DIRECTION('',(1.000000,0.000000,0.000000));
#15433=AXIS2_PLACEMENT_3D('',#15430,#15431,#15432);
#15434=PLANE('',#15433);
#15435=DIRECTION('',(0.382684,0.000000,0.923880));
#15436=VECTOR('',#15435,4.000000);
#15437=LINE('',#14071,#15436);
#15438=EDGE_CURVE('',#14072,#14064,#15437,.T.);
#15439=ORIENTED_EDGE('',*,*,#15438,.T.);
#15440=DIRECTION('',(0.831470,0.000000,-0.555570));
#15441=VECTOR('',#15440,1.560722);
#15442=LINE('',#14063,#15441);
#15443=EDGE_CURVE('',#14064,#14066,#15442,.T.);
#15444=ORIENTED_EDGE('',*,*,#15443,.T.);
#15445=DIRECTION('',(-0.707107,0.000000,-0.707107));
#15446=VECTOR('',#15445,4.000000);
#15447=LINE('',#14065,#15446);
#15448=EDGE_CURVE('',#14066,#14072,#15447,.T.);
#15449=ORIENTED_EDGE('',*,*,#15448,.T.);
#15450=EDGE_LOOP('',(#15439,#15444,#15449));
#15451=FACE_OUTER_BOUND('',#15450,.T.);
#15452=ADVANCED_FACE('',(#15451),#15434,.T.);
#15453=CARTESIAN_POINT('',(20.000000,-20.000000,25.000000));
#15454=DIRECTION('',(0.000000,-1.000000,0.000000));
#15455=DIRECTION('',(1.000000,0.000000,0.000000));
#15456=AXIS2_PLACEMENT_3D('',#15453,#15454,#15455);
#15457=PLANE('',#15456);
#15458=DIRECTION('',(0.923880,0.000000,0.382684));
#15459=VECTOR('',#15458,4.000000);
#15460=LINE('',#14069,#15459);
#15461=EDGE_CURVE('',#14070,#14036,#15460,.T.);
#15462=ORIENTED_EDGE('',*,*,#15461,.T.);
#15463=DIRECTION('',(-0.555570,0.000000,0.831470));
#15464=VECTOR('',#15463,1.560722);
#15465=LINE('',#14035,#15464);
#15466=EDGE_CURVE('',#14036,#14034,#15465,.T.);
#15467=ORIENTED_EDGE('',*,*,#15466,.T.);
#15468=DIRECTION('',(-0.707107,0.000000,-0.707107));
#15469=VECTOR('',#15468,4.000000);
#15470=LINE('',#14033,#15469);
#15471=EDGE_CURVE('',#14034,#14070,#15470,.T.);
#15472=ORIENTED_EDGE('',*,*,#15471,.T.);
#15473=EDGE_LOOP('',(#15462,#15467,#15472));
#15474=FACE_OUTER_BOUND('',#15473,.T.);
#15475=ADVANCED_FACE('',(#15474),#15457,.T.);
#15476=CARTESIAN_POINT('',(20.000000,-16.000000,25.000000));
#15477=DIRECTION('',(0.000000,1.000000,0.000000));
#15478=DIRECTION('',(1.000000,0.000000,0.000000));
#15479=AXIS2_PLACEMENT_3D('',#15476,#15477,#15478);
#15480=PLANE('',#15479);
#15481=DIRECTION('',(0.707107,0.000000,0.707107));
#15482=VECTOR('',#15481,4.000000);
#15483=LINE('',#14071,#15482);
#15484=EDGE_CURVE('',#14072,#14066,#15483,.T.);
#15485=ORIENTED_EDGE('',*,*,#15484,.T.);
#15486=DIRECTION('',(0.555570,0.000000,-0.831470));
#15487=VECTOR('',#15486,1.560722);
#15488=LINE('',#14065,#15487);
#15489=EDGE_CURVE('',#14066,#14068,#15488,.T.);
#15490=ORIENTED_EDGE('',*,*,#15489,.T.);
#15491=DIRECTION('',(-0.923880,0.000000,-0.382684));
#15492=VECTOR('',#15491,4.000000);
#15493=LINE('',#14067,#15492);
#15494=EDGE_CURVE('',#14068,#14072,#15493,.T.);
#15495=ORIENTED_EDGE('',*,*,#15494,.T.);
#15496=EDGE_LOOP('',(#15485,#15490,#15495));
#15497=FACE_OUTER_BOUND('',#15496,.T.);
#15498=ADVANCED_FACE('',(#15497),#15480,.T.);
#15499=CARTESIAN_POINT('',(20.000000,-20.000000,25.000000));
#15500=DIRECTION('',(0.000000,-1.000000,0.000000));
#15501=DIRECTION('',(1.000000,0.000000,0.000000));
#15502=AXIS2_PLACEMENT_3D('',#15499,#15500,#15501);
#15503=PLANE('',#15502);
#15504=DIRECTION('',(1.000000,0.000000,0.000000));
#15505=VECTOR('',#15504,4.000000);
#15506=LINE('',#14069,#15505);
#15507=EDGE_CURVE('',#14070,#14006,#15506,.T.);
#15508=ORIENTED_EDGE('',*,*,#15507,.T.);
#15509=DIRECTION('',(-0.195090,0.000000,0.980785));
#15510=VECTOR('',#15509,1.560723);
#15511=LINE('',#14005,#15510);
#15512=EDGE_CURVE('',#14006,#14036,#15511,.T.);
#15513=ORIENTED_EDGE('',*,*,#15512,.T.);
#15514=DIRECTION('',(-0.923880,0.000000,-0.382684));
#15515=VECTOR('',#15514,4.000000);
#15516=LINE('',#14035,#15515);
#15517=EDGE_CURVE('',#14036,#14070,#15516,.T.);
#15518=ORIENTED_EDGE('',*,*,#15517,.T.);
#15519=EDGE_LOOP('',(#15508,#15513,#15518));
#15520=FACE_OUTER_BOUND('',#15519,.T.);
#15521=ADVANCED_FACE('',(#15520),#15503,.T.);
#15522=CARTESIAN_POINT('',(20.000000,-16.000000,25.000000));
#15523=DIRECTION('',(0.000000,1.000000,0.000000));
#15524=DIRECTION('',(1.000000,0.000000,0.000000));
#15525=AXIS2_PLACEMENT_3D('',#15522,#15523,#15524);
#15526=PLANE('',#15525);
#15527=DIRECTION('',(0.923880,0.000000,0.382684));
#15528=VECTOR('',#15527,4.000000);
#15529=LINE('',#14071,#15528);
#15530=EDGE_CURVE('',#14072,#14068,#15529,.T.);
#15531=ORIENTED_EDGE('',*,*,#15530,.T.);
#15532=DIRECTION('',(0.195090,0.000000,-0.980785));
#15533=VECTOR('',#15532,1.560723);
#15534=LINE('',#14067,#15533);
#15535=EDGE_CURVE('',#14068,#14038,#15534,.T.);
#15536=ORIENTED_EDGE('',*,*,#15535,.T.);
#15537=DIRECTION('',(-1.000000,0.000000,0.000000));
#15538=VECTOR('',#15537,4.000000);
#15539=LINE('',#14037,#15538);
#15540=EDGE_CURVE('',#14038,#14072,#15539,.T.);
#15541=ORIENTED_EDGE('',*,*,#15540,.T.);
#15542=EDGE_LOOP('',(#15531,#15536,#15541));
#15543=FACE_OUTER_BOUND('',#15542,.T.);
#15544=ADVANCED_FACE('',(#15543),#15526,.T.);
#15545=CLOSED_SHELL('',(#14095,#14118,#14141,#14164,#14187,#14210,#14233,#14256,#14279,#14302,#14325,#14348,#14371,#14394,#14417,#14440,#14463,#14486,#14509,#14532,#14555,#14578,#14601,#14624,#14647,#14670,#14693,#14716,#14739,#14762,#14785,#14808,#14831,#14854,#14877,#14900,#14923,#14946,#14969,#14992,#15015,#15038,#15061,#15084,#15107,#15130,#15153,#15176,#15199,#15222,#15245,#15268,#15291,#15314,#15337,#15360,#15383,#15406,#15429,#15452,#15475,#15498,#15521,#15544));
#15546=FACETED_BREP('x_lock',#15545);
#15547=CARTESIAN_POINT('',(-20.000000,-17.000000,22.200000));
#15548=VERTEX_POINT('',#15547);
#15549=CARTESIAN_POINT('',(-20.000000,-15.000000,22.200000));
#15550=VERTEX_POINT('',#15549);
#15551=CARTESIAN_POINT('',(-20.000000,-15.000000,23.500000));
#15552=VERTEX_POINT('',#15551);
#15553=CARTESIAN_POINT('',(-20.000000,-17.000000,23.500000));
#15554=VERTEX_POINT('',#15553);
#15555=CARTESIAN_POINT('',(68.000000,-17.000000,22.200000));
#15556=VERTEX_POINT('',#15555);
#15557=CARTESIAN_POINT('',(68.000000,-15.000000,22.200000));
#15558=VERTEX_POINT('',#15557);
#15559=CARTESIAN_POINT('',(68.000000,-15.000000,23.500000));
#15560=VERTEX_POINT('',#15559);
#15561=CARTESIAN_POINT('',(68.000000,-17.000000,23.500000));
#15562=VERTEX_POINT('',#15561);
#15563=CARTESIAN_POINT('',(-20.000000,-17.000000,23.500000));
#15564=DIRECTION('',(-1.000000,0.000000,0.000000));
#15565=DIRECTION('',(0.000000,1.000000,0.000000));
#15566=AXIS2_PLACEMENT_3D('',#15563,#15564,#15565);
#15567=PLANE('',#15566);
#15568=DIRECTION('',(0.000000,1.000000,0.000000));
#15569=VECTOR('',#15568,2.000000);
#15570=LINE('',#15553,#15569);
#15571=EDGE_CURVE('',#15554,#15552,#15570,.T.);
#15572=ORIENTED_EDGE('',*,*,#15571,.T.);
#15573=DIRECTION('',(0.000000,0.000000,-1.000000));
#15574=VECTOR('',#15573,1.300000);
#15575=LINE('',#15551,#15574);
#15576=EDGE_CURVE('',#15552,#15550,#15575,.T.);
#15577=ORIENTED_EDGE('',*,*,#15576,.T.);
#15578=DIRECTION('',(0.000000,-0.838444,0.544988));
#15579=VECTOR('',#15578,2.385372);
#15580=LINE('',#15549,#15579);
#15581=EDGE_CURVE('',#15550,#15554,#15580,.T.);
#15582=ORIENTED_EDGE('',*,*,#15581,.T.);
#15583=EDGE_LOOP('',(#15572,#15577,#15582));
#15584=FACE_OUTER_BOUND('',#15583,.T.);
#15585=ADVANCED_FACE('',(#15584),#15567,.T.);
#15586=CARTESIAN_POINT('',(-20.000000,-17.000000,23.500000));
#15587=DIRECTION('',(-1.000000,0.000000,0.000000));
#15588=DIRECTION('',(0.000000,1.000000,0.000000));
#15589=AXIS2_PLACEMENT_3D('',#15586,#15587,#15588);
#15590=PLANE('',#15589);
#15591=DIRECTION('',(0.000000,0.838444,-0.544988));
#15592=VECTOR('',#15591,2.385372);
#15593=LINE('',#15553,#15592);
#15594=EDGE_CURVE('',#15554,#15550,#15593,.T.);
#15595=ORIENTED_EDGE('',*,*,#15594,.T.);
#15596=DIRECTION('',(0.000000,-1.000000,0.000000));
#15597=VECTOR('',#15596,2.000000);
#15598=LINE('',#15549,#15597);
#15599=EDGE_CURVE('',#15550,#15548,#15598,.T.);
#15600=ORIENTED_EDGE('',*,*,#15599,.T.);
#15601=DIRECTION('',(0.000000,0.000000,1.000000));
#15602=VECTOR('',#15601,1.300000);
#15603=LINE('',#15547,#15602);
#15604=EDGE_CURVE('',#15548,#15554,#15603,.T.);
#15605=ORIENTED_EDGE('',*,*,#15604,.T.);
#15606=EDGE_LOOP('',(#15595,#15600,#15605));
#15607=FACE_OUTER_BOUND('',#15606,.T.);
#15608=ADVANCED_FACE('',(#15607),#15590,.T.);
#15609=CARTESIAN_POINT('',(68.000000,-17.000000,22.200000));
#15610=DIRECTION('',(1.000000,0.000000,0.000000));
#15611=DIRECTION('',(0.000000,1.000000,0.000000));
#15612=AXIS2_PLACEMENT_3D('',#15609,#15610,#15611);
#15613=PLANE('',#15612);
#15614=DIRECTION('',(0.000000,1.000000,0.000000));
#15615=VECTOR('',#15614,2.000000);
#15616=LINE('',#15555,#15615);
#15617=EDGE_CURVE('',#15556,#15558,#15616,.T.);
#15618=ORIENTED_EDGE('',*,*,#15617,.T.);
#15619=DIRECTION('',(0.000000,0.000000,1.000000));
#15620=VECTOR('',#15619,1.300000);
#15621=LINE('',#15557,#15620);
#15622=EDGE_CURVE('',#15558,#15560,#15621,.T.);
#15623=ORIENTED_EDGE('',*,*,#15622,.T.);
#15624=DIRECTION('',(0.000000,-0.838444,-0.544988));
#15625=VECTOR('',#15624,2.385372);
#15626=LINE('',#15559,#15625);
#15627=EDGE_CURVE('',#15560,#15556,#15626,.T.);
#15628=ORIENTED_EDGE('',*,*,#15627,.T.);
#15629=EDGE_LOOP('',(#15618,#15623,#15628));
#15630=FACE_OUTER_BOUND('',#15629,.T.);
#15631=ADVANCED_FACE('',(#15630),#15613,.T.);
#15632=CARTESIAN_POINT('',(68.000000,-17.000000,22.200000));
#15633=DIRECTION('',(1.000000,0.000000,0.000000));
#15634=DIRECTION('',(0.000000,1.000000,0.000000));
#15635=AXIS2_PLACEMENT_3D('',#15632,#15633,#15634);
#15636=PLANE('',#15635);
#15637=DIRECTION('',(0.000000,0.838444,0.544988));
#15638=VECTOR('',#15637,2.385372);
#15639=LINE('',#15555,#15638);
#15640=EDGE_CURVE('',#15556,#15560,#15639,.T.);
#15641=ORIENTED_EDGE('',*,*,#15640,.T.);
#15642=DIRECTION('',(0.000000,-1.000000,0.000000));
#15643=VECTOR('',#15642,2.000000);
#15644=LINE('',#15559,#15643);
#15645=EDGE_CURVE('',#15560,#15562,#15644,.T.);
#15646=ORIENTED_EDGE('',*,*,#15645,.T.);
#15647=DIRECTION('',(0.000000,0.000000,-1.000000));
#15648=VECTOR('',#15647,1.300000);
#15649=LINE('',#15561,#15648);
#15650=EDGE_CURVE('',#15562,#15556,#15649,.T.);
#15651=ORIENTED_EDGE('',*,*,#15650,.T.);
#15652=EDGE_LOOP('',(#15641,#15646,#15651));
#15653=FACE_OUTER_BOUND('',#15652,.T.);
#15654=ADVANCED_FACE('',(#15653),#15636,.T.);
#15655=CARTESIAN_POINT('',(68.000000,-17.000000,22.200000));
#15656=DIRECTION('',(0.000000,-1.000000,0.000000));
#15657=DIRECTION('',(1.000000,0.000000,0.000000));
#15658=AXIS2_PLACEMENT_3D('',#15655,#15656,#15657);
#15659=PLANE('',#15658);
#15660=DIRECTION('',(0.000000,0.000000,1.000000));
#15661=VECTOR('',#15660,1.300000);
#15662=LINE('',#15555,#15661);
#15663=EDGE_CURVE('',#15556,#15562,#15662,.T.);
#15664=ORIENTED_EDGE('',*,*,#15663,.T.);
#15665=DIRECTION('',(-1.000000,0.000000,0.000000));
#15666=VECTOR('',#15665,88.000000);
#15667=LINE('',#15561,#15666);
#15668=EDGE_CURVE('',#15562,#15554,#15667,.T.);
#15669=ORIENTED_EDGE('',*,*,#15668,.T.);
#15670=DIRECTION('',(0.999891,0.000000,-0.014771));
#15671=VECTOR('',#15670,88.009602);
#15672=LINE('',#15553,#15671);
#15673=EDGE_CURVE('',#15554,#15556,#15672,.T.);
#15674=ORIENTED_EDGE('',*,*,#15673,.T.);
#15675=EDGE_LOOP('',(#15664,#15669,#15674));
#15676=FACE_OUTER_BOUND('',#15675,.T.);
#15677=ADVANCED_FACE('',(#15676),#15659,.T.);
#15678=CARTESIAN_POINT('',(68.000000,-17.000000,22.200000));
#15679=DIRECTION('',(0.000000,-1.000000,0.000000));
#15680=DIRECTION('',(1.000000,0.000000,0.000000));
#15681=AXIS2_PLACEMENT_3D('',#15678,#15679,#15680);
#15682=PLANE('',#15681);
#15683=DIRECTION('',(-0.999891,0.000000,0.014771));
#15684=VECTOR('',#15683,88.009602);
#15685=LINE('',#15555,#15684);
#15686=EDGE_CURVE('',#15556,#15554,#15685,.T.);
#15687=ORIENTED_EDGE('',*,*,#15686,.T.);
#15688=DIRECTION('',(0.000000,0.000000,-1.000000));
#15689=VECTOR('',#15688,1.300000);
#15690=LINE('',#15553,#15689);
#15691=EDGE_CURVE('',#15554,#15548,#15690,.T.);
#15692=ORIENTED_EDGE('',*,*,#15691,.T.);
#15693=DIRECTION('',(1.000000,0.000000,0.000000));
#15694=VECTOR('',#15693,88.000000);
#15695=LINE('',#15547,#15694);
#15696=EDGE_CURVE('',#15548,#15556,#15695,.T.);
#15697=ORIENTED_EDGE('',*,*,#15696,.T.);
#15698=EDGE_LOOP('',(#15687,#15692,#15697));
#15699=FACE_OUTER_BOUND('',#15698,.T.);
#15700=ADVANCED_FACE('',(#15699),#15682,.T.);
#15701=CARTESIAN_POINT('',(-20.000000,-15.000000,22.200000));
#15702=DIRECTION('',(0.000000,1.000000,0.000000));
#15703=DIRECTION('',(1.000000,0.000000,0.000000));
#15704=AXIS2_PLACEMENT_3D('',#15701,#15702,#15703);
#15705=PLANE('',#15704);
#15706=DIRECTION('',(0.000000,0.000000,1.000000));
#15707=VECTOR('',#15706,1.300000);
#15708=LINE('',#15549,#15707);
#15709=EDGE_CURVE('',#15550,#15552,#15708,.T.);
#15710=ORIENTED_EDGE('',*,*,#15709,.T.);
#15711=DIRECTION('',(1.000000,0.000000,0.000000));
#15712=VECTOR('',#15711,88.000000);
#15713=LINE('',#15551,#15712);
#15714=EDGE_CURVE('',#15552,#15560,#15713,.T.);
#15715=ORIENTED_EDGE('',*,*,#15714,.T.);
#15716=DIRECTION('',(-0.999891,0.000000,-0.014771));
#15717=VECTOR('',#15716,88.009602);
#15718=LINE('',#15559,#15717);
#15719=EDGE_CURVE('',#15560,#15550,#15718,.T.);
#15720=ORIENTED_EDGE('',*,*,#15719,.T.);
#15721=EDGE_LOOP('',(#15710,#15715,#15720));
#15722=FACE_OUTER_BOUND('',#15721,.T.);
#15723=ADVANCED_FACE('',(#15722),#15705,.T.);
#15724=CARTESIAN_POINT('',(-20.000000,-15.000000,22.200000));
#15725=DIRECTION('',(0.000000,1.000000,0.000000));
#15726=DIRECTION('',(1.000000,0.000000,0.000000));
#15727=AXIS2_PLACEMENT_3D('',#15724,#15725,#15726);
#15728=PLANE('',#15727);
#15729=DIRECTION('',(0.999891,0.000000,0.014771));
#15730=VECTOR('',#15729,88.009602);
#15731=LINE('',#15549,#15730);
#15732=EDGE_CURVE('',#15550,#15560,#15731,.T.);
#15733=ORIENTED_EDGE('',*,*,#15732,.T.);
#15734=DIRECTION('',(0.000000,0.000000,-1.000000));
#15735=VECTOR('',#15734,1.300000);
#15736=LINE('',#15559,#15735);
#15737=EDGE_CURVE('',#15560,#15558,#15736,.T.);
#15738=ORIENTED_EDGE('',*,*,#15737,.T.);
#15739=DIRECTION('',(-1.000000,0.000000,0.000000));
#15740=VECTOR('',#15739,88.000000);
#15741=LINE('',#15557,#15740);
#15742=EDGE_CURVE('',#15558,#15550,#15741,.T.);
#15743=ORIENTED_EDGE('',*,*,#15742,.T.);
#15744=EDGE_LOOP('',(#15733,#15738,#15743));
#15745=FACE_OUTER_BOUND('',#15744,.T.);
#15746=ADVANCED_FACE('',(#15745),#15728,.T.);
#15747=CARTESIAN_POINT('',(-20.000000,-15.000000,22.200000));
#15748=DIRECTION('',(0.000000,0.000000,-1.000000));
#15749=DIRECTION('',(1.000000,0.000000,0.000000));
#15750=AXIS2_PLACEMENT_3D('',#15747,#15748,#15749);
#15751=PLANE('',#15750);
#15752=DIRECTION('',(1.000000,0.000000,0.000000));
#15753=VECTOR('',#15752,88.000000);
#15754=LINE('',#15549,#15753);
#15755=EDGE_CURVE('',#15550,#15558,#15754,.T.);
#15756=ORIENTED_EDGE('',*,*,#15755,.T.);
#15757=DIRECTION('',(0.000000,-1.000000,0.000000));
#15758=VECTOR('',#15757,2.000000);
#15759=LINE('',#15557,#15758);
#15760=EDGE_CURVE('',#15558,#15556,#15759,.T.);
#15761=ORIENTED_EDGE('',*,*,#15760,.T.);
#15762=DIRECTION('',(-0.999742,0.022721,0.000000));
#15763=VECTOR('',#15762,88.022724);
#15764=LINE('',#15555,#15763);
#15765=EDGE_CURVE('',#15556,#15550,#15764,.T.);
#15766=ORIENTED_EDGE('',*,*,#15765,.T.);
#15767=EDGE_LOOP('',(#15756,#15761,#15766));
#15768=FACE_OUTER_BOUND('',#15767,.T.);
#15769=ADVANCED_FACE('',(#15768),#15751,.T.);
#15770=CARTESIAN_POINT('',(-20.000000,-15.000000,22.200000));
#15771=DIRECTION('',(0.000000,0.000000,-1.000000));
#15772=DIRECTION('',(1.000000,0.000000,0.000000));
#15773=AXIS2_PLACEMENT_3D('',#15770,#15771,#15772);
#15774=PLANE('',#15773);
#15775=DIRECTION('',(0.999742,-0.022721,0.000000));
#15776=VECTOR('',#15775,88.022724);
#15777=LINE('',#15549,#15776);
#15778=EDGE_CURVE('',#15550,#15556,#15777,.T.);
#15779=ORIENTED_EDGE('',*,*,#15778,.T.);
#15780=DIRECTION('',(-1.000000,0.000000,0.000000));
#15781=VECTOR('',#15780,88.000000);
#15782=LINE('',#15555,#15781);
#15783=EDGE_CURVE('',#15556,#15548,#15782,.T.);
#15784=ORIENTED_EDGE('',*,*,#15783,.T.);
#15785=DIRECTION('',(0.000000,1.000000,0.000000));
#15786=VECTOR('',#15785,2.000000);
#15787=LINE('',#15547,#15786);
#15788=EDGE_CURVE('',#15548,#15550,#15787,.T.);
#15789=ORIENTED_EDGE('',*,*,#15788,.T.);
#15790=EDGE_LOOP('',(#15779,#15784,#15789));
#15791=FACE_OUTER_BOUND('',#15790,.T.);
#15792=ADVANCED_FACE('',(#15791),#15774,.T.);
#15793=CARTESIAN_POINT('',(-20.000000,-17.000000,23.500000));
#15794=DIRECTION('',(0.000000,0.000000,1.000000));
#15795=DIRECTION('',(1.000000,0.000000,0.000000));
#15796=AXIS2_PLACEMENT_3D('',#15793,#15794,#15795);
#15797=PLANE('',#15796);
#15798=DIRECTION('',(1.000000,0.000000,0.000000));
#15799=VECTOR('',#15798,88.000000);
#15800=LINE('',#15553,#15799);
#15801=EDGE_CURVE('',#15554,#15562,#15800,.T.);
#15802=ORIENTED_EDGE('',*,*,#15801,.T.);
#15803=DIRECTION('',(0.000000,1.000000,0.000000));
#15804=VECTOR('',#15803,2.000000);
#15805=LINE('',#15561,#15804);
#15806=EDGE_CURVE('',#15562,#15560,#15805,.T.);
#15807=ORIENTED_EDGE('',*,*,#15806,.T.);
#15808=DIRECTION('',(-0.999742,-0.022721,0.000000));
#15809=VECTOR('',#15808,88.022724);
#15810=LINE('',#15559,#15809);
#15811=EDGE_CURVE('',#15560,#15554,#15810,.T.);
#15812=ORIENTED_EDGE('',*,*,#15811,.T.);
#15813=EDGE_LOOP('',(#15802,#15807,#15812));
#15814=FACE_OUTER_BOUND('',#15813,.T.);
#15815=ADVANCED_FACE('',(#15814),#15797,.T.);
#15816=CARTESIAN_POINT('',(-20.000000,-17.000000,23.500000));
#15817=DIRECTION('',(0.000000,0.000000,1.000000));
#15818=DIRECTION('',(1.000000,0.000000,0.000000));
#15819=AXIS2_PLACEMENT_3D('',#15816,#15817,#15818);
#15820=PLANE('',#15819);
#15821=DIRECTION('',(0.999742,0.022721,0.000000));
#15822=VECTOR('',#15821,88.022724);
#15823=LINE('',#15553,#15822);
#15824=EDGE_CURVE('',#15554,#15560,#15823,.T.);
#15825=ORIENTED_EDGE('',*,*,#15824,.T.);
#15826=DIRECTION('',(-1.000000,0.000000,0.000000));
#15827=VECTOR('',#15826,88.000000);
#15828=LINE('',#15559,#15827);
#15829=EDGE_CURVE('',#15560,#15552,#15828,.T.);
#15830=ORIENTED_EDGE('',*,*,#15829,.T.);
#15831=DIRECTION('',(0.000000,-1.000000,0.000000));
#15832=VECTOR('',#15831,2.000000);
#15833=LINE('',#15551,#15832);
#15834=EDGE_CURVE('',#15552,#15554,#15833,.T.);
#15835=ORIENTED_EDGE('',*,*,#15834,.T.);
#15836=EDGE_LOOP('',(#15825,#15830,#15835));
#15837=FACE_OUTER_BOUND('',#15836,.T.);
#15838=ADVANCED_FACE('',(#15837),#15820,.T.);
#15839=CLOSED_SHELL('',(#15585,#15608,#15631,#15654,#15677,#15700,#15723,#15746,#15769,#15792,#15815,#15838));
#15840=FACETED_BREP('x_scale',#15839);
#15841=SHAPE_REPRESENTATION('iphone15_g0',(#306,#600,#894,#2436,#4362,#6288,#6582,#6876,#7170,#7464,#7758,#8052,#8346,#8640,#8934,#9228,#9522,#9816,#10110,#10404,#10698,#12240,#12534,#12828,#13122,#13416,#13710,#14004,#15546,#15840),#12);
#15842=SHAPE_DEFINITION_REPRESENTATION(#7,#15841);
ENDSEC;
END-ISO-10303-21;
